{"type":"FeatureCollection","features":[{"id":"feature_00","type":"Feature","properties":{"gid":"TZA.1_1","name":"Arusha","addo_count":231},"geometry":{"type":"MultiPolygon","coordinates":[[[[36.5384,-3.7273],[36.5492,-3.712],[36.5633,-3.7165],[36.6031,-3.6922],[36.6178,-3.6725],[36.6186,-3.649],[36.6605,-3.6308],[36.6668,-3.6139],[36.7025,-3.6115],[36.6908,-3.593],[36.7159,-3.5534],[36.7694,-3.6008],[36.8031,-3.6556],[36.8368,-3.6491],[36.8618,-3.5859],[36.8856,-3.5843],[36.8934,-3.598],[36.9203,-3.5707],[36.9662,-3.5728],[36.9833,-3.5407],[37.021,-3.5026],[37.0613,-3.493],[37.0617,-3.4791],[37.055,-3.3733],[37.064,-3.3696],[37.0651,-3.3572],[37.0452,-3.2971],[37.0459,-3.2784],[37.0302,-3.2575],[36.9974,-3.2548],[36.9974,-3.2314],[36.9807,-3.2305],[36.9802,-3.2095],[36.9408,-3.2078],[36.9358,-3.1842],[36.9093,-3.1875],[36.9089,-3.1665],[36.8904,-3.1353],[36.9047,-3.1198],[36.9353,-3.0424],[36.9324,-2.9969],[36.9351,-2.9846],[36.9801,-2.9749],[36.993,-2.9802],[37.0355,-2.9634],[37.0374,-2.9503],[37.0637,-2.9381],[37.0971,-2.8855],[37.1265,-2.8601],[37.2515,-2.852],[37.3653,-2.8809],[37.4096,-2.9053],[37.4302,-2.9089],[36.4981,-2.3879],[36.2513,-2.2659],[36.2035,-2.2275],[35.9962,-2.1026],[35.4393,-1.7882],[35.2567,-1.6937],[35.2113,-2.069],[35.2666,-2.3025],[35.2667,-2.3579],[35.161,-2.394],[35.2072,-2.4876],[35.2242,-2.4994],[35.184,-2.7297],[35.1385,-2.9081],[35.0652,-2.9479],[35.0504,-2.963],[35.0054,-2.9783],[35.0123,-3.0018],[34.9877,-3.0025],[34.9879,-2.9908],[34.8825,-2.9067],[34.8903,-3.7373],[34.7965,-3.7926],[34.75,-3.8079],[34.7513,-3.8151],[34.7522,-3.9054],[34.7693,-3.9421],[34.8115,-3.9464],[34.8404,-3.9345],[34.8678,-3.9052],[34.8922,-3.9088],[34.9103,-3.8983],[34.9838,-3.8633],[35.0005,-3.8652],[35.01,-3.8741],[35.0718,-3.8366],[35.1408,-3.8036],[35.2929,-3.6897],[35.3293,-3.6909],[35.386,-3.6172],[35.4656,-3.6617],[35.5237,-3.6787],[35.5407,-3.692],[35.6249,-3.6979],[35.592,-3.7753],[35.6797,-3.7665],[35.7134,-3.6315],[35.716,-3.5569],[35.7443,-3.5731],[35.7618,-3.5604],[35.7786,-3.5613],[35.8731,-3.6258],[35.8818,-3.6436],[35.9423,-3.6372],[35.9692,-3.6592],[35.9812,-3.6566],[36.1492,-3.8711],[36.2825,-4.1505],[36.2986,-4.1448],[36.2958,-3.8437],[36.2986,-3.8054],[36.3428,-3.8034],[36.4818,-3.7818],[36.4896,-3.771],[36.5038,-3.7552],[36.5339,-3.7309],[36.5384,-3.7273]]]]}},{"id":"feature_01","type":"Feature","properties":{"gid":"TZA.2_1","name":"Dar es Salaam","addo_count":220},"geometry":{"type":"MultiPolygon","coordinates":[[[[39.4985,-7.1887],[39.4965,-7.1901],[39.5038,-7.191],[39.5029,-7.1887],[39.4985,-7.1887]]],[[[39.5232,-7.1476],[39.5235,-7.146],[39.5226,-7.1451],[39.521,-7.1487],[39.5232,-7.1476]]],[[[39.4442,-7.1811],[39.4879,-7.1654],[39.4965,-7.1854],[39.5079,-7.1879],[39.5215,-7.1699],[39.5151,-7.1574],[39.5243,-7.1315],[39.539,-7.1229],[39.5507,-7.1349],[39.5563,-7.1299],[39.5404,-7.0804],[39.5485,-7.0712],[39.5474,-6.9887],[39.5329,-6.9862],[39.5199,-6.9693],[39.5032,-6.9354],[39.4957,-6.8943],[39.4837,-6.8849],[39.4771,-6.8654],[39.4715,-6.8732],[39.449,-6.864],[39.4304,-6.8674],[39.406,-6.8615],[39.3913,-6.8479],[39.3737,-6.8563],[39.3576,-6.849],[39.3493,-6.831],[39.3129,-6.8143],[39.2951,-6.8257],[39.3063,-6.8526],[39.2976,-6.8696],[39.2865,-6.8696],[39.3001,-6.8535],[39.2971,-6.8454],[39.3032,-6.8474],[39.2854,-6.8274],[39.3007,-6.8176],[39.2804,-6.7932],[39.2871,-6.7882],[39.2844,-6.7379],[39.2754,-6.7324],[39.2679,-6.7599],[39.2449,-6.7507],[39.2207,-6.6671],[39.204,-6.641],[39.1935,-6.6263],[39.1862,-6.6313],[39.1765,-6.6249],[39.1524,-6.5804],[39.1215,-6.5662],[39.1054,-6.5908],[39.0807,-6.6029],[39.0688,-6.6571],[39.0601,-6.6659],[39.0604,-6.7211],[39.0198,-6.7739],[39.0114,-6.7804],[39.0124,-6.7832],[39.0072,-6.7906],[39.0355,-6.7919],[39.0541,-6.7901],[39.0514,-6.8094],[39.06,-6.8274],[39.0543,-6.8429],[39.0713,-6.8677],[39.1188,-6.88],[39.1065,-6.8975],[39.1088,-6.9151],[39.0881,-6.9231],[39.0941,-6.9334],[39.0877,-6.93],[39.0762,-6.9598],[39.0596,-6.9731],[39.0745,-6.9796],[39.0592,-6.9998],[39.0652,-7.014],[39.0509,-7.0283],[39.0231,-7.0233],[39.0241,-7.0365],[39.0302,-7.0465],[39.0391,-7.0499],[39.0686,-7.0313],[39.0697,-7.0574],[39.0822,-7.0678],[39.0876,-7.0635],[39.1131,-7.0731],[39.1083,-7.0867],[39.1151,-7.0939],[39.1343,-7.0732],[39.14,-7.0432],[39.158,-7.0169],[39.159,-7.0187],[39.1744,-7.011],[39.1702,-6.9951],[39.1828,-6.9948],[39.1924,-6.9823],[39.2206,-6.9943],[39.2399,-6.9549],[39.2697,-6.9438],[39.2778,-6.9577],[39.2986,-6.9482],[39.3142,-6.96],[39.3138,-6.9529],[39.3276,-6.948],[39.3599,-6.97],[39.3849,-6.968],[39.3849,-6.9967],[39.4012,-6.9985],[39.4056,-7.0096],[39.4,-7.0438],[39.41,-7.0653],[39.393,-7.0857],[39.4062,-7.094],[39.4177,-7.1256],[39.4032,-7.1442],[39.4071,-7.169],[39.422,-7.1518],[39.4334,-7.1556],[39.4352,-7.1681],[39.4515,-7.1565],[39.4442,-7.1811]]],[[[39.9287,-6.9032],[39.9265,-6.9021],[39.9254,-6.9037],[39.9279,-6.9062],[39.9287,-6.9032]]],[[[39.2912,-6.8226],[39.2907,-6.8212],[39.2885,-6.8229],[39.291,-6.8232],[39.2912,-6.8226]]],[[[39.396,-6.824],[39.3932,-6.8218],[39.3926,-6.8285],[39.396,-6.8274],[39.396,-6.824]]],[[[39.3546,-6.8176],[39.3524,-6.8163],[39.3521,-6.824],[39.3568,-6.8226],[39.3546,-6.8176]]],[[[39.401,-6.8143],[39.3974,-6.8129],[39.4032,-6.821],[39.404,-6.8174],[39.401,-6.8143]]],[[[39.3324,-6.7971],[39.3301,-6.796],[39.3299,-6.8015],[39.3338,-6.801],[39.3324,-6.7971]]],[[[39.2626,-6.6915],[39.2588,-6.6962],[39.2765,-6.7107],[39.2768,-6.7085],[39.2626,-6.6915]]],[[[39.251,-6.6512],[39.2449,-6.6565],[39.2546,-6.6629],[39.2546,-6.6582],[39.251,-6.6512]]],[[[39.2407,-6.6751],[39.2404,-6.674],[39.2368,-6.6735],[39.2393,-6.6768],[39.2407,-6.6751]]]]}},{"id":"feature_02","type":"Feature","properties":{"gid":"TZA.3_1","name":"Dodoma","addo_count":235},"geometry":{"type":"MultiPolygon","coordinates":[[[[36.5173,-7.2448],[36.5118,-7.2357],[36.5043,-7.1919],[36.5126,-7.1786],[36.5132,-7.1718],[36.5106,-7.171],[36.5153,-7.1585],[36.5357,-7.1305],[36.5483,-7.0925],[36.5645,-7.0627],[36.5664,-7.0547],[36.596,-7.0409],[36.6487,-7.0268],[36.6483,-6.9512],[36.6374,-6.9244],[36.6457,-6.8877],[36.6368,-6.8514],[36.6436,-6.8332],[36.637,-6.8037],[36.6456,-6.7691],[36.6317,-6.7399],[36.6641,-6.7073],[36.6719,-6.6702],[36.7104,-6.6267],[36.7286,-6.5728],[36.7495,-6.5592],[36.7455,-6.5004],[36.7225,-6.494],[36.7261,-6.4607],[36.7646,-6.4185],[36.8002,-6.4056],[36.8502,-6.3588],[36.8497,-6.2651],[36.817,-6.0566],[36.8689,-6.0099],[36.9416,-5.9757],[36.9648,-5.9274],[36.9246,-5.929],[36.8549,-5.9535],[36.8298,-5.9414],[36.7948,-5.9385],[36.7158,-5.9463],[36.7092,-5.9206],[36.6769,-5.8649],[36.6485,-5.8317],[36.6007,-5.7996],[36.5786,-5.7458],[36.5344,-5.7285],[36.5136,-5.6921],[36.4319,-5.6701],[36.4412,-5.6613],[36.4426,-5.6439],[36.4207,-5.6241],[36.4184,-5.6039],[36.3049,-5.5185],[36.2586,-5.4644],[36.2472,-5.4109],[36.2989,-5.4179],[36.294,-5.3024],[36.2741,-5.2329],[36.3007,-5.2076],[36.2704,-5.1993],[36.2931,-5.1719],[36.3245,-5.0911],[36.3138,-5.0106],[36.3384,-4.8809],[36.3374,-4.8477],[36.3073,-4.8076],[36.2882,-4.5896],[36.3086,-4.5225],[36.3276,-4.5023],[36.3202,-4.4802],[36.3462,-4.4375],[36.2505,-4.4149],[36.1541,-4.4033],[36.0007,-4.397],[35.903,-4.3502],[35.8442,-4.3356],[35.8185,-4.3151],[35.8121,-4.3612],[35.8176,-4.3906],[35.7644,-4.4068],[35.7468,-4.4225],[35.7443,-4.4362],[35.6837,-4.4835],[35.6606,-4.4918],[35.6524,-4.5111],[35.6598,-4.5383],[35.6536,-4.5548],[35.6656,-4.5815],[35.6519,-4.6113],[35.6141,-4.6586],[35.6071,-4.6933],[35.5388,-4.7405],[35.5067,-4.8195],[35.488,-4.8418],[35.4141,-4.8699],[35.4033,-4.862],[35.3741,-4.8666],[35.3509,-4.8584],[35.319,-4.9299],[35.2812,-4.9803],[35.2303,-5.0026],[35.1895,-5.042],[35.1693,-5.0382],[35.1174,-5.1078],[35.0662,-5.1339],[35.0689,-5.1564],[35.0937,-5.1778],[35.0908,-5.2692],[35.1106,-5.3018],[35.1154,-5.3299],[35.1278,-5.3435],[35.1249,-5.3755],[35.1384,-5.4132],[35.1488,-5.4164],[35.1532,-5.4351],[35.1875,-5.4597],[35.1984,-5.481],[35.1999,-5.5096],[35.2123,-5.5262],[35.2418,-5.5417],[35.2521,-5.5595],[35.2536,-5.5864],[35.2703,-5.6051],[35.2924,-5.6105],[35.3171,-5.6316],[35.3379,-5.6587],[35.3572,-5.672],[35.3509,-5.672],[35.3356,-5.7174],[35.3127,-5.7391],[35.2929,-5.7419],[35.2925,-5.7528],[35.2791,-5.7617],[35.2792,-5.7741],[35.2711,-5.7797],[35.2593,-5.8413],[35.2415,-5.8668],[35.2251,-5.9413],[35.2118,-5.9627],[35.207,-6.1045],[35.1666,-6.1889],[35.1646,-6.2087],[35.1709,-6.2385],[35.1852,-6.2525],[35.2016,-6.2587],[35.2188,-6.3465],[35.2291,-6.3574],[35.2309,-6.3709],[35.2443,-6.3831],[35.244,-6.4354],[35.2397,-6.444],[35.21,-6.4567],[35.202,-6.4645],[35.2292,-6.523],[35.2055,-6.5614],[35.2009,-6.6211],[35.1847,-6.658],[35.201,-6.7245],[35.0952,-6.7458],[35.0538,-6.7167],[35.0733,-6.7694],[35.0827,-6.8604],[35.0836,-6.9261],[35.0895,-6.9317],[35.1232,-6.9502],[35.1695,-6.9814],[35.2065,-6.9815],[35.2417,-6.9966],[35.2541,-6.9806],[35.2738,-6.9736],[35.3042,-6.9367],[35.4439,-6.9326],[35.4676,-6.9517],[35.4953,-6.95],[35.513,-6.9875],[35.5243,-7.0001],[35.5409,-7.0042],[35.5416,-7.015],[35.5808,-7.0048],[35.6005,-7.0245],[35.6501,-7.032],[35.6823,-7.061],[35.7041,-7.0716],[35.7107,-7.0674],[35.7364,-7.085],[35.7791,-7.0945],[35.7951,-7.089],[35.7958,-7.0958],[35.8176,-7.0894],[35.8163,-7.0958],[35.8247,-7.0981],[35.8508,-7.0855],[35.8804,-7.0949],[35.8951,-7.1098],[35.9107,-7.1052],[35.926,-7.1152],[35.958,-7.1191],[35.98,-7.1369],[36.0508,-7.1197],[36.0741,-7.1337],[36.0961,-7.1258],[36.145,-7.1346],[36.1509,-7.1471],[36.169,-7.1552],[36.1917,-7.1479],[36.2013,-7.1707],[36.2499,-7.1758],[36.2793,-7.2329],[36.3022,-7.2448],[36.3229,-7.286],[36.3151,-7.3029],[36.3173,-7.3212],[36.3308,-7.3366],[36.3958,-7.3147],[36.3994,-7.3233],[36.4355,-7.3418],[36.4693,-7.3512],[36.4797,-7.3638],[36.4822,-7.3794],[36.534,-7.3337],[36.5302,-7.2856],[36.5184,-7.2693],[36.5173,-7.2448]]]]}},{"id":"feature_03","type":"Feature","properties":{"gid":"TZA.4_1","name":"Geita","addo_count":195},"geometry":{"type":"MultiPolygon","coordinates":[[[[31.9876,-3.7458],[32.0183,-3.7561],[32.0641,-3.7823],[32.0881,-3.7867],[32.1246,-3.7741],[32.1585,-3.7452],[32.1749,-3.7694],[32.191,-3.7748],[32.2198,-3.7328],[32.2836,-3.7774],[32.3671,-3.816],[32.37,-3.7216],[32.3989,-3.7183],[32.4162,-3.6541],[32.3952,-3.5971],[32.3642,-3.6166],[32.317,-3.6288],[32.3141,-3.5935],[32.3027,-3.5724],[32.3309,-3.52],[32.3306,-3.4718],[32.3222,-3.4596],[32.3249,-3.4403],[32.308,-3.4116],[32.3151,-3.3712],[32.3048,-3.3378],[32.3073,-3.3133],[32.3482,-3.3294],[32.361,-3.2827],[32.3779,-3.2598],[32.4,-3.2629],[32.4294,-3.227],[32.4591,-3.2229],[32.4831,-3.2025],[32.5095,-3.1978],[32.53,-3.2074],[32.5452,-3.3017],[32.5269,-3.3555],[32.5026,-3.3938],[32.566,-3.4055],[32.5972,-3.4261],[32.6973,-3.4596],[32.6991,-3.3935],[32.6834,-3.3637],[32.6854,-3.3258],[32.7331,-3.3154],[32.7757,-3.2521],[32.7865,-3.224],[32.7818,-3.1981],[32.7934,-3.1689],[32.7832,-3.1545],[32.7709,-3.1278],[32.7712,-3.0996],[32.7845,-3.0671],[32.7823,-3.0492],[32.7658,-3.0335],[32.767,-3.0095],[32.777,-2.9954],[32.7633,-2.9987],[32.7616,-2.991],[32.7516,-3.0035],[32.7228,-3.0114],[32.6848,-2.9918],[32.6167,-2.9393],[32.5801,-2.9324],[32.578,-2.8681],[32.5424,-2.8223],[32.5559,-2.8016],[32.5099,-2.7836],[32.4513,-2.7793],[32.4292,-2.7704],[32.4052,-2.7369],[32.4226,-2.682],[32.4471,-2.6754],[32.4562,-2.6647],[32.5186,-2.6586],[32.5211,-2.6447],[32.5143,-2.6291],[32.4911,-2.6304],[32.3532,-2.605],[32.2694,-2.6077],[32.2647,-2.5764],[32.24,-2.5489],[32.2257,-2.5445],[32.2114,-2.5021],[32.1899,-2.5073],[32.1899,-2.5224],[32.1592,-2.5225],[32.093,-2.4911],[31.9922,-2.3863],[31.9755,-2.3767],[31.9311,-2.3735],[31.9384,-2.3172],[31.8417,-2.1719],[31.6725,-2.3061],[31.6655,-2.3338],[31.6409,-2.3671],[31.6404,-2.3794],[31.6506,-2.3771],[31.6564,-2.3909],[31.6246,-2.4074],[31.6088,-2.4067],[31.6307,-2.4537],[31.6096,-2.4603],[31.5984,-2.5126],[31.562,-2.5184],[31.5462,-2.541],[31.5291,-2.5425],[31.5149,-2.5301],[31.5005,-2.5342],[31.4953,-2.5472],[31.4562,-2.5493],[31.4443,-2.5574],[31.4164,-2.5914],[31.4071,-2.6109],[31.407,-2.6464],[31.4084,-2.6679],[31.4224,-2.6802],[31.4475,-2.6861],[31.4484,-2.7116],[31.4652,-2.7242],[31.4846,-2.7014],[31.5035,-2.7224],[31.5208,-2.7267],[31.5365,-2.7135],[31.5679,-2.7116],[31.5728,-2.7284],[31.55,-2.7294],[31.5528,-2.749],[31.5623,-2.7577],[31.6158,-2.7689],[31.6194,-2.7589],[31.6584,-2.7611],[31.6773,-2.7465],[31.685,-2.7641],[31.7105,-2.783],[31.7218,-2.7886],[31.7221,-2.7981],[31.7211,-2.8185],[31.7004,-2.8253],[31.6741,-2.8488],[31.6422,-2.8489],[31.593,-2.8634],[31.5732,-2.916],[31.5743,-2.9467],[31.5575,-2.9395],[31.5451,-2.9184],[31.5025,-2.8853],[31.4759,-2.9021],[31.4782,-2.9204],[31.4628,-2.9416],[31.4645,-2.9658],[31.5554,-3.1374],[31.5625,-3.1807],[31.5561,-3.2454],[31.4806,-3.2907],[31.4615,-3.3164],[31.4565,-3.3062],[31.4355,-3.2989],[31.4032,-3.3185],[31.333,-3.3205],[31.2985,-3.3087],[31.2713,-3.2879],[31.2515,-3.2862],[31.2206,-3.3008],[31.1532,-3.3621],[31.1516,-3.3802],[31.1705,-3.4026],[31.1656,-3.4049],[31.1728,-3.4177],[31.1923,-3.4245],[31.1943,-3.4526],[31.2131,-3.4756],[31.213,-3.4922],[31.1973,-3.5095],[31.2142,-3.531],[31.2103,-3.5616],[31.2189,-3.5807],[31.2122,-3.5841],[31.2124,-3.6279],[31.2243,-3.6487],[31.229,-3.6878],[31.2493,-3.7109],[31.2948,-3.7336],[31.3164,-3.7733],[31.3178,-3.8003],[31.3365,-3.8229],[31.3484,-3.861],[31.3665,-3.9491],[31.3792,-3.9674],[31.375,-4.0142],[31.3811,-4.0222],[31.3673,-4.0437],[31.3582,-4.0424],[31.3615,-4.063],[31.3473,-4.0638],[31.3448,-4.1046],[31.329,-4.1446],[31.3481,-4.1765],[31.348,-4.2265],[31.3693,-4.2387],[31.3633,-4.247],[31.3694,-4.2489],[31.3647,-4.2943],[31.396,-4.3197],[31.3995,-4.3434],[31.4186,-4.3696],[31.4135,-4.3838],[31.4222,-4.3946],[31.416,-4.4066],[31.4188,-4.4376],[31.428,-4.4622],[31.4266,-4.4683],[31.4375,-4.4707],[31.4464,-4.4597],[31.4632,-4.463],[31.4963,-4.4315],[31.5001,-4.4136],[31.5818,-4.4314],[31.6237,-4.4235],[31.6655,-4.3537],[31.6729,-4.3247],[31.6586,-4.3026],[31.6564,-4.28],[31.6666,-4.2803],[31.6723,-4.2708],[31.6806,-4.2548],[31.6701,-4.2446],[31.6835,-4.2252],[31.669,-4.1559],[31.6439,-4.1482],[31.6354,-4.137],[31.6545,-4.117],[31.6494,-4.1026],[31.6609,-4.0752],[31.6812,-4.0625],[31.6856,-4.0452],[31.6948,-4.0329],[31.6923,-4.022],[31.6997,-3.9962],[31.7124,-3.9794],[31.746,-3.9731],[31.7713,-3.9567],[31.797,-3.96],[31.8327,-3.9492],[31.8366,-3.9236],[31.8672,-3.8799],[31.8634,-3.8659],[31.8819,-3.8318],[31.877,-3.7867],[31.9876,-3.7458]]]]}},{"id":"feature_04","type":"Feature","properties":{"gid":"TZA.5_1","name":"Iringa","addo_count":235},"geometry":{"type":"MultiPolygon","coordinates":[[[[35.5672,-8.6877],[35.594,-8.6895],[35.5949,-8.6922],[35.6024,-8.7027],[35.616,-8.7308],[35.6296,-8.7543],[35.646,-8.7708],[35.6652,-8.7424],[35.7001,-8.7637],[35.6929,-8.7444],[35.6935,-8.6881],[35.7128,-8.6737],[35.69,-8.6655],[35.8502,-8.5676],[35.8726,-8.541],[35.8893,-8.4608],[35.8991,-8.4488],[35.9165,-8.4377],[35.9569,-8.4308],[36.0229,-8.3576],[36.1072,-8.2897],[36.1411,-8.2318],[36.1678,-8.2021],[36.3022,-8.0856],[36.4642,-7.9817],[36.4648,-8.0286],[36.7123,-8.0258],[36.7024,-8.0118],[36.7023,-7.981],[36.8349,-7.7781],[36.8313,-7.7382],[36.8456,-7.649],[36.7892,-7.6485],[36.7818,-7.644],[36.7913,-7.5964],[36.6934,-7.5793],[36.6442,-7.5299],[36.5982,-7.5324],[36.5824,-7.5152],[36.5287,-7.5237],[36.5188,-7.48],[36.5102,-7.4705],[36.5029,-7.4335],[36.4879,-7.4122],[36.4796,-7.4121],[36.482,-7.3937],[36.4797,-7.3638],[36.4693,-7.3512],[36.4355,-7.3418],[36.3994,-7.3233],[36.3958,-7.3147],[36.3308,-7.3366],[36.3173,-7.3212],[36.3151,-7.3029],[36.3229,-7.286],[36.3022,-7.2448],[36.2793,-7.2329],[36.2499,-7.1758],[36.2013,-7.1707],[36.1917,-7.1479],[36.169,-7.1552],[36.1509,-7.1471],[36.145,-7.1346],[36.0961,-7.1258],[36.0741,-7.1337],[36.0508,-7.1197],[35.98,-7.1369],[35.958,-7.1191],[35.926,-7.1152],[35.9107,-7.1052],[35.8951,-7.1098],[35.8804,-7.0949],[35.8508,-7.0855],[35.8247,-7.0981],[35.8163,-7.0958],[35.8176,-7.0894],[35.7958,-7.0958],[35.7951,-7.089],[35.7791,-7.0945],[35.7364,-7.085],[35.7107,-7.0674],[35.7041,-7.0716],[35.6823,-7.061],[35.6501,-7.032],[35.6005,-7.0245],[35.5808,-7.0048],[35.5416,-7.015],[35.5409,-7.0042],[35.5243,-7.0001],[35.513,-6.9875],[35.4953,-6.95],[35.4676,-6.9517],[35.4439,-6.9326],[35.3042,-6.9367],[35.2738,-6.9736],[35.2541,-6.9806],[35.2417,-6.9966],[35.2065,-6.9815],[35.1695,-6.9814],[35.1232,-6.9502],[35.0895,-6.9317],[35.0836,-6.9261],[35.0371,-6.9112],[34.9962,-6.8999],[34.9681,-6.9054],[34.9502,-6.8901],[34.9243,-6.8891],[34.8955,-6.918],[34.8751,-6.9196],[34.8567,-6.9385],[34.7829,-6.9785],[34.757,-7.0091],[34.7263,-7.0244],[34.7228,-7.0351],[34.6762,-7.0561],[34.6593,-7.0813],[34.6488,-7.1128],[34.6202,-7.1484],[34.6147,-7.1464],[34.6114,-7.1648],[34.5947,-7.185],[34.5676,-7.2],[34.5623,-7.2108],[34.5377,-7.2118],[34.5345,-7.2218],[34.5066,-7.2357],[34.5013,-7.2539],[34.4903,-7.2534],[34.4831,-7.2634],[34.482,-7.2773],[34.4505,-7.2851],[34.4332,-7.3183],[34.4105,-7.3152],[34.3787,-7.3258],[34.3642,-7.3205],[34.314,-7.3375],[34.2982,-7.328],[34.2747,-7.3365],[34.2501,-7.3279],[34.2447,-7.3292],[34.2427,-7.3331],[34.2343,-7.3347],[34.1971,-7.3665],[34.2,-7.4965],[34.2684,-7.592],[34.2706,-7.6195],[34.2798,-7.627],[34.3371,-7.7109],[34.3655,-7.7357],[34.5099,-7.7135],[34.6299,-7.7253],[34.6885,-7.7465],[34.7523,-7.8274],[34.8514,-7.9026],[34.8578,-7.9308],[34.9199,-8.0519],[34.9438,-8.0889],[34.9689,-8.1017],[34.9399,-8.1468],[34.9097,-8.1659],[34.8646,-8.2249],[34.8374,-8.2483],[34.8275,-8.2699],[34.7477,-8.3592],[34.7354,-8.3854],[34.6995,-8.4106],[34.684,-8.4519],[34.7147,-8.4809],[34.7193,-8.5021],[34.7258,-8.5157],[34.7219,-8.5354],[34.7134,-8.5808],[34.7167,-8.6089],[34.7186,-8.6374],[34.7,-8.6662],[34.7061,-8.6651],[34.7307,-8.6756],[34.7505,-8.671],[34.7763,-8.6796],[34.8054,-8.6727],[34.8256,-8.6838],[34.8604,-8.6881],[34.8648,-8.6924],[34.8959,-8.7291],[34.8766,-8.7332],[34.8548,-8.771],[34.9062,-8.8117],[34.9258,-8.8097],[34.949,-8.828],[34.9795,-8.83],[35.0273,-8.8075],[35.0453,-8.7774],[35.0965,-8.7841],[35.1312,-8.7769],[35.1282,-8.7962],[35.1414,-8.8159],[35.144,-8.8492],[35.1295,-8.8798],[35.1409,-8.9033],[35.1107,-8.9419],[35.1301,-8.977],[35.12,-9.0197],[35.14,-9.0319],[35.1996,-9.042],[35.2458,-9.0364],[35.3072,-9.0395],[35.3179,-9.0302],[35.3561,-9.0305],[35.3617,-9.0184],[35.381,-9.015],[35.3846,-9.0126],[35.4156,-8.9783],[35.4153,-8.9656],[35.4127,-8.9596],[35.3937,-8.9601],[35.3889,-8.9467],[35.3641,-8.9399],[35.3674,-8.9174],[35.3493,-8.8908],[35.356,-8.8882],[35.3498,-8.8798],[35.3241,-8.871],[35.358,-8.8244],[35.3498,-8.7979],[35.3559,-8.7791],[35.3279,-8.7419],[35.3276,-8.7341],[35.3318,-8.7226],[35.3533,-8.7122],[35.3554,-8.6892],[35.3629,-8.6829],[35.4165,-8.6645],[35.4755,-8.6589],[35.514,-8.6643],[35.5434,-8.6841],[35.5672,-8.6877]]]]}},{"id":"feature_05","type":"Feature","properties":{"gid":"TZA.6_1","name":"Kagera","addo_count":112},"geometry":{"type":"MultiPolygon","coordinates":[[[[32.7159,-0.9974],[30.7997,-1.0002],[30.7668,-0.9858],[30.7397,-1.0048],[30.7009,-1.0132],[30.6778,-1.0301],[30.659,-1.0614],[30.634,-1.0707],[30.5834,-1.0612],[30.5248,-1.0769],[30.509,-1.0735],[30.4944,-1.0578],[30.4711,-1.0558],[30.4512,-1.0891],[30.4588,-1.1171],[30.4766,-1.1225],[30.4692,-1.1312],[30.4701,-1.1557],[30.5094,-1.1719],[30.524,-1.2124],[30.5515,-1.2513],[30.5622,-1.2906],[30.5546,-1.3062],[30.569,-1.3375],[30.5929,-1.3495],[30.6144,-1.3481],[30.6117,-1.355],[30.6225,-1.367],[30.618,-1.3732],[30.6279,-1.3827],[30.6609,-1.3825],[30.6788,-1.3994],[30.6944,-1.3965],[30.7001,-1.4054],[30.7222,-1.407],[30.7361,-1.4182],[30.7461,-1.5222],[30.8392,-1.6508],[30.8383,-1.6669],[30.8329,-1.6651],[30.8227,-1.6845],[30.8277,-1.7224],[30.8127,-1.7337],[30.8309,-1.7558],[30.8231,-1.7812],[30.8291,-1.8266],[30.8187,-1.8412],[30.832,-1.8447],[30.838,-1.8598],[30.817,-1.8799],[30.8179,-1.8949],[30.784,-1.9458],[30.8045,-1.9348],[30.8156,-1.9406],[30.8267,-1.9726],[30.8991,-2.0775],[30.8738,-2.1204],[30.8759,-2.1343],[30.8652,-2.1439],[30.8596,-2.1797],[30.8435,-2.2051],[30.8503,-2.3097],[30.857,-2.3132],[30.8384,-2.329],[30.8264,-2.3565],[30.7965,-2.3665],[30.7802,-2.39],[30.767,-2.3918],[30.7634,-2.3827],[30.7462,-2.3792],[30.7171,-2.3554],[30.6958,-2.3634],[30.6891,-2.3827],[30.6573,-2.4135],[30.6093,-2.3993],[30.5747,-2.4185],[30.5434,-2.413],[30.5244,-2.4477],[30.5072,-2.5053],[30.4963,-2.5233],[30.4833,-2.5289],[30.4848,-2.5571],[30.4206,-2.6599],[30.431,-2.6789],[30.4434,-2.678],[30.4591,-2.6911],[30.5278,-2.653],[30.5256,-2.681],[30.4841,-2.723],[30.4773,-2.7159],[30.4664,-2.7198],[30.4645,-2.7358],[30.441,-2.7452],[30.437,-2.7567],[30.4479,-2.7686],[30.4427,-2.7944],[30.4239,-2.818],[30.4225,-2.8402],[30.4062,-2.8608],[30.4158,-2.8597],[30.4181,-2.8743],[30.4261,-2.869],[30.4351,-2.8747],[30.4384,-2.9036],[30.4506,-2.9134],[30.458,-2.9096],[30.4646,-2.9199],[30.4583,-2.922],[30.4694,-2.9242],[30.4872,-2.9483],[30.5056,-2.953],[30.5318,-2.9304],[30.5395,-2.9327],[30.5648,-2.8949],[30.5771,-2.8933],[30.6001,-2.9225],[30.6199,-2.9264],[30.6474,-2.9532],[30.65,-2.9756],[30.6704,-2.9933],[30.7031,-2.9701],[30.7478,-2.9972],[30.8369,-2.9756],[30.8501,-2.98],[30.8524,-2.9676],[30.8784,-2.9309],[30.9114,-2.9025],[30.9346,-2.8825],[30.9907,-2.8335],[31.0088,-2.8306],[31.0496,-2.8955],[31.0497,-2.9238],[31.0664,-2.9263],[31.0814,-2.9667],[31.0672,-3.0099],[31.0732,-3.035],[31.0613,-3.0446],[31.0508,-3.0758],[31.016,-3.1308],[31.0098,-3.1589],[30.9888,-3.1819],[30.9898,-3.1929],[31.0139,-3.2002],[31.008,-3.2083],[31.0149,-3.2162],[31.0292,-3.2105],[31.0359,-3.1877],[31.0476,-3.1853],[31.0809,-3.1848],[31.1014,-3.2077],[31.1198,-3.2347],[31.1205,-3.2935],[31.1318,-3.3287],[31.1366,-3.3416],[31.1539,-3.3627],[31.2206,-3.3008],[31.2515,-3.2862],[31.2713,-3.2879],[31.2985,-3.3087],[31.333,-3.3205],[31.4032,-3.3185],[31.4355,-3.2989],[31.4565,-3.3062],[31.4615,-3.3164],[31.4806,-3.2907],[31.5561,-3.2454],[31.5625,-3.1807],[31.5554,-3.1374],[31.4645,-2.9658],[31.4628,-2.9416],[31.4782,-2.9204],[31.4759,-2.9021],[31.5025,-2.8853],[31.5451,-2.9184],[31.5575,-2.9395],[31.5743,-2.9467],[31.5732,-2.916],[31.593,-2.8634],[31.6422,-2.8489],[31.6741,-2.8488],[31.7004,-2.8253],[31.7211,-2.8185],[31.7221,-2.7981],[31.7208,-2.7871],[31.7105,-2.783],[31.685,-2.7641],[31.6773,-2.7465],[31.6584,-2.7611],[31.6194,-2.7589],[31.6158,-2.7689],[31.5623,-2.7577],[31.5528,-2.749],[31.55,-2.7294],[31.5728,-2.7284],[31.5679,-2.7116],[31.5365,-2.7135],[31.5208,-2.7267],[31.5035,-2.7224],[31.4846,-2.7014],[31.4652,-2.7242],[31.4484,-2.7116],[31.4475,-2.6861],[31.4224,-2.6802],[31.4084,-2.6679],[31.407,-2.6464],[31.4071,-2.6109],[31.4164,-2.5914],[31.4443,-2.5574],[31.4562,-2.5493],[31.4953,-2.5472],[31.5005,-2.5342],[31.5149,-2.5301],[31.5291,-2.5425],[31.5462,-2.541],[31.562,-2.5184],[31.5984,-2.5126],[31.6096,-2.4603],[31.6307,-2.4537],[31.6088,-2.4067],[31.6246,-2.4074],[31.6564,-2.3909],[31.6506,-2.3771],[31.6404,-2.3794],[31.6409,-2.3671],[31.6655,-2.3338],[31.6725,-2.3061],[32.7087,-1.4841],[32.7033,-1.4841],[32.7208,-1.0421],[32.7159,-0.9974]]]]}},{"id":"feature_06","type":"Feature","properties":{"gid":"TZA.18_1","name":"Kaskazini Pemba","addo_count":0},"geometry":{"type":"MultiPolygon","coordinates":[[[[39.6068,-5.159],[39.6107,-5.1526],[39.6037,-5.1601],[39.6068,-5.159]]],[[[39.6271,-5.1479],[39.6154,-5.1479],[39.6129,-5.1518],[39.6168,-5.1501],[39.6271,-5.1479]]],[[[39.6746,-4.9613],[39.6571,-4.9874],[39.6638,-5.0054],[39.6785,-4.9701],[39.6746,-4.9613]]],[[[39.8082,-4.951],[39.8063,-4.9518],[39.8096,-4.9571],[39.8121,-4.9532],[39.8082,-4.951]]],[[[39.8049,-4.9496],[39.8024,-4.9487],[39.8015,-4.9501],[39.804,-4.9515],[39.8049,-4.9496]]],[[[39.8063,-4.9401],[39.8029,-4.9429],[39.8071,-4.9451],[39.8082,-4.941],[39.8063,-4.9401]]],[[[39.804,-4.9293],[39.7968,-4.931],[39.8001,-4.9379],[39.8088,-4.9307],[39.804,-4.9293]]],[[[39.6365,-5.1593],[39.6343,-5.1585],[39.6371,-5.1618],[39.6374,-5.1601],[39.6365,-5.1593]]],[[[39.7054,-5.1579],[39.7012,-5.1579],[39.7021,-5.1612],[39.7038,-5.1618],[39.7054,-5.1579]]],[[[39.6799,-5.1354],[39.6787,-5.1337],[39.671,-5.1374],[39.6771,-5.1412],[39.6799,-5.1354]]],[[[39.8385,-5.1132],[39.8387,-5.1112],[39.8368,-5.1126],[39.8385,-5.1132]]],[[[39.6404,-5.0971],[39.6404,-5.0946],[39.639,-5.0943],[39.6393,-5.0976],[39.6404,-5.0971]]],[[[39.8374,-5.1046],[39.8632,-5.1079],[39.8715,-5.069],[39.8601,-5.0615],[39.8601,-5.0385],[39.8462,-5.0599],[39.8546,-5.0621],[39.8501,-5.0693],[39.8571,-5.0779],[39.8374,-5.1046]]],[[[39.664,-5.1157],[39.6629,-5.114],[39.6604,-5.1146],[39.6607,-5.1154],[39.664,-5.1157]]],[[[39.6354,-5.0974],[39.6296,-5.1054],[39.6335,-5.1276],[39.646,-5.1151],[39.6363,-5.1107],[39.6354,-5.0974]]],[[[39.6474,-5.1351],[39.6379,-5.139],[39.6371,-5.154],[39.6426,-5.1488],[39.6474,-5.1351]]],[[[39.6613,-5.1349],[39.6543,-5.1451],[39.6579,-5.1493],[39.669,-5.1401],[39.6613,-5.1349]]],[[[39.664,-5.009],[39.6485,-5.0274],[39.634,-5.0938],[39.6449,-5.0876],[39.664,-5.009]]],[[[39.8515,-5.0435],[39.8518,-5.0415],[39.8496,-5.0443],[39.8507,-5.0449],[39.8515,-5.0435]]],[[[39.8288,-5.194],[39.8549,-5.194],[39.8565,-5.1882],[39.8499,-5.179],[39.8582,-5.166],[39.8643,-5.1146],[39.8454,-5.1085],[39.8374,-5.1451],[39.8254,-5.1443],[39.8246,-5.1318],[39.8312,-5.1226],[39.8301,-5.0924],[39.8382,-5.0837],[39.8318,-5.0588],[39.841,-5.0265],[39.8348,-5.0182],[39.8476,-5.0087],[39.8668,-5.026],[39.8754,-4.9954],[39.8699,-4.8901],[39.8626,-4.8882],[39.8613,-4.9074],[39.849,-4.9235],[39.8512,-4.9524],[39.8457,-4.9474],[39.8382,-4.9546],[39.8462,-4.9096],[39.8379,-4.9132],[39.8363,-4.9354],[39.8149,-4.9271],[39.8176,-4.9754],[39.8301,-4.9863],[39.8201,-4.986],[39.7865,-4.9265],[39.7704,-4.9307],[39.7482,-4.9099],[39.7279,-4.9029],[39.724,-4.9115],[39.7137,-4.911],[39.7193,-4.889],[39.7099,-4.896],[39.7115,-4.9032],[39.7074,-4.8979],[39.7021,-4.9043],[39.7026,-4.889],[39.6926,-4.8843],[39.6935,-4.8929],[39.684,-4.8788],[39.6818,-4.864],[39.6879,-4.8615],[39.6804,-4.8601],[39.669,-4.9496],[39.6862,-4.9607],[39.6829,-4.949],[39.6896,-4.9676],[39.706,-4.9776],[39.6768,-4.9821],[39.6787,-5.006],[39.6932,-5.0138],[39.6935,-5.0307],[39.6696,-5.0426],[39.7146,-5.0576],[39.7218,-5.071],[39.7374,-5.0768],[39.7004,-5.0693],[39.6957,-5.0926],[39.6851,-5.1029],[39.7001,-5.1157],[39.684,-5.1226],[39.6857,-5.1362],[39.7151,-5.1507],[39.711,-5.1749],[39.7407,-5.1479],[39.744,-5.1601],[39.736,-5.1776],[39.7625,-5.1641],[39.79,-5.1652],[39.793,-5.2109],[39.8288,-5.194]]],[[[39.678498056155505,-4.88680172786177],[39.6738,-4.8818],[39.6724,-4.8824],[39.674,-4.8887],[39.678498056155505,-4.88680172786177]]]]}},{"id":"feature_07","type":"Feature","properties":{"gid":"TZA.28_1","name":"Kaskazini Unguja","addo_count":0},"geometry":{"type":"MultiPolygon","coordinates":[[[[39.2232,-6.0422],[39.2417,-6.0405],[39.272,-6.0295],[39.2959,-6.0288],[39.3305,-6.0371],[39.399,-6.0237],[39.404,-6.0238],[39.3824,-6.0004],[39.356,-5.9176],[39.3532,-5.8743],[39.361,-5.8271],[39.3554,-5.7938],[39.3063,-5.7221],[39.2943,-5.7243],[39.2887,-5.7393],[39.296,-5.7915],[39.2746,-5.8649],[39.2235,-5.8899],[39.2204,-5.9071],[39.2065,-5.9212],[39.2124,-5.9371],[39.2062,-5.9365],[39.2057,-5.9349],[39.201,-5.8954],[39.1832,-5.9121],[39.184,-5.994],[39.204,-6.0377],[39.2232,-6.0422]]],[[[39.2062,-5.9126],[39.204,-5.9115],[39.2046,-5.9162],[39.2062,-5.9137],[39.2062,-5.9126]]],[[[39.2071,-5.8738],[39.2085,-5.8735],[39.2085,-5.8699],[39.2068,-5.8713],[39.2071,-5.8738]]],[[[39.2376,-5.8443],[39.2301,-5.8196],[39.2393,-5.8196],[39.2449,-5.7963],[39.2407,-5.7901],[39.2399,-5.8035],[39.2287,-5.801],[39.221,-5.7549],[39.2149,-5.8579],[39.2329,-5.8587],[39.2376,-5.8443]]],[[[39.2396,-5.8554],[39.2393,-5.856],[39.2418,-5.856],[39.2415,-5.8549],[39.2396,-5.8554]]],[[[39.2557,-5.8207],[39.254,-5.8137],[39.249,-5.8301],[39.2504,-5.8301],[39.2557,-5.8207]]],[[[39.3851,-5.8213],[39.3843,-5.8188],[39.3818,-5.8218],[39.3851,-5.8226],[39.3851,-5.8213]]],[[[39.2821,-5.779],[39.2749,-5.7854],[39.2832,-5.789],[39.284,-5.7865],[39.2821,-5.779]]],[[[39.2874,-5.7704],[39.2832,-5.7699],[39.2837,-5.7776],[39.2868,-5.7751],[39.2874,-5.7704]]],[[[39.2832,-5.7621],[39.2824,-5.7626],[39.2821,-5.7646],[39.2843,-5.7626],[39.2832,-5.7621]]]]}},{"id":"feature_08","type":"Feature","properties":{"gid":"TZA.7_1","name":"Katavi","addo_count":97},"geometry":{"type":"MultiPolygon","coordinates":[[[[30.2341,-7.018],[30.5038,-6.915],[30.6281,-6.8915],[30.6956,-6.8885],[30.7874,-6.9151],[30.8511,-6.9202],[30.9496,-6.9421],[30.9702,-6.9674],[30.9708,-6.9826],[30.9539,-7.0748],[30.9861,-7.1135],[31.046,-7.116],[31.0802,-7.1292],[31.1473,-7.1768],[31.1434,-7.1962],[31.1618,-7.2198],[31.183,-7.2107],[31.2323,-7.2188],[31.2604,-7.2146],[31.3234,-7.248],[31.3462,-7.2524],[31.34,-7.3527],[31.3545,-7.4281],[31.376,-7.4728],[31.43,-7.4685],[31.4313,-7.4236],[31.4767,-7.4101],[31.4864,-7.4499],[31.4938,-7.4504],[31.4859,-7.489],[31.4922,-7.5105],[31.5118,-7.5301],[31.5248,-7.5312],[31.5403,-7.5688],[31.5924,-7.5916],[31.7856,-7.6054],[31.9871,-7.7741],[32.0436,-7.6074],[32.0796,-7.5703],[32.0895,-7.5473],[32.0902,-7.5208],[32.099,-7.5124],[32.1112,-7.5172],[32.1273,-7.5409],[32.1493,-7.5171],[32.1909,-7.5183],[32.2009,-7.4839],[32.268,-7.3651],[32.2797,-7.2716],[32.3253,-7.2316],[32.4028,-7.192],[32.4552,-7.1503],[32.4643,-7.1454],[32.4902,-7.1528],[32.4877,-7.1339],[32.5262,-7.1267],[32.5323,-7.1159],[32.5469,-7.1181],[32.5566,-7.1047],[32.5823,-7.0923],[32.5883,-7.0645],[32.5765,-7.0327],[32.5874,-7.0008],[32.7018,-7.0007],[32.7461,-6.9998],[32.7474,-6.7605],[32.7557,-6.7388],[32.7596,-6.618],[32.7543,-6.4091],[32.7243,-6.3921],[32.6927,-6.3877],[32.6837,-6.3712],[32.6643,-6.3627],[32.6459,-6.3318],[32.5934,-6.3378],[32.548,-6.3116],[32.5126,-6.3164],[32.5005,-6.3048],[32.4792,-6.3046],[32.4775,-6.3113],[32.4425,-6.3044],[32.4355,-6.2915],[32.4086,-6.2772],[32.4038,-6.2637],[32.3635,-6.2478],[32.3573,-6.2356],[32.3355,-6.228],[32.3159,-6.2369],[32.3164,-6.2309],[32.304,-6.2311],[32.3025,-6.24],[32.2922,-6.242],[32.2695,-6.2192],[32.2589,-6.2228],[32.2478,-6.2153],[32.2408,-6.1989],[32.2102,-6.1903],[32.2014,-6.1637],[32.1802,-6.1463],[32.1884,-6.1296],[32.1761,-6.1139],[32.1802,-6.1103],[32.167,-6.1057],[32.1714,-6.0858],[32.1633,-6.0826],[32.1699,-6.0687],[32.1398,-6.0404],[32.1497,-6.0316],[32.1345,-6.028],[32.133,-6.0086],[32.1122,-5.9964],[32.122,-5.9834],[32.1143,-5.9786],[32.114,-5.9579],[32.0922,-5.9512],[32.0939,-5.9303],[32.0837,-5.919],[32.0915,-5.9135],[32.0846,-5.9074],[32.0854,-5.8541],[32.0723,-5.8357],[32.0447,-5.8248],[32.0286,-5.7947],[32.033,-5.7861],[32.0258,-5.7648],[31.979,-5.7568],[31.9692,-5.7455],[31.9608,-5.7539],[31.9358,-5.7468],[31.9226,-5.7531],[31.9119,-5.7394],[31.895,-5.7454],[31.8856,-5.7325],[31.8366,-5.7308],[31.8322,-5.7205],[31.8235,-5.7223],[31.8272,-5.7147],[31.8059,-5.7181],[31.8019,-5.7265],[31.7917,-5.7209],[31.7777,-5.7288],[31.7682,-5.7528],[31.7474,-5.7638],[31.7342,-5.7619],[31.7189,-5.7903],[31.7052,-5.7837],[31.687,-5.8211],[31.6788,-5.8148],[31.662,-5.8295],[31.6359,-5.8228],[31.6251,-5.8394],[31.6172,-5.8391],[31.6143,-5.8228],[31.5978,-5.8219],[31.5846,-5.8361],[31.5652,-5.8108],[31.5581,-5.8142],[31.5528,-5.8073],[31.5241,-5.816],[31.5122,-5.8302],[31.4936,-5.8204],[31.4896,-5.8354],[31.4793,-5.8266],[31.4186,-5.8286],[31.3808,-5.795],[31.36,-5.7992],[31.32,-5.7861],[31.31,-5.7848],[31.2933,-5.806],[31.2779,-5.8062],[31.2537,-5.7859],[31.2425,-5.7472],[31.2299,-5.7569],[31.216,-5.7561],[31.2034,-5.7405],[31.1696,-5.7643],[31.1464,-5.7687],[31.1587,-5.7455],[31.1584,-5.7272],[31.1409,-5.7011],[31.1575,-5.6805],[31.1387,-5.6726],[31.1395,-5.647],[31.121,-5.6417],[31.1067,-5.6184],[31.0562,-5.5878],[31.0387,-5.5554],[31.0712,-5.5211],[31.0668,-5.499],[31.0824,-5.4816],[31.1037,-5.468],[31.1479,-5.4602],[31.1848,-5.4348],[31.1876,-5.3802],[31.1826,-5.2812],[31.0457,-5.2548],[31.0446,-5.2445],[31.0259,-5.246],[31.0186,-5.2497],[31.037,-5.2579],[31.0011,-5.262],[30.9755,-5.2908],[30.9132,-5.2986],[30.9097,-5.3149],[30.8753,-5.3122],[30.8642,-5.3232],[30.8442,-5.3274],[30.832,-5.3197],[30.8268,-5.2952],[30.8338,-5.2725],[30.7676,-5.2431],[30.7551,-5.22],[30.7426,-5.2164],[30.7434,-5.204],[30.7301,-5.1994],[30.7143,-5.1792],[30.7032,-5.1395],[30.6786,-5.1356],[30.6589,-5.1531],[30.6568,-5.1672],[30.6336,-5.1672],[30.6068,-5.2008],[30.5569,-5.1832],[30.5622,-5.154],[30.5545,-5.1433],[30.4776,-5.153],[30.4453,-5.1473],[30.3084,-5.165],[30.252,-5.1804],[30.2432,-5.1754],[30.2237,-5.2268],[30.1792,-5.239],[30.167,-5.227],[30.1693,-5.1899],[30.1484,-5.1935],[30.1181,-5.1857],[30.1057,-5.1921],[30.0931,-5.2879],[30.0981,-5.3021],[30.0798,-5.3368],[29.985,-5.3473],[29.9037,-5.3287],[29.9707,-5.4233],[29.9942,-5.4403],[30.0442,-5.459],[30.0405,-5.499],[30.0047,-5.5235],[30.0024,-5.5327],[30.0232,-5.5361],[30.0148,-5.556],[30.0332,-5.5445],[30.0262,-5.5757],[30.0627,-5.5851],[30.0669,-5.5757],[30.0767,-5.5768],[30.0742,-5.5852],[30.0831,-5.5819],[30.0762,-5.5924],[30.0889,-5.5979],[30.0889,-5.6656],[30.1467,-5.7346],[30.1531,-5.7636],[30.1462,-5.7774],[30.1768,-5.802],[30.187,-5.8273],[30.1812,-5.8443],[30.1913,-5.91],[30.1871,-5.9614],[30.2149,-5.9965],[30.2568,-6.1294],[30.2593,-6.4131],[30.2727,-6.4862],[30.2825,-6.4887],[30.2862,-6.4999],[30.2678,-6.5335],[30.2716,-6.5416],[30.257,-6.5521],[30.2536,-6.5726],[29.9845,-6.7635],[30.0851,-6.8361],[30.1408,-6.8899],[30.1837,-6.9403],[30.2341,-7.018]]]]}},{"id":"feature_09","type":"Feature","properties":{"gid":"TZA.8_1","name":"Kigoma","addo_count":231},"geometry":{"type":"MultiPolygon","coordinates":[[[[30.8524,-2.9676],[30.8149,-3.0429],[30.7953,-3.0542],[30.8139,-3.0813],[30.8297,-3.084],[30.8365,-3.0946],[30.8302,-3.1289],[30.8179,-3.1468],[30.8342,-3.1431],[30.8458,-3.1626],[30.8383,-3.1927],[30.8482,-3.2071],[30.8208,-3.2136],[30.8134,-3.2242],[30.8259,-3.2467],[30.8428,-3.2541],[30.7577,-3.2926],[30.74,-3.2678],[30.7303,-3.2745],[30.7211,-3.302],[30.6669,-3.3199],[30.6344,-3.3615],[30.6469,-3.385],[30.6652,-3.3873],[30.6781,-3.3985],[30.661,-3.4324],[30.6188,-3.4664],[30.5353,-3.5037],[30.5144,-3.5299],[30.5003,-3.5172],[30.4921,-3.5206],[30.4461,-3.5681],[30.4565,-3.5756],[30.4508,-3.5916],[30.458,-3.5934],[30.4571,-3.6063],[30.4301,-3.6246],[30.433,-3.6329],[30.4222,-3.6413],[30.4056,-3.6798],[30.409,-3.6882],[30.387,-3.7143],[30.4106,-3.7665],[30.4104,-3.7844],[30.3968,-3.7977],[30.3759,-3.7757],[30.3595,-3.7814],[30.3475,-3.7742],[30.3302,-3.7851],[30.3088,-3.8453],[30.2792,-3.8743],[30.2566,-3.8839],[30.2501,-3.9188],[30.2401,-3.9236],[30.2273,-3.9744],[30.2142,-3.9909],[30.2193,-4.0058],[30.2302,-4.0108],[30.2239,-4.0247],[30.2046,-4.048],[30.1908,-4.0519],[30.1802,-4.0885],[30.1588,-4.1154],[30.0752,-4.1725],[30.0708,-4.196],[30.0528,-4.2231],[30.0547,-4.2419],[30.0471,-4.2437],[30.054,-4.2572],[30.0437,-4.2567],[30.0422,-4.277],[30.0311,-4.2731],[30.0249,-4.2813],[30.0202,-4.2761],[30.0134,-4.2852],[30.0037,-4.281],[29.9987,-4.2998],[29.9944,-4.2934],[29.9918,-4.3025],[29.9871,-4.2968],[29.9693,-4.3035],[29.9633,-4.3235],[29.9425,-4.3401],[29.8873,-4.3563],[29.8847,-4.3698],[29.8736,-4.3691],[29.8743,-4.3815],[29.8512,-4.3819],[29.8451,-4.3691],[29.8263,-4.3611],[29.8142,-4.3648],[29.7959,-4.4022],[29.7832,-4.4144],[29.7752,-4.4127],[29.7653,-4.4276],[29.7693,-4.4559],[29.7577,-4.4687],[29.7357,-4.4557],[29.7071,-4.4624],[29.691,-4.4505],[29.655,-4.4454],[29.3915,-4.4453],[29.3943,-4.5054],[29.3864,-4.5407],[29.3356,-4.6514],[29.3272,-4.6989],[29.3285,-4.7741],[29.3372,-4.8536],[29.3731,-5.0169],[29.439,-5.203],[29.5297,-5.4151],[29.576,-5.556],[29.599,-5.664],[29.607,-5.7748],[29.6,-5.856],[29.5782,-5.9629],[29.5793,-6.1468],[29.595,-6.252],[29.6549,-6.413],[29.7466,-6.5535],[29.827,-6.643],[29.9845,-6.7635],[30.2536,-6.5726],[30.257,-6.5521],[30.2716,-6.5416],[30.2678,-6.5335],[30.2862,-6.4999],[30.2825,-6.4887],[30.2727,-6.4862],[30.2593,-6.4131],[30.2568,-6.1294],[30.2149,-5.9965],[30.1871,-5.9614],[30.1913,-5.91],[30.1812,-5.8443],[30.187,-5.8273],[30.1768,-5.802],[30.1462,-5.7774],[30.1531,-5.7636],[30.1467,-5.7346],[30.0889,-5.6656],[30.0889,-5.5979],[30.0762,-5.5924],[30.0831,-5.5819],[30.0742,-5.5852],[30.0767,-5.5768],[30.0669,-5.5757],[30.0627,-5.5851],[30.0262,-5.5757],[30.0332,-5.5445],[30.0148,-5.556],[30.0232,-5.5361],[30.0024,-5.5327],[30.0047,-5.5235],[30.0405,-5.499],[30.0442,-5.459],[29.9942,-5.4403],[29.9707,-5.4233],[29.9037,-5.3287],[29.985,-5.3473],[30.0798,-5.3368],[30.0981,-5.3021],[30.0931,-5.2879],[30.1057,-5.1921],[30.1181,-5.1857],[30.1484,-5.1935],[30.1693,-5.1899],[30.167,-5.227],[30.1792,-5.239],[30.2237,-5.2268],[30.2432,-5.1754],[30.252,-5.1804],[30.3084,-5.165],[30.4453,-5.1473],[30.4776,-5.153],[30.5545,-5.1433],[30.5622,-5.154],[30.5569,-5.1832],[30.6068,-5.2008],[30.6336,-5.1672],[30.6568,-5.1672],[30.6589,-5.1531],[30.6786,-5.1356],[30.7032,-5.1395],[30.7143,-5.1792],[30.7301,-5.1994],[30.7434,-5.204],[30.7426,-5.2164],[30.7551,-5.22],[30.7676,-5.2431],[30.8338,-5.2725],[30.8268,-5.2952],[30.832,-5.3197],[30.8442,-5.3274],[30.8642,-5.3232],[30.8753,-5.3122],[30.9097,-5.3149],[30.9132,-5.2986],[30.9755,-5.2908],[31.0011,-5.262],[31.037,-5.2579],[31.0186,-5.2497],[31.0259,-5.246],[31.0446,-5.2445],[31.0457,-5.2548],[31.1826,-5.2812],[31.1809,-5.2567],[31.2101,-5.2588],[31.2261,-5.2428],[31.247,-5.2432],[31.2344,-5.2281],[31.2086,-5.217],[31.2034,-5.1999],[31.2216,-5.1711],[31.2054,-5.1527],[31.2112,-5.1114],[31.2476,-5.0579],[31.2496,-5.0336],[31.2615,-5.0154],[31.2395,-4.9962],[31.2353,-4.951],[31.2566,-4.9309],[31.3079,-4.9212],[31.313,-4.899],[31.3591,-4.8463],[31.3644,-4.8291],[31.3783,-4.8183],[31.3764,-4.8107],[31.3982,-4.8085],[31.3953,-4.7834],[31.402,-4.7686],[31.3938,-4.7686],[31.3967,-4.7506],[31.3883,-4.7261],[31.409,-4.7012],[31.4321,-4.7078],[31.4576,-4.6932],[31.4933,-4.6249],[31.4844,-4.6079],[31.4915,-4.5887],[31.4786,-4.5747],[31.4762,-4.5616],[31.4805,-4.5487],[31.4665,-4.5254],[31.4587,-4.5152],[31.4676,-4.4812],[31.4546,-4.4636],[31.4581,-4.4598],[31.4464,-4.4597],[31.4375,-4.4707],[31.4253,-4.4666],[31.428,-4.4622],[31.4188,-4.4376],[31.416,-4.4066],[31.4222,-4.3946],[31.4135,-4.3838],[31.4186,-4.3696],[31.3995,-4.3434],[31.396,-4.3197],[31.3647,-4.2943],[31.3694,-4.2489],[31.3633,-4.247],[31.3693,-4.2387],[31.348,-4.2265],[31.3481,-4.1765],[31.329,-4.1446],[31.3448,-4.1046],[31.3473,-4.0638],[31.3615,-4.063],[31.3582,-4.0424],[31.3673,-4.0437],[31.3811,-4.0222],[31.375,-4.0142],[31.3792,-3.9674],[31.3665,-3.9491],[31.3484,-3.861],[31.3365,-3.8229],[31.3178,-3.8003],[31.3164,-3.7733],[31.2948,-3.7336],[31.2493,-3.7109],[31.229,-3.6878],[31.2243,-3.6487],[31.2124,-3.6279],[31.2122,-3.5841],[31.2189,-3.5807],[31.2103,-3.5616],[31.2142,-3.531],[31.1973,-3.5095],[31.213,-3.4922],[31.2131,-3.4756],[31.1943,-3.4526],[31.1923,-3.4245],[31.1728,-3.4177],[31.1656,-3.4049],[31.1705,-3.4026],[31.1516,-3.3802],[31.1535,-3.3625],[31.1366,-3.3416],[31.1318,-3.3287],[31.1205,-3.2935],[31.1198,-3.2347],[31.1014,-3.2077],[31.0809,-3.1848],[31.0476,-3.1853],[31.0359,-3.1877],[31.0292,-3.2105],[31.0149,-3.2162],[31.008,-3.2083],[31.0139,-3.2002],[30.9898,-3.1929],[30.9888,-3.1819],[31.0098,-3.1589],[31.016,-3.1308],[31.0508,-3.0758],[31.0613,-3.0446],[31.0732,-3.035],[31.0672,-3.0099],[31.0814,-2.9667],[31.0664,-2.9263],[31.0497,-2.9238],[31.0496,-2.8955],[31.0088,-2.8306],[30.9907,-2.8335],[30.9346,-2.8825],[30.9114,-2.9025],[30.8784,-2.9309],[30.8524,-2.9676]]],[[[31.4586,-4.4595],[31.4585,-4.4596],[31.4619,-4.4621],[31.4612,-4.4599],[31.4586,-4.4595]]]]}},{"id":"feature_10","type":"Feature","properties":{"gid":"TZA.9_1","name":"Kilimanjaro","addo_count":223},"geometry":{"type":"MultiPolygon","coordinates":[[[[38.1097,-4.5984],[38.1195,-4.5749],[38.1209,-4.5329],[38.1798,-4.4556],[38.3596,-4.1795],[38.4045,-4.1111],[37.7858,-3.6771],[37.7441,-3.5441],[37.702,-3.5304],[37.6737,-3.509],[37.6265,-3.5308],[37.6036,-3.5206],[37.6083,-3.4974],[37.6271,-3.4673],[37.5854,-3.4621],[37.5854,-3.4405],[37.6411,-3.3781],[37.6643,-3.3589],[37.6808,-3.3571],[37.6856,-3.3236],[37.7114,-3.3055],[37.6726,-3.0677],[37.6207,-3.0256],[37.4864,-2.9386],[37.4096,-2.9053],[37.3653,-2.8809],[37.2515,-2.852],[37.1265,-2.8601],[37.0971,-2.8855],[37.0637,-2.9381],[37.0374,-2.9503],[37.0355,-2.9634],[36.993,-2.9802],[36.9801,-2.9749],[36.9357,-2.984],[36.9324,-2.9969],[36.9353,-3.0424],[36.9047,-3.1198],[36.8904,-3.1353],[36.9089,-3.1665],[36.9093,-3.1875],[36.9358,-3.1842],[36.9408,-3.2078],[36.9802,-3.2095],[36.9807,-3.2305],[36.9974,-3.2314],[36.9974,-3.2548],[37.0302,-3.2575],[37.0459,-3.2784],[37.0452,-3.2971],[37.0651,-3.3572],[37.064,-3.3696],[37.055,-3.3733],[37.0617,-3.4791],[37.0612,-3.4925],[37.0722,-3.4882],[37.0892,-3.4901],[37.1105,-3.4766],[37.139,-3.4874],[37.1646,-3.4547],[37.1836,-3.4606],[37.1941,-3.4509],[37.2129,-3.4545],[37.2293,-3.4891],[37.3005,-3.5018],[37.307,-3.5153],[37.298,-3.5345],[37.311,-3.5694],[37.3225,-3.5849],[37.3422,-3.6308],[37.3543,-3.6425],[37.3965,-3.6721],[37.4088,-3.669],[37.4282,-3.7503],[37.4631,-3.8035],[37.4691,-3.8263],[37.4587,-3.8415],[37.4574,-3.8634],[37.4506,-3.8675],[37.4572,-3.871],[37.4502,-3.8855],[37.4578,-3.8858],[37.4643,-3.891],[37.4601,-3.9006],[37.4683,-3.9157],[37.4587,-3.9316],[37.467,-3.9459],[37.4603,-3.958],[37.4632,-3.9799],[37.4721,-3.9933],[37.4708,-4.0117],[37.4891,-4.021],[37.491,-4.0524],[37.5119,-4.0826],[37.5061,-4.0859],[37.5126,-4.1219],[37.5131,-4.1375],[37.4965,-4.1723],[37.5032,-4.1835],[37.4947,-4.2244],[37.5137,-4.2803],[37.5086,-4.2996],[37.4945,-4.3085],[37.5077,-4.3399],[37.4987,-4.3513],[37.4925,-4.353],[37.4938,-4.3686],[37.4992,-4.4011],[37.5137,-4.4257],[37.5533,-4.4661],[37.571,-4.4705],[37.6304,-4.523],[37.6564,-4.5175],[37.6858,-4.5339],[37.6891,-4.553],[37.7177,-4.5648],[37.7202,-4.5772],[37.7427,-4.5822],[37.7574,-4.6089],[37.763,-4.5978],[37.7767,-4.6092],[37.7918,-4.6074],[37.8443,-4.5723],[37.8744,-4.5882],[37.8879,-4.5783],[37.9128,-4.5848],[37.9338,-4.5763],[37.9409,-4.5867],[37.935,-4.5995],[37.9677,-4.5981],[37.9947,-4.613],[38.0024,-4.6091],[38.006,-4.5937],[38.024,-4.6006],[38.0382,-4.5958],[38.0506,-4.616],[38.0797,-4.615],[38.1097,-4.5984]]]]}},{"id":"feature_11","type":"Feature","properties":{"gid":"TZA.19_1","name":"Kusini Pemba","addo_count":0},"geometry":{"type":"MultiPolygon","coordinates":[[[[39.5857,-5.411],[39.5699,-5.4143],[39.5896,-5.4401],[39.5982,-5.439],[39.6032,-5.4607],[39.6096,-5.4554],[39.616,-5.4685],[39.6321,-5.4665],[39.6338,-5.4824],[39.6507,-5.4868],[39.6499,-5.4682],[39.6587,-5.4615],[39.6693,-5.4699],[39.6596,-5.4501],[39.6349,-5.4463],[39.6321,-5.4524],[39.6237,-5.4432],[39.619,-5.4507],[39.6176,-5.4276],[39.6051,-5.4343],[39.6001,-5.4118],[39.599,-5.4168],[39.5907,-5.4115],[39.591,-5.4176],[39.5857,-5.411]]],[[[39.7625,-5.1641],[39.7343,-5.1876],[39.7407,-5.2049],[39.7235,-5.1982],[39.7196,-5.2112],[39.689,-5.2035],[39.6743,-5.214],[39.6565,-5.1871],[39.6474,-5.1876],[39.6474,-5.2026],[39.6707,-5.2196],[39.7015,-5.2174],[39.7182,-5.2337],[39.7518,-5.2421],[39.756,-5.2554],[39.7274,-5.2421],[39.7074,-5.2557],[39.6876,-5.2512],[39.6885,-5.2726],[39.7062,-5.284],[39.694,-5.2824],[39.6901,-5.2771],[39.6818,-5.291],[39.6668,-5.2832],[39.654,-5.2882],[39.6851,-5.341],[39.6635,-5.3374],[39.6549,-5.3185],[39.6418,-5.3399],[39.6443,-5.3624],[39.6371,-5.3707],[39.6432,-5.3815],[39.6299,-5.4082],[39.6376,-5.4346],[39.6821,-5.4335],[39.7018,-5.4554],[39.7157,-5.4479],[39.7029,-5.4354],[39.7115,-5.4332],[39.7163,-5.4407],[39.7204,-5.4326],[39.7329,-5.4454],[39.7185,-5.4562],[39.7257,-5.474],[39.7276,-5.4593],[39.7435,-5.4521],[39.7429,-5.4404],[39.7593,-5.4393],[39.7901,-5.4026],[39.791,-5.3896],[39.7976,-5.3913],[39.7938,-5.3782],[39.7604,-5.4115],[39.7687,-5.3974],[39.8096,-5.3635],[39.8032,-5.331],[39.8093,-5.3351],[39.8196,-5.3212],[39.8363,-5.2768],[39.8257,-5.2779],[39.8312,-5.2704],[39.8393,-5.2735],[39.8276,-5.2574],[39.8357,-5.2629],[39.8415,-5.2526],[39.8546,-5.1941],[39.8288,-5.194],[39.793,-5.2109],[39.79,-5.1652],[39.7625,-5.1641]]],[[[39.5676,-5.3985],[39.5624,-5.4032],[39.5732,-5.409],[39.5721,-5.4026],[39.5676,-5.3985]]],[[[39.6699,-5.4718],[39.6674,-5.471],[39.6662,-5.4721],[39.669,-5.4743],[39.6699,-5.4718]]],[[[39.6157,-5.3676],[39.604,-5.3771],[39.6288,-5.3896],[39.6329,-5.3826],[39.6157,-5.3676]]],[[[39.5832,-5.3668],[39.5801,-5.3668],[39.5799,-5.3712],[39.5832,-5.3715],[39.5832,-5.3668]]],[[[39.5863,-5.3618],[39.5849,-5.3601],[39.5815,-5.3632],[39.5854,-5.3651],[39.5863,-5.3618]]],[[[39.6085,-5.2357],[39.5985,-5.2393],[39.5954,-5.2524],[39.6126,-5.2415],[39.6085,-5.2357]]]]}},{"id":"feature_12","type":"Feature","properties":{"gid":"TZA.29_1","name":"Kusini Unguja","addo_count":0},"geometry":{"type":"MultiPolygon","coordinates":[[[[39.3104,-6.231],[39.314,-6.2463],[39.3329,-6.2615],[39.3496,-6.3076],[39.3635,-6.3101],[39.3685,-6.3274],[39.379,-6.331],[39.3885,-6.3474],[39.3868,-6.3682],[39.3996,-6.3701],[39.4015,-6.3871],[39.4182,-6.4126],[39.4162,-6.3451],[39.3868,-6.309],[39.4038,-6.3226],[39.4121,-6.3126],[39.4324,-6.3518],[39.4274,-6.3637],[39.444,-6.4093],[39.4843,-6.4715],[39.5151,-6.4774],[39.5638,-6.4385],[39.5818,-6.386],[39.5538,-6.3354],[39.5371,-6.2837],[39.5354,-6.1885],[39.5262,-6.1621],[39.5107,-6.1262],[39.4926,-6.1232],[39.4888,-6.149],[39.4979,-6.1496],[39.5107,-6.181],[39.5065,-6.1971],[39.4938,-6.1832],[39.4893,-6.1963],[39.4762,-6.1874],[39.4751,-6.1707],[39.4635,-6.1932],[39.4557,-6.1935],[39.4568,-6.2015],[39.444,-6.1793],[39.434,-6.1901],[39.4335,-6.1832],[39.4204,-6.1943],[39.4196,-6.1874],[39.4146,-6.191],[39.4146,-6.189],[39.4188,-6.1821],[39.4382,-6.1718],[39.4374,-6.1546],[39.4257,-6.1374],[39.4318,-6.0643],[39.4104,-6.0538],[39.4054,-6.0249],[39.399,-6.0237],[39.3305,-6.0371],[39.2959,-6.0288],[39.2797,-6.0301],[39.2873,-6.0519],[39.2759,-6.0886],[39.2735,-6.1291],[39.2734,-6.1373],[39.272,-6.1455],[39.2723,-6.1582],[39.2887,-6.2093],[39.3104,-6.231]]]]}},{"id":"feature_13","type":"Feature","properties":{"gid":"TZA.10_1","name":"Lindi","addo_count":117},"geometry":{"type":"MultiPolygon","coordinates":[[[[38.2648,-10.6859],[38.2761,-10.6705],[38.2781,-10.61],[38.2927,-10.6041],[38.4247,-10.6065],[38.5587,-10.5501],[38.6212,-10.5059],[38.6888,-10.5022],[38.7057,-10.4775],[38.7156,-10.4834],[38.7285,-10.5162],[38.7374,-10.5172],[38.7604,-10.5466],[38.8254,-10.5524],[38.8757,-10.5469],[38.8865,-10.5139],[38.9045,-10.5025],[38.9444,-10.4981],[38.9613,-10.4797],[38.9781,-10.4768],[38.9828,-10.4662],[39.0497,-10.4536],[39.093,-10.4213],[39.1149,-10.4191],[39.1244,-10.4051],[39.1556,-10.4023],[39.15,-10.3864],[39.1739,-10.3926],[39.2323,-10.3537],[39.2757,-10.3523],[39.2897,-10.3378],[39.3045,-10.3411],[39.3185,-10.3338],[39.332,-10.3268],[39.3559,-10.3512],[39.3586,-10.3516],[39.3936,-10.3378],[39.4057,-10.3392],[39.462,-10.3643],[39.4811,-10.3826],[39.4934,-10.4587],[39.5625,-10.5276],[39.5808,-10.5998],[39.6211,-10.5996],[39.6244,-10.6183],[39.6458,-10.6178],[39.6672,-10.5773],[39.7302,-10.5382],[39.7287,-10.5266],[39.7017,-10.4961],[39.7031,-10.4802],[39.7176,-10.4592],[39.6918,-10.3768],[39.6926,-10.3266],[39.7733,-10.2672],[39.894,-10.2643],[39.8967,-10.2304],[39.9178,-10.2228],[39.9549,-10.2027],[39.9757,-10.1979],[39.9824,-10.1776],[39.9799,-10.164],[39.9649,-10.1579],[39.9615,-10.1482],[39.9757,-10.1282],[39.9571,-10.1099],[39.9593,-10.0926],[39.9535,-10.1024],[39.9415,-10.1007],[39.9482,-10.0949],[39.9454,-10.0812],[39.9374,-10.0718],[39.9335,-10.0793],[39.9182,-10.0463],[39.8835,-10.0185],[39.8304,-10.0068],[39.8187,-9.9826],[39.7754,-9.981],[39.7657,-9.974],[39.7415,-9.9799],[39.7262,-9.9992],[39.7271,-10.0168],[39.7188,-10.0293],[39.6826,-10.0565],[39.6768,-10.0535],[39.7151,-10.0151],[39.719,-9.996],[39.7062,-9.9693],[39.7124,-9.9554],[39.7454,-9.9429],[39.7501,-9.9326],[39.771,-9.9371],[39.7874,-9.9254],[39.7824,-9.9062],[39.7568,-9.8907],[39.7821,-9.8921],[39.7898,-9.8818],[39.7965,-9.8901],[39.7929,-9.8838],[39.8085,-9.8579],[39.8063,-9.831],[39.8018,-9.8154],[39.7618,-9.7868],[39.7538,-9.7504],[39.7363,-9.7426],[39.731,-9.7488],[39.716,-9.7368],[39.7171,-9.726],[39.7412,-9.7188],[39.7363,-9.7149],[39.7504,-9.7057],[39.7307,-9.6915],[39.7499,-9.6599],[39.7412,-9.6449],[39.7285,-9.6462],[39.7174,-9.6365],[39.7315,-9.5987],[39.7171,-9.5829],[39.7082,-9.5524],[39.6963,-9.5435],[39.6987,-9.5201],[39.6876,-9.5157],[39.6821,-9.4918],[39.669,-9.496],[39.6488,-9.4793],[39.639,-9.4857],[39.6421,-9.4785],[39.6554,-9.4785],[39.6565,-9.4579],[39.6293,-9.4218],[39.6032,-9.4221],[39.586,-9.4368],[39.584,-9.4307],[39.5618,-9.4279],[39.5635,-9.406],[39.5815,-9.4032],[39.6043,-9.4124],[39.6249,-9.3837],[39.6443,-9.3787],[39.6585,-9.361],[39.6479,-9.3268],[39.6482,-9.2696],[39.6279,-9.2571],[39.6315,-9.2454],[39.6426,-9.2429],[39.6432,-9.1974],[39.6046,-9.1237],[39.6151,-9.1129],[39.6162,-9.0651],[39.6293,-9.0651],[39.606,-9.0585],[39.5765,-9.0354],[39.5532,-9.0357],[39.5474,-9.029],[39.5588,-9.0571],[39.5493,-9.0637],[39.5551,-9.0846],[39.5687,-9.0921],[39.5729,-9.0846],[39.579,-9.0974],[39.5999,-9.1049],[39.5926,-9.1271],[39.6032,-9.1507],[39.5654,-9.0971],[39.5471,-9.0915],[39.544,-9.1074],[39.5318,-9.1001],[39.5187,-9.1165],[39.4796,-9.0932],[39.5124,-9.0687],[39.5049,-9.0585],[39.4899,-9.0557],[39.4999,-9.0529],[39.5049,-9.0346],[39.4982,-9.004],[39.4865,-8.9974],[39.4818,-8.9565],[39.4879,-8.949],[39.5135,-8.9479],[39.5187,-8.9282],[39.5288,-8.9354],[39.5593,-8.9287],[39.5526,-8.9129],[39.5182,-8.8982],[39.4951,-8.8285],[39.4979,-8.8126],[39.4907,-8.8096],[39.4863,-8.8257],[39.4651,-8.8168],[39.449,-8.7907],[39.436,-8.7418],[39.426,-8.7379],[39.4135,-8.7449],[39.3885,-8.7179],[39.3613,-8.7221],[39.3729,-8.7112],[39.3568,-8.6774],[39.3643,-8.6207],[39.3512,-8.5865],[39.3393,-8.5807],[39.3507,-8.5765],[39.351,-8.5688],[39.3374,-8.5688],[39.344,-8.566],[39.3376,-8.5562],[39.3429,-8.5468],[39.3229,-8.5407],[39.3185,-8.5465],[39.3187,-8.5293],[39.2938,-8.5099],[39.2999,-8.4885],[39.2885,-8.4521],[39.3093,-8.4257],[39.2979,-8.4204],[39.2973,-8.4176],[39.3065,-8.4126],[39.2974,-8.4013],[39.3121,-8.3746],[39.2893,-8.3646],[39.2657,-8.3179],[39.2801,-8.3082],[39.3018,-8.3079],[39.2938,-8.2996],[39.311,-8.2999],[39.2945,-8.2803],[39.2774,-8.2679],[39.2464,-8.2656],[39.242,-8.2735],[39.2171,-8.2592],[39.2095,-8.2646],[39.1677,-8.2743],[39.1437,-8.3005],[39.0937,-8.3321],[39.0183,-8.333],[38.9509,-8.3702],[38.8159,-8.4113],[38.7803,-8.4449],[38.7427,-8.4966],[38.7186,-8.5145],[38.5171,-8.5031],[38.5131,-8.3587],[38.4834,-8.3164],[38.1302,-8.1272],[37.9998,-8.0861],[37.8887,-8.0329],[37.8429,-8.0061],[37.8347,-7.9821],[37.8406,-7.9695],[37.8264,-7.9506],[37.8087,-7.9473],[37.8019,-7.9345],[37.7637,-7.9464],[37.7205,-7.9806],[37.6883,-8.0553],[37.6611,-8.0969],[37.6337,-8.2182],[37.5816,-8.3198],[37.5579,-8.3982],[37.501,-8.4801],[37.4418,-8.5166],[37.4016,-8.693],[37.4134,-8.823],[37.4044,-8.9124],[37.3817,-9.0153],[37.3813,-9.1036],[37.3738,-9.1403],[37.3402,-9.2088],[37.3284,-9.2579],[37.3381,-9.2681],[37.3211,-9.274],[37.3328,-9.2869],[37.3137,-9.3093],[37.3177,-9.3206],[37.2895,-9.3555],[37.2888,-9.371],[37.2751,-9.3778],[37.2831,-9.382],[37.28,-9.3888],[37.2935,-9.3929],[37.2783,-9.4079],[37.288,-9.4118],[37.2802,-9.425],[37.2858,-9.4399],[37.274,-9.4579],[37.2866,-9.4651],[37.2765,-9.4686],[37.2689,-9.4866],[37.2855,-9.4901],[37.2832,-9.4981],[37.2682,-9.4995],[37.2637,-9.509],[37.2516,-9.5241],[37.1396,-9.5868],[37.142,-9.5863],[37.1332,-9.5993],[37.1243,-9.6284],[37.1203,-9.6576],[37.0881,-9.7225],[37.0491,-9.757],[37.0345,-9.7967],[37.0151,-9.8034],[36.9702,-9.8887],[36.9049,-9.9286],[36.8909,-9.9415],[36.8819,-9.9929],[36.8854,-10.0202],[36.869,-10.0517],[36.8744,-10.0784],[36.8749,-10.0939],[36.9018,-10.1124],[36.9489,-10.1731],[36.9838,-10.2448],[37.0033,-10.2646],[37.0353,-10.2829],[37.1497,-10.3001],[37.2366,-10.3464],[37.4225,-10.4033],[37.5911,-10.4813],[37.615,-10.5084],[37.6466,-10.5144],[37.6846,-10.5316],[37.7572,-10.5479],[37.8373,-10.5439],[37.866,-10.5529],[37.857,-10.5761],[37.8652,-10.5802],[37.8753,-10.6204],[37.8847,-10.6281],[37.8799,-10.6492],[37.8865,-10.7363],[37.9612,-10.7353],[37.9958,-10.727],[38.023,-10.7192],[38.1221,-10.6853],[38.1924,-10.6968],[38.2648,-10.6859]]],[[[39.6851,-10.0507],[39.6888,-10.0482],[39.6896,-10.0454],[39.6843,-10.0471],[39.6851,-10.0507]]],[[[39.696,-10.0446],[39.6921,-10.0435],[39.689,-10.049],[39.6935,-10.0476],[39.696,-10.0446]]],[[[39.7054,-10.0287],[39.7046,-10.0307],[39.7124,-10.0204],[39.7107,-10.0212],[39.7054,-10.0287]]],[[[39.7618,-9.7587],[39.7615,-9.756],[39.7601,-9.761],[39.7618,-9.7587]]],[[[39.7435,-9.7176],[39.7454,-9.7165],[39.746,-9.7149],[39.7421,-9.716],[39.7435,-9.7176]]],[[[39.7571,-9.7121],[39.7579,-9.7071],[39.7562,-9.7071],[39.7557,-9.7118],[39.7571,-9.7121]]],[[[39.7337,-9.6424],[39.7351,-9.6415],[39.7318,-9.641],[39.7318,-9.6426],[39.7337,-9.6424]]],[[[39.5776,-9.4057],[39.5762,-9.4043],[39.576,-9.4068],[39.5776,-9.4057]]],[[[39.5774,-9.0926],[39.5737,-9.0921],[39.5707,-9.094],[39.5801,-9.0938],[39.5774,-9.0926]]],[[[39.5185,-9.0879],[39.5082,-9.0996],[39.511,-9.1071],[39.5135,-9.0979],[39.5185,-9.0879]]],[[[39.5446,-9.0893],[39.5454,-9.0876],[39.5438,-9.0874],[39.5429,-9.089],[39.5446,-9.0893]]],[[[39.549,-9.0774],[39.5482,-9.076],[39.5474,-9.0757],[39.5485,-9.0785],[39.549,-9.0774]]],[[[39.531,-9.0457],[39.5235,-9.0485],[39.524,-9.0599],[39.5368,-9.0549],[39.531,-9.0457]]],[[[39.5024,-9.0526],[39.5032,-9.0513],[39.5013,-9.0507],[39.5013,-9.0526],[39.5024,-9.0526]]],[[[39.529,-8.9493],[39.4896,-8.9612],[39.5107,-8.9899],[39.5174,-9.0149],[39.539,-9.0121],[39.5324,-9.004],[39.5379,-8.9976],[39.546,-9.0021],[39.5276,-8.981],[39.5349,-8.9579],[39.529,-8.9493]]],[[[39.5707,-8.5671],[39.5679,-8.5663],[39.5657,-8.5749],[39.5701,-8.571],[39.5707,-8.5671]]],[[[39.5396,-8.5457],[39.5354,-8.5457],[39.5321,-8.5521],[39.5371,-8.5501],[39.5396,-8.5457]]],[[[39.626,-9.0779],[39.6215,-9.079],[39.6226,-9.0851],[39.6257,-9.081],[39.626,-9.0779]]],[[[39.6263,-9.0738],[39.6215,-9.0735],[39.6215,-9.0754],[39.6271,-9.0765],[39.6263,-9.0738]]],[[[39.6282,-9.0726],[39.6288,-9.071],[39.6274,-9.0707],[39.6263,-9.0721],[39.6282,-9.0726]]],[[[39.5887,-8.279],[39.5924,-8.279],[39.5946,-8.2765],[39.5893,-8.2776],[39.5887,-8.279]]],[[[39.5279,-8.5437],[39.5251,-8.5465],[39.5299,-8.5476],[39.5301,-8.5451],[39.5279,-8.5437]]],[[[39.4963,-8.5068],[39.4837,-8.5132],[39.4985,-8.5379],[39.4996,-8.5321],[39.5238,-8.5574],[39.5185,-8.5304],[39.4963,-8.5068]]],[[[39.5762,-8.3807],[39.5726,-8.3799],[39.5715,-8.3826],[39.5774,-8.3843],[39.5762,-8.3807]]],[[[39.4349,-8.3035],[39.4346,-8.3026],[39.4318,-8.3032],[39.434,-8.3057],[39.4349,-8.3035]]]]}},{"id":"feature_14","type":"Feature","properties":{"gid":"TZA.11_1","name":"Manyara","addo_count":69},"geometry":{"type":"MultiPolygon","coordinates":[[[[36.9246,-5.929],[36.9648,-5.9274],[36.9961,-5.9159],[36.9989,-5.9201],[37.0121,-5.9078],[37.0227,-5.9005],[37.0278,-5.8883],[37.0198,-5.8789],[37.0374,-5.8496],[37.1027,-5.7712],[37.1171,-5.7737],[37.1483,-5.7434],[37.2052,-5.7541],[37.2062,-5.7169],[37.1661,-5.7182],[37.1848,-5.6853],[37.2191,-5.652],[37.2244,-5.6299],[37.2424,-5.629],[37.2574,-5.6052],[37.2499,-5.6003],[37.2563,-5.5868],[37.2383,-5.5729],[37.2506,-5.54],[37.2687,-5.5277],[37.3309,-5.4515],[37.3875,-5.264],[37.3598,-5.2187],[37.4907,-5.0613],[37.5851,-5.0072],[37.63,-5.0156],[37.6864,-5.0415],[37.7661,-5.0115],[37.7979,-5.0328],[37.8044,-5.0233],[37.8255,-5.0226],[37.8478,-4.981],[37.8922,-4.9798],[37.933,-4.9615],[37.9344,-4.9675],[37.9571,-4.9683],[37.981,-4.9912],[38.0007,-4.994],[37.9983,-4.7797],[37.9869,-4.7644],[37.9823,-4.7539],[37.9945,-4.7103],[37.9994,-4.6136],[37.9947,-4.613],[37.9677,-4.5981],[37.935,-4.5995],[37.9409,-4.5867],[37.9338,-4.5763],[37.9128,-4.5848],[37.8879,-4.5783],[37.8744,-4.5882],[37.8443,-4.5723],[37.7918,-4.6074],[37.7767,-4.6092],[37.763,-4.5978],[37.7574,-4.6089],[37.7427,-4.5822],[37.7202,-4.5772],[37.7177,-4.5648],[37.6891,-4.553],[37.6858,-4.5339],[37.6564,-4.5175],[37.6304,-4.523],[37.571,-4.4705],[37.5533,-4.4661],[37.5137,-4.4257],[37.4992,-4.4011],[37.4938,-4.3686],[37.4918,-4.3553],[37.4987,-4.3513],[37.5077,-4.3399],[37.4945,-4.3085],[37.5086,-4.2996],[37.5137,-4.2803],[37.4947,-4.2244],[37.5032,-4.1835],[37.4965,-4.1723],[37.5131,-4.1375],[37.5126,-4.1219],[37.5061,-4.0859],[37.5119,-4.0826],[37.491,-4.0524],[37.4891,-4.021],[37.4708,-4.0117],[37.4721,-3.9933],[37.4632,-3.9799],[37.4603,-3.958],[37.467,-3.9459],[37.4587,-3.9316],[37.4683,-3.9157],[37.4601,-3.9006],[37.4638,-3.8897],[37.4578,-3.8858],[37.4502,-3.8855],[37.4572,-3.871],[37.4504,-3.8668],[37.4574,-3.8634],[37.4587,-3.8415],[37.4688,-3.8272],[37.4631,-3.8035],[37.4282,-3.7503],[37.4088,-3.669],[37.3965,-3.6721],[37.3543,-3.6425],[37.3422,-3.6308],[37.3225,-3.5849],[37.311,-3.5694],[37.298,-3.5345],[37.307,-3.5153],[37.3005,-3.5018],[37.2293,-3.4891],[37.2129,-3.4545],[37.1941,-3.4509],[37.1836,-3.4606],[37.1646,-3.4547],[37.139,-3.4874],[37.1105,-3.4766],[37.0892,-3.4901],[37.0722,-3.4882],[37.0613,-3.493],[37.021,-3.5026],[36.9833,-3.5407],[36.9662,-3.5728],[36.9203,-3.5707],[36.8934,-3.598],[36.8856,-3.5843],[36.8618,-3.5859],[36.8368,-3.6491],[36.8031,-3.6556],[36.7694,-3.6008],[36.7159,-3.5534],[36.6908,-3.593],[36.7025,-3.6115],[36.6668,-3.6139],[36.6605,-3.6308],[36.6186,-3.649],[36.6178,-3.6725],[36.6031,-3.6922],[36.5633,-3.7165],[36.5492,-3.712],[36.5384,-3.7273],[36.5339,-3.7309],[36.5038,-3.7552],[36.4896,-3.771],[36.4818,-3.7818],[36.3428,-3.8034],[36.2998,-3.8044],[36.2958,-3.8437],[36.2986,-4.1448],[36.2825,-4.1505],[36.1492,-3.8711],[35.9812,-3.6566],[35.9692,-3.6592],[35.9423,-3.6372],[35.8818,-3.6436],[35.8731,-3.6258],[35.7786,-3.5613],[35.7618,-3.5604],[35.7443,-3.5731],[35.716,-3.5569],[35.7134,-3.6315],[35.6797,-3.7665],[35.592,-3.7753],[35.6249,-3.6979],[35.5407,-3.692],[35.5237,-3.6787],[35.4656,-3.6617],[35.386,-3.6172],[35.3293,-3.6909],[35.2929,-3.6897],[35.1408,-3.8036],[35.0718,-3.8366],[35.0184,-3.8714],[35.0088,-3.874],[35.0005,-3.8652],[34.9838,-3.8633],[34.9103,-3.8983],[34.892,-3.9088],[34.9121,-3.971],[34.9369,-3.9947],[34.991,-3.9908],[34.9667,-4.0924],[34.9708,-4.2081],[34.9549,-4.2421],[34.906,-4.279],[34.8721,-4.3476],[34.8652,-4.3687],[34.8755,-4.4136],[34.9726,-4.4602],[34.9953,-4.5015],[35.0377,-4.5383],[35.0738,-4.6185],[35.1285,-4.6309],[35.1464,-4.6778],[35.1451,-4.7323],[35.1575,-4.7578],[35.2023,-4.7695],[35.2842,-4.8064],[35.3233,-4.8714],[35.3412,-4.8791],[35.3509,-4.8584],[35.3741,-4.8666],[35.4033,-4.862],[35.4141,-4.8699],[35.488,-4.8418],[35.5067,-4.8195],[35.5388,-4.7405],[35.6071,-4.6933],[35.6141,-4.6586],[35.6519,-4.6113],[35.6656,-4.5815],[35.6536,-4.5548],[35.6598,-4.5383],[35.6524,-4.5111],[35.6606,-4.4918],[35.6837,-4.4835],[35.7443,-4.4362],[35.7468,-4.4225],[35.7644,-4.4068],[35.8176,-4.3906],[35.8121,-4.3612],[35.8185,-4.3151],[35.8442,-4.3356],[35.903,-4.3502],[36.0007,-4.397],[36.1541,-4.4033],[36.2505,-4.4149],[36.3462,-4.4375],[36.3202,-4.4802],[36.3276,-4.5023],[36.3086,-4.5225],[36.2882,-4.5896],[36.3073,-4.8076],[36.3374,-4.8477],[36.3384,-4.8809],[36.3138,-5.0106],[36.3245,-5.0911],[36.2931,-5.1719],[36.2704,-5.1993],[36.3007,-5.2076],[36.2741,-5.2329],[36.294,-5.3024],[36.2989,-5.4179],[36.2472,-5.4109],[36.2586,-5.4644],[36.3049,-5.5185],[36.4184,-5.6039],[36.4207,-5.6241],[36.4426,-5.6439],[36.4412,-5.6613],[36.4319,-5.6701],[36.5136,-5.6921],[36.5344,-5.7285],[36.5786,-5.7458],[36.6007,-5.7996],[36.6485,-5.8317],[36.6769,-5.8649],[36.7092,-5.9206],[36.7158,-5.9463],[36.7948,-5.9385],[36.8298,-5.9414],[36.8549,-5.9535],[36.9246,-5.929]]]]}},{"id":"feature_15","type":"Feature","properties":{"gid":"TZA.12_1","name":"Mara","addo_count":215},"geometry":{"type":"MultiPolygon","coordinates":[[[[35.2189,-2.5008],[35.161,-2.394],[35.2667,-2.3579],[35.2666,-2.3025],[35.2113,-2.069],[35.2567,-1.6937],[34.1719,-1.0734],[34.0775,-1.0262],[34.0483,-1.0486],[34.0332,-1.0451],[34.0265,-1.0153],[34.0165,-1.004],[33.9312,-1.0042],[33.9309,-0.9932],[32.7159,-0.9974],[32.7208,-1.0421],[32.7033,-1.4841],[33.4659,-1.4732],[33.4582,-1.7692],[33.4216,-1.7598],[33.3558,-1.7755],[33.2911,-1.8486],[33.219,-1.9937],[33.1888,-2.0313],[33.1888,-2.0856],[33.2034,-2.119],[33.2023,-2.1837],[33.288,-2.3184],[33.43,-2.3132],[33.6957,-2.2043],[33.8166,-2.1936],[33.8319,-2.1992],[33.8449,-2.1931],[33.8557,-2.2],[33.9074,-2.1812],[33.9442,-2.1936],[33.9898,-2.1844],[34.0375,-2.2165],[34.0473,-2.2152],[34.0628,-2.2398],[34.0915,-2.2633],[34.128,-2.2705],[34.1644,-2.2571],[34.1762,-2.2663],[34.1785,-2.2794],[34.2287,-2.3091],[34.2549,-2.3125],[34.2776,-2.3048],[34.2976,-2.3135],[34.2953,-2.3242],[34.326,-2.3678],[34.3564,-2.3767],[34.3611,-2.3908],[34.4,-2.4005],[34.4192,-2.4331],[34.4521,-2.4474],[34.4889,-2.4919],[34.6088,-2.4864],[34.6565,-2.4935],[34.7436,-2.4806],[34.7759,-2.4893],[34.9905,-2.4881],[35.0784,-2.5],[35.2189,-2.5008]]]]}},{"id":"feature_16","type":"Feature","properties":{"gid":"TZA.13_1","name":"Mbeya","addo_count":379},"geometry":{"type":"MultiPolygon","coordinates":[[[[33.6195,-9.4409],[33.6253,-9.4516],[33.6618,-9.4521],[33.6711,-9.4731],[33.6765,-9.496],[33.6903,-9.5048],[33.6801,-9.5078],[33.6783,-9.5298],[33.6909,-9.5393],[33.6689,-9.5496],[33.6713,-9.6088],[33.7018,-9.6184],[33.7187,-9.582],[33.7666,-9.5837],[33.8034,-9.6074],[33.816,-9.629],[33.8672,-9.6611],[33.8778,-9.68],[33.8838,-9.6757],[33.8973,-9.6914],[33.912,-9.6923],[33.9038,-9.708],[33.9389,-9.7117],[33.9671,-9.627],[33.9453,-9.5722],[33.9648,-9.5284],[34.0151,-9.4945],[34.0363,-9.4919],[34.0778,-9.5287],[34.0905,-9.5094],[34.0682,-9.4985],[34.0106,-9.4101],[33.9848,-9.3881],[33.9827,-9.33],[33.9706,-9.3065],[33.949,-9.2892],[33.9221,-9.2523],[33.9001,-9.2473],[33.8671,-9.2327],[33.8375,-9.1942],[33.8596,-9.1618],[33.8475,-9.144],[33.8484,-9.1039],[33.8282,-9.0904],[33.8118,-9.066],[33.824,-9.0498],[33.829,-9.0316],[33.8189,-8.9105],[33.829,-8.9119],[33.8461,-8.8459],[33.9007,-8.8415],[33.9017,-8.8766],[33.9928,-8.8688],[33.9938,-8.8882],[34.0393,-8.9007],[34.0431,-8.8869],[34.0561,-8.8793],[34.0571,-8.8439],[34.1243,-8.841],[34.159,-8.8605],[34.2008,-8.9397],[34.2373,-8.938],[34.2862,-8.9215],[34.2938,-8.8265],[34.3923,-8.8307],[34.4586,-8.8126],[34.5121,-8.8121],[34.5464,-8.7893],[34.5575,-8.7464],[34.5856,-8.6986],[34.605,-8.6865],[34.7,-8.6662],[34.7186,-8.6374],[34.7167,-8.6089],[34.7134,-8.5808],[34.7219,-8.5354],[34.7251,-8.5116],[34.7193,-8.5021],[34.7147,-8.4809],[34.684,-8.4519],[34.6995,-8.4106],[34.7354,-8.3854],[34.7477,-8.3592],[34.8275,-8.2699],[34.8374,-8.2483],[34.8646,-8.2249],[34.9097,-8.1659],[34.9399,-8.1468],[34.9689,-8.1017],[34.9438,-8.0889],[34.9199,-8.0519],[34.8578,-7.9308],[34.8514,-7.9026],[34.7523,-7.8274],[34.6885,-7.7465],[34.6299,-7.7253],[34.5099,-7.7135],[34.3655,-7.7357],[34.3371,-7.7109],[34.2798,-7.627],[34.2706,-7.6195],[34.2684,-7.592],[34.2,-7.4965],[34.1946,-7.3728],[34.0311,-7.4112],[34.0103,-7.425],[34.0058,-7.4538],[34.0162,-7.476],[33.9837,-7.5305],[33.9372,-7.5368],[33.9154,-7.5273],[33.8803,-7.5326],[33.8019,-7.5261],[33.7966,-7.5141],[33.8057,-7.4824],[33.8187,-7.456],[33.8157,-7.4145],[33.7859,-7.2991],[33.8052,-7.1304],[33.7912,-7.1188],[33.7384,-7.1094],[33.7153,-7.0868],[33.6961,-7.0834],[33.6761,-7.0453],[33.5747,-6.995],[33.5491,-6.9571],[33.515,-6.9593],[33.4847,-6.9434],[33.4475,-6.9438],[33.4238,-6.9585],[33.4143,-6.95],[33.3892,-6.9488],[33.3685,-6.9608],[33.3155,-6.9442],[33.2324,-6.9578],[33.2048,-6.9549],[33.185,-6.9501],[33.1781,-6.9348],[33.1542,-6.9191],[33.1202,-6.9134],[33.0766,-6.8709],[33.0269,-6.8672],[33.011,-6.8755],[32.9961,-6.8672],[32.9825,-6.8688],[32.9431,-6.8992],[32.9186,-6.8971],[32.9162,-6.9052],[32.9026,-6.9074],[32.8995,-6.9208],[32.8973,-7.1504],[32.8958,-7.4513],[32.914,-7.5042],[32.9194,-7.5498],[32.9852,-7.5303],[33.0399,-7.5376],[33.0308,-7.628],[33.0323,-7.7457],[33.0404,-7.7573],[32.9927,-7.7563],[32.9329,-7.8739],[33.0458,-7.8733],[33.0873,-7.8711],[33.0774,-7.8891],[33.0205,-7.9863],[33.0299,-8.028],[32.9946,-8.0992],[32.9911,-8.1501],[32.9714,-8.1781],[32.978,-8.2008],[32.9718,-8.2122],[32.982,-8.2403],[32.9692,-8.2598],[32.9704,-8.2767],[32.976,-8.2939],[32.9964,-8.2937],[33.0228,-8.2752],[33.0344,-8.2562],[33.0513,-8.2535],[33.0992,-8.2641],[33.1207,-8.2593],[33.1492,-8.2698],[33.1631,-8.2906],[33.1625,-8.3169],[33.1191,-8.3517],[33.111,-8.3702],[33.0632,-8.388],[33.0554,-8.437],[33.0452,-8.4509],[33.048,-8.4581],[33.0746,-8.466],[33.0931,-8.4915],[33.1263,-8.4957],[33.1313,-8.5794],[33.1775,-8.6216],[33.2099,-8.6637],[33.2096,-8.6901],[33.2323,-8.7041],[33.2273,-8.7263],[33.1429,-8.6903],[33.1273,-8.6469],[33.0873,-8.6105],[33.0636,-8.6196],[33.0108,-8.7115],[33.0328,-8.7417],[33.0454,-8.7434],[33.098,-8.7896],[33.1418,-8.8169],[33.1709,-8.8222],[33.1674,-8.8383],[33.1821,-8.8544],[33.1853,-8.8728],[33.2291,-8.8987],[33.2102,-8.9115],[33.2275,-8.9552],[33.217,-8.9817],[33.2239,-8.9973],[33.2141,-9.0419],[33.2355,-9.0899],[33.2139,-9.1166],[33.2117,-9.1331],[33.267,-9.1566],[33.2664,-9.174],[33.2542,-9.1908],[33.1982,-9.1933],[33.1668,-9.2072],[33.148,-9.2466],[33.1315,-9.2426],[33.1183,-9.2711],[33.1394,-9.2949],[33.2102,-9.2997],[33.2334,-9.2777],[33.2337,-9.266],[33.2688,-9.2425],[33.2884,-9.2363],[33.3229,-9.2406],[33.3441,-9.2886],[33.3705,-9.2861],[33.3853,-9.3268],[33.4059,-9.3258],[33.4197,-9.3358],[33.4377,-9.2761],[33.4293,-9.2148],[33.4414,-9.1572],[33.449,-9.1629],[33.4521,-9.1978],[33.467,-9.2134],[33.4552,-9.2449],[33.48,-9.3046],[33.5117,-9.3134],[33.5139,-9.3318],[33.5249,-9.3244],[33.5604,-9.3506],[33.5637,-9.3611],[33.5878,-9.3734],[33.611,-9.403],[33.6195,-9.4409]]]]}},{"id":"feature_17","type":"Feature","properties":{"gid":"TZA.30_1","name":"Mjini Magharibi","addo_count":0},"geometry":{"type":"MultiPolygon","coordinates":[[[[39.3368,-6.4182],[39.3321,-6.4237],[39.3421,-6.4382],[39.3413,-6.4224],[39.3368,-6.4182]]],[[[39.3271,-6.4126],[39.3262,-6.4101],[39.3249,-6.4107],[39.3268,-6.4132],[39.3271,-6.4126]]],[[[39.2888,-6.3737],[39.2818,-6.376],[39.2957,-6.3868],[39.2899,-6.3785],[39.2888,-6.3737]]],[[[39.289,-6.366],[39.2893,-6.3632],[39.2882,-6.3626],[39.286,-6.3668],[39.289,-6.366]]],[[[39.3515,-6.3535],[39.3493,-6.3571],[39.3563,-6.3626],[39.3565,-6.3563],[39.3515,-6.3535]]],[[[39.3093,-6.3532],[39.3068,-6.3521],[39.3101,-6.356],[39.3104,-6.354],[39.3093,-6.3532]]],[[[39.3057,-6.3521],[39.3043,-6.3501],[39.3065,-6.3543],[39.3057,-6.3521]]],[[[39.3335,-6.3401],[39.3326,-6.3454],[39.3387,-6.3476],[39.3382,-6.3435],[39.3335,-6.3401]]],[[[39.204,-6.0377],[39.2146,-6.1318],[39.2001,-6.1507],[39.2032,-6.1565],[39.1921,-6.1537],[39.186,-6.1626],[39.2068,-6.1896],[39.1982,-6.2232],[39.2124,-6.2374],[39.2118,-6.2482],[39.2507,-6.2796],[39.271,-6.3157],[39.2971,-6.3224],[39.2971,-6.2937],[39.2807,-6.2582],[39.2949,-6.2585],[39.3079,-6.2765],[39.2982,-6.2496],[39.311,-6.2413],[39.3104,-6.231],[39.2887,-6.2093],[39.2723,-6.1582],[39.272,-6.1455],[39.2734,-6.1373],[39.2735,-6.1291],[39.2759,-6.0886],[39.2868,-6.0493],[39.2797,-6.0301],[39.272,-6.0295],[39.2417,-6.0405],[39.2232,-6.0422],[39.204,-6.0377]]],[[[39.3182,-6.3135],[39.3174,-6.3113],[39.3168,-6.3113],[39.3179,-6.3146],[39.3182,-6.3135]]],[[[39.2263,-6.294],[39.2268,-6.2993],[39.2296,-6.3004],[39.2296,-6.2987],[39.2263,-6.294]]],[[[39.2207,-6.286],[39.2204,-6.2843],[39.2196,-6.2837],[39.2196,-6.2857],[39.2207,-6.286]]],[[[39.1779,-6.2776],[39.1768,-6.2732],[39.179,-6.2829],[39.1793,-6.281],[39.1779,-6.2776]]],[[[39.1257,-6.1885],[39.1243,-6.1874],[39.1246,-6.1899],[39.1274,-6.1896],[39.1274,-6.1887],[39.1257,-6.1885]]],[[[39.1357,-6.1474],[39.1318,-6.1462],[39.1251,-6.159],[39.136,-6.1526],[39.1357,-6.1474]]],[[[39.1915,-6.1249],[39.1871,-6.1257],[39.196,-6.1296],[39.1954,-6.1282],[39.1915,-6.1249]]],[[[39.166,-6.1179],[39.1626,-6.1188],[39.169,-6.1215],[39.169,-6.1193],[39.166,-6.1179]]]]}},{"id":"feature_18","type":"Feature","properties":{"gid":"TZA.14_1","name":"Morogoro","addo_count":355},"geometry":{"type":"MultiPolygon","coordinates":[[[[36.0778,-9.7631],[36.0888,-9.764],[36.0854,-9.7748],[36.0987,-9.7861],[36.1213,-9.7796],[36.1421,-9.7866],[36.1677,-9.7633],[36.1863,-9.7703],[36.2245,-9.7627],[36.2695,-9.7672],[36.2894,-9.7755],[36.2929,-9.7654],[36.3054,-9.7681],[36.325,-9.7575],[36.3343,-9.7246],[36.3818,-9.7125],[36.3984,-9.7],[36.4099,-9.6879],[36.4133,-9.6692],[36.4257,-9.6706],[36.4349,-9.6466],[36.4473,-9.6418],[36.4543,-9.6116],[36.4685,-9.6072],[36.4685,-9.6465],[36.4635,-9.6549],[36.454,-9.6538],[36.4524,-9.6717],[36.4647,-9.6901],[36.4806,-9.6916],[36.4992,-9.7146],[36.4949,-9.723],[36.5015,-9.7336],[36.4933,-9.7469],[36.5048,-9.7723],[36.5112,-9.8186],[36.5387,-9.8145],[36.5868,-9.7843],[36.6054,-9.7595],[36.767,-9.7559],[36.9942,-9.6358],[37.1163,-9.5937],[37.1396,-9.5868],[37.2516,-9.5241],[37.2637,-9.509],[37.2722,-9.4964],[37.2832,-9.4981],[37.2855,-9.4901],[37.2689,-9.4866],[37.2765,-9.4686],[37.2866,-9.4651],[37.274,-9.4579],[37.2858,-9.4399],[37.2802,-9.425],[37.288,-9.4118],[37.2783,-9.4079],[37.2935,-9.3929],[37.28,-9.3888],[37.2831,-9.382],[37.2751,-9.3778],[37.2888,-9.371],[37.2895,-9.3555],[37.3177,-9.3206],[37.3137,-9.3093],[37.3328,-9.2869],[37.3211,-9.274],[37.3381,-9.2681],[37.3284,-9.2579],[37.3402,-9.2088],[37.3738,-9.1403],[37.3813,-9.1036],[37.3817,-9.0153],[37.4044,-8.9124],[37.4134,-8.823],[37.4016,-8.693],[37.4418,-8.5166],[37.501,-8.4801],[37.5579,-8.3982],[37.5816,-8.3198],[37.6337,-8.2182],[37.6611,-8.0969],[37.6883,-8.0553],[37.7205,-7.9806],[37.7637,-7.9464],[37.8019,-7.9345],[37.7998,-7.9311],[37.7954,-7.9302],[37.798,-7.9223],[37.8019,-7.9053],[37.8062,-7.8927],[37.8399,-7.8719],[37.8428,-7.8542],[37.8341,-7.8403],[37.8178,-7.7738],[37.8236,-7.6981],[37.9128,-7.5856],[37.9863,-7.5287],[38.0151,-7.5508],[38.0442,-7.5605],[38.0892,-7.6203],[38.0979,-7.6217],[38.0973,-7.6305],[38.111,-7.6346],[38.305,-7.5809],[38.3059,-7.2686],[38.3364,-7.2322],[38.3458,-7.2166],[38.3409,-7.2121],[38.3492,-7.2144],[38.3509,-7.2037],[38.3693,-7.1977],[38.3803,-7.1798],[38.3941,-7.1791],[38.4002,-7.1935],[38.4024,-7.1865],[38.4141,-7.1913],[38.4144,-7.1854],[38.4244,-7.19],[38.4316,-7.1837],[38.4342,-7.1719],[38.4427,-7.1697],[38.4374,-7.1572],[38.4483,-7.1503],[38.4561,-7.1215],[38.4743,-7.1174],[38.48,-7.11],[38.4808,-7.0877],[38.4919,-7.0887],[38.4968,-7.0721],[38.4912,-7.0672],[38.4964,-7.0629],[38.4988,-7.0655],[38.501,-7.0612],[38.4981,-7.0551],[38.5156,-7.0488],[38.5067,-7.0261],[38.4786,-7.0256],[38.419,-7.0235],[38.4142,-7.031],[38.4017,-7.0272],[38.398,-7.0159],[38.3892,-7.0159],[38.361,-7.0169],[38.3385,-7.0176],[38.3176,-7.0091],[38.3201,-6.9895],[38.306,-6.9761],[38.2933,-6.9751],[38.2808,-6.9864],[38.2727,-6.9787],[38.2638,-6.9213],[38.2644,-6.7866],[38.247,-6.7038],[38.2112,-6.708],[38.1821,-6.6958],[38.1729,-6.699],[38.1332,-6.6694],[38.1162,-6.6764],[38.1203,-6.6687],[38.0905,-6.6579],[38.0429,-6.6578],[38.029,-6.6429],[38.0353,-6.6393],[38.0173,-6.6285],[38.0155,-6.6117],[38.0018,-6.6022],[38.0044,-6.2317],[38.0119,-6.2222],[38.0314,-6.2206],[38.0386,-6.2075],[38.0503,-6.2162],[38.0802,-6.2173],[38.0787,-6.2082],[38.0712,-6.2017],[38.0601,-6.1857],[38.0488,-6.1877],[38.0302,-6.1845],[38.0147,-6.1744],[37.9726,-6.173],[37.9748,-6.1657],[37.9613,-6.1657],[37.9755,-6.1592],[37.9733,-6.1483],[37.9602,-6.1497],[37.9653,-6.1384],[37.957,-6.1323],[37.9639,-6.1246],[37.9522,-6.1243],[37.9555,-6.117],[37.9308,-6.1126],[37.9264,-6.1042],[37.9108,-6.1144],[37.9151,-6.101],[37.9093,-6.0937],[37.8856,-6.097],[37.8835,-6.0748],[37.8689,-6.0511],[37.8751,-6.0479],[37.8675,-6.0457],[37.8675,-6.0191],[37.8576,-5.9983],[37.8439,-5.9938],[37.8463,-5.9757],[37.8647,-5.9696],[37.8654,-5.9518],[37.8312,-5.917],[37.8265,-5.9129],[37.8039,-5.8971],[37.7938,-5.8929],[37.776,-5.9007],[37.7711,-5.8888],[37.7553,-5.8907],[37.7567,-5.876],[37.7439,-5.8681],[37.7297,-5.8778],[37.7203,-5.8658],[37.6896,-5.9155],[37.6359,-5.9524],[37.6332,-5.9154],[37.612,-5.8998],[37.6091,-5.8584],[37.5982,-5.8577],[37.5773,-5.8388],[37.565,-5.8439],[37.5414,-5.8137],[37.5257,-5.8249],[37.4937,-5.8169],[37.4887,-5.8269],[37.4771,-5.8083],[37.4668,-5.8103],[37.4609,-5.8023],[37.4548,-5.8053],[37.4427,-5.8046],[37.3968,-5.8619],[37.3902,-5.905],[37.3953,-5.9307],[37.3847,-5.9571],[37.3618,-5.9775],[37.3283,-5.9837],[37.3173,-5.9816],[37.2337,-6.0023],[37.1762,-6.0027],[37.147,-5.9919],[37.1233,-5.9617],[37.0748,-5.8605],[37.0718,-5.8643],[37.0227,-5.9005],[37.0121,-5.9078],[36.9997,-5.9198],[36.9961,-5.9159],[36.9648,-5.9274],[36.9416,-5.9757],[36.8689,-6.0099],[36.817,-6.0566],[36.8497,-6.2651],[36.8502,-6.3588],[36.8002,-6.4056],[36.7646,-6.4185],[36.7261,-6.4607],[36.7225,-6.494],[36.7455,-6.5004],[36.7495,-6.5592],[36.7286,-6.5728],[36.7104,-6.6267],[36.6719,-6.6702],[36.6641,-6.7073],[36.6317,-6.7399],[36.6456,-6.7691],[36.637,-6.8037],[36.6436,-6.8332],[36.6368,-6.8514],[36.6457,-6.8877],[36.6374,-6.9244],[36.6483,-6.9512],[36.6487,-7.0268],[36.596,-7.0409],[36.5685,-7.0532],[36.5645,-7.0627],[36.5483,-7.0925],[36.5357,-7.1305],[36.5153,-7.1585],[36.5106,-7.171],[36.5132,-7.1718],[36.5126,-7.1786],[36.5043,-7.1919],[36.5118,-7.2357],[36.5173,-7.2448],[36.5184,-7.2693],[36.5302,-7.2856],[36.534,-7.3337],[36.4822,-7.3794],[36.482,-7.3937],[36.4796,-7.4121],[36.4898,-7.4141],[36.5029,-7.4335],[36.5188,-7.48],[36.5287,-7.5237],[36.5824,-7.5152],[36.5982,-7.5324],[36.6442,-7.5299],[36.6934,-7.5793],[36.7913,-7.5964],[36.7818,-7.644],[36.7892,-7.6485],[36.8456,-7.649],[36.8313,-7.7382],[36.8349,-7.7781],[36.7023,-7.981],[36.7024,-8.0118],[36.7123,-8.0258],[36.4648,-8.0286],[36.4642,-7.9817],[36.3022,-8.0856],[36.1678,-8.2021],[36.1411,-8.2318],[36.1072,-8.2897],[36.0229,-8.3576],[35.9569,-8.4308],[35.9165,-8.4377],[35.8991,-8.4488],[35.8893,-8.4608],[35.8726,-8.541],[35.8502,-8.5676],[35.69,-8.6655],[35.7128,-8.6737],[35.6935,-8.6881],[35.6929,-8.7444],[35.7001,-8.7637],[35.6652,-8.7424],[35.646,-8.7708],[35.6296,-8.7543],[35.616,-8.7308],[35.6024,-8.7027],[35.5949,-8.6922],[35.594,-8.6895],[35.5672,-8.6877],[35.5434,-8.6841],[35.514,-8.6643],[35.4755,-8.6589],[35.4165,-8.6645],[35.3629,-8.6829],[35.3505,-8.7164],[35.3318,-8.7226],[35.3276,-8.7341],[35.3279,-8.7419],[35.3559,-8.7791],[35.3498,-8.7979],[35.358,-8.8244],[35.3241,-8.871],[35.3498,-8.8798],[35.3564,-8.8868],[35.3493,-8.8908],[35.3674,-8.9174],[35.3641,-8.9399],[35.3889,-8.9467],[35.3937,-8.9601],[35.4115,-8.9593],[35.4153,-8.9656],[35.4156,-8.9783],[35.3846,-9.0126],[35.4652,-9.039],[35.524,-9.0687],[35.5008,-9.1786],[35.5011,-9.4913],[35.5239,-9.4742],[35.5462,-9.4655],[35.5569,-9.4573],[35.6322,-9.2745],[35.6357,-9.2752],[35.6748,-9.2611],[35.6783,-9.2548],[35.6828,-9.2541],[35.7013,-9.2865],[35.729,-9.2924],[35.7295,-9.2981],[35.7564,-9.2959],[35.7746,-9.3221],[35.8024,-9.3104],[35.872,-9.2537],[35.9116,-9.2541],[35.9139,-9.2744],[35.919,-9.2959],[35.9136,-9.3098],[35.9197,-9.328],[35.9261,-9.3273],[35.9194,-9.3433],[35.9299,-9.3677],[35.9446,-9.404],[35.9467,-9.429],[35.9343,-9.4561],[35.9296,-9.4528],[35.8926,-9.4777],[35.8869,-9.5028],[35.8459,-9.557],[35.8117,-9.676],[35.7764,-9.7151],[35.7137,-9.7646],[35.6995,-9.7907],[35.6811,-9.8156],[35.6741,-9.8295],[35.6822,-9.8391],[35.6874,-9.8703],[35.6998,-9.8692],[35.7321,-9.886],[35.7563,-9.9184],[35.7716,-9.9235],[35.8074,-9.8995],[35.845,-9.8877],[35.9243,-9.8052],[36.0189,-9.7599],[36.0365,-9.7596],[36.036,-9.7538],[36.0511,-9.7392],[36.0632,-9.7392],[36.0772,-9.7438],[36.0713,-9.761],[36.0778,-9.7631]]]]}},{"id":"feature_19","type":"Feature","properties":{"gid":"TZA.15_1","name":"Mtwara","addo_count":0},"geometry":{"type":"MultiPolygon","coordinates":[[[[38.1152,-11.2607],[38.1398,-11.2732],[38.2102,-11.2752],[38.2619,-11.2884],[38.2741,-11.2968],[38.2826,-11.3243],[38.3291,-11.3293],[38.3782,-11.383],[38.4273,-11.391],[38.4539,-11.4134],[38.4803,-11.4168],[38.5313,-11.3688],[38.5744,-11.3471],[38.6264,-11.2941],[38.6667,-11.2758],[38.7442,-11.2783],[38.8847,-11.1755],[38.9266,-11.1687],[39.0451,-11.1745],[39.1358,-11.1511],[39.1857,-11.1622],[39.2134,-11.1801],[39.2415,-11.18],[39.2917,-11.1508],[39.3655,-11.0843],[39.4039,-11.0632],[39.4329,-11.0577],[39.5296,-10.9854],[39.6291,-10.9496],[39.6945,-10.946],[39.7248,-10.9358],[39.7994,-10.9046],[39.8879,-10.846],[39.9914,-10.8161],[40.1867,-10.6556],[40.2335,-10.6074],[40.2843,-10.5798],[40.3393,-10.5765],[40.3586,-10.5657],[40.3797,-10.5278],[40.4116,-10.5031],[40.4362,-10.4712],[40.4271,-10.4668],[40.4257,-10.4501],[40.4124,-10.4457],[40.409,-10.4551],[40.4004,-10.4535],[40.3951,-10.4629],[40.3812,-10.461],[40.3885,-10.456],[40.3943,-10.4612],[40.3999,-10.4521],[40.4063,-10.4535],[40.4099,-10.441],[40.4199,-10.4465],[40.4162,-10.4263],[40.386,-10.4362],[40.384,-10.4465],[40.3907,-10.4507],[40.3768,-10.4446],[40.3657,-10.4493],[40.3754,-10.4432],[40.3815,-10.4437],[40.3754,-10.4329],[40.3832,-10.4296],[40.3688,-10.4263],[40.3849,-10.3996],[40.3693,-10.4012],[40.3543,-10.4151],[40.3543,-10.411],[40.3593,-10.4051],[40.369,-10.3993],[40.3982,-10.3924],[40.4418,-10.3643],[40.4437,-10.3465],[40.4226,-10.316],[40.4043,-10.2968],[40.3946,-10.3046],[40.3815,-10.3268],[40.3963,-10.321],[40.3965,-10.3293],[40.4132,-10.3279],[40.4135,-10.3482],[40.386,-10.3685],[40.3874,-10.3626],[40.3693,-10.3549],[40.3279,-10.3546],[40.2918,-10.2685],[40.2643,-10.2615],[40.2443,-10.2449],[40.2368,-10.2268],[40.2388,-10.2038],[40.2021,-10.2382],[40.191,-10.2607],[40.224,-10.2487],[40.2571,-10.2685],[40.2568,-10.2724],[40.2476,-10.2715],[40.2499,-10.2812],[40.219,-10.2735],[40.226,-10.3043],[40.2154,-10.2907],[40.2154,-10.2762],[40.1865,-10.2618],[40.1882,-10.2515],[40.1507,-10.2654],[40.1587,-10.2871],[40.1321,-10.2604],[40.1357,-10.2774],[40.1138,-10.2796],[40.1101,-10.2662],[40.1182,-10.256],[40.131,-10.2549],[40.1229,-10.211],[40.1343,-10.2015],[40.1362,-10.1862],[40.1196,-10.1715],[40.0029,-10.1324],[40.0004,-10.1251],[39.9846,-10.1224],[39.9715,-10.1462],[39.9938,-10.1707],[39.9871,-10.2001],[39.9821,-10.1957],[39.9879,-10.2115],[39.9837,-10.2099],[39.9815,-10.2023],[39.9549,-10.2027],[39.9178,-10.2228],[39.8967,-10.2304],[39.894,-10.2643],[39.7733,-10.2672],[39.6926,-10.3266],[39.6918,-10.3768],[39.7176,-10.4592],[39.7031,-10.4802],[39.7017,-10.4961],[39.7287,-10.5266],[39.7302,-10.5382],[39.6672,-10.5773],[39.6458,-10.6178],[39.6244,-10.6183],[39.6211,-10.5996],[39.5808,-10.5998],[39.5625,-10.5276],[39.4934,-10.4587],[39.4811,-10.3826],[39.462,-10.3643],[39.4057,-10.3392],[39.3936,-10.3378],[39.3586,-10.3516],[39.3559,-10.3512],[39.3351,-10.328],[39.3185,-10.3338],[39.3045,-10.3411],[39.2897,-10.3378],[39.2757,-10.3523],[39.2323,-10.3537],[39.1739,-10.3926],[39.15,-10.3864],[39.1556,-10.4023],[39.1244,-10.4051],[39.1149,-10.4191],[39.093,-10.4213],[39.0497,-10.4536],[38.9828,-10.4662],[38.9781,-10.4768],[38.9613,-10.4797],[38.9444,-10.4981],[38.9045,-10.5025],[38.8865,-10.5139],[38.8757,-10.5469],[38.8254,-10.5524],[38.7604,-10.5466],[38.7374,-10.5172],[38.7285,-10.5162],[38.7156,-10.4834],[38.7057,-10.4775],[38.6888,-10.5022],[38.6212,-10.5059],[38.5587,-10.5501],[38.4247,-10.6065],[38.2927,-10.6041],[38.2781,-10.61],[38.2761,-10.6705],[38.2648,-10.6859],[38.1924,-10.6968],[38.1221,-10.6853],[38.023,-10.7192],[38.0004,-10.7255],[38.0432,-10.7221],[38.0472,-10.7297],[38.0488,-10.7706],[38.0343,-10.7831],[38.0286,-10.8007],[38.0264,-10.824],[38.001,-10.8538],[38.0079,-10.8673],[38.0191,-10.8997],[38.008,-10.9245],[38.0094,-10.9417],[38.0219,-10.9546],[38.014,-10.988],[38.0218,-11.005],[38.0172,-11.0176],[38.04,-11.0528],[38.0417,-11.0752],[38.0518,-11.0832],[38.0499,-11.136],[38.0763,-11.1539],[38.0702,-11.184],[38.0917,-11.2172],[38.0912,-11.2368],[38.1043,-11.2405],[38.1152,-11.2607]]],[[[40.404,-10.4249],[40.3915,-10.4238],[40.3771,-10.4365],[40.3832,-10.4432],[40.3857,-10.4343],[40.404,-10.4249]]],[[[40.4226,-10.3885],[40.3921,-10.3996],[40.3704,-10.4271],[40.4032,-10.4218],[40.4085,-10.4301],[40.4218,-10.4199],[40.4226,-10.3885]]],[[[40.3751,-10.2749],[40.3715,-10.2754],[40.3693,-10.2951],[40.3804,-10.289],[40.3751,-10.2749]]],[[[40.3304,-10.2385],[40.3129,-10.2388],[40.3085,-10.254],[40.3157,-10.249],[40.3387,-10.2685],[40.3518,-10.2704],[40.3443,-10.2474],[40.3304,-10.2385]]]]}},{"id":"feature_20","type":"Feature","properties":{"gid":"TZA.16_1","name":"Mwanza","addo_count":144},"geometry":{"type":"MultiPolygon","coordinates":[[[[33.3002,-3.3866],[33.3309,-3.3238],[33.3706,-3.3088],[33.4153,-3.3134],[33.4438,-3.2769],[33.4393,-3.2598],[33.4363,-3.2168],[33.448,-3.1975],[33.4781,-3.1815],[33.4853,-3.1436],[33.491,-3.0931],[33.482,-3.0765],[33.4853,-3.0459],[33.4955,-3.0484],[33.4953,-3.0243],[33.5243,-2.9939],[33.5148,-2.9264],[33.5012,-2.9228],[33.5018,-2.8923],[33.5468,-2.8599],[33.5501,-2.8365],[33.5765,-2.8431],[33.5769,-2.8266],[33.6149,-2.8169],[33.6162,-2.8021],[33.6377,-2.8132],[33.6438,-2.825],[33.6572,-2.8255],[33.6608,-2.8389],[33.6746,-2.8358],[33.7274,-2.8149],[33.746,-2.8339],[33.7732,-2.8269],[33.7897,-2.8134],[33.7883,-2.8061],[33.7818,-2.7886],[33.7873,-2.7534],[33.7771,-2.7264],[33.7733,-2.7154],[33.759,-2.7119],[33.7365,-2.6895],[33.7047,-2.6865],[33.6474,-2.6449],[33.6308,-2.6426],[33.6236,-2.6137],[33.632,-2.5571],[33.5861,-2.5692],[33.5654,-2.5074],[33.5453,-2.4934],[33.5037,-2.4863],[33.3348,-2.3673],[33.3283,-2.317],[33.288,-2.3184],[33.2023,-2.1837],[33.2034,-2.119],[33.1888,-2.0856],[33.1888,-2.0313],[33.219,-1.9937],[33.2911,-1.8486],[33.3558,-1.7755],[33.4216,-1.7598],[33.4582,-1.7692],[33.4659,-1.4732],[32.7087,-1.4841],[31.8417,-2.1719],[31.9384,-2.3172],[31.9311,-2.3735],[31.9755,-2.3767],[31.9922,-2.3863],[32.093,-2.4911],[32.1592,-2.5225],[32.1899,-2.5224],[32.1899,-2.5073],[32.2114,-2.5021],[32.2257,-2.5445],[32.24,-2.5489],[32.2647,-2.5764],[32.2694,-2.6077],[32.3532,-2.605],[32.4911,-2.6304],[32.5127,-2.6285],[32.5211,-2.6447],[32.5186,-2.6586],[32.4562,-2.6647],[32.4471,-2.6754],[32.4226,-2.682],[32.4052,-2.7369],[32.4292,-2.7704],[32.4513,-2.7793],[32.5099,-2.7836],[32.5559,-2.8016],[32.5424,-2.8223],[32.578,-2.8681],[32.5801,-2.9324],[32.6167,-2.9393],[32.6848,-2.9918],[32.7228,-3.0114],[32.7516,-3.0035],[32.7616,-2.991],[32.7633,-2.9987],[32.777,-2.9954],[32.767,-3.0095],[32.7658,-3.0335],[32.7823,-3.0492],[32.7845,-3.0671],[32.7712,-3.0996],[32.7703,-3.1246],[32.7832,-3.1545],[32.7934,-3.1689],[32.7818,-3.1981],[32.7865,-3.224],[32.7757,-3.2521],[32.8048,-3.251],[32.839,-3.2402],[32.8428,-3.2323],[32.8561,-3.2649],[32.8852,-3.2709],[32.9054,-3.3021],[32.9164,-3.3035],[32.9181,-3.3347],[32.9603,-3.3411],[33.0167,-3.3918],[33.0622,-3.3946],[33.1048,-3.437],[33.1417,-3.4338],[33.1536,-3.4233],[33.157,-3.4061],[33.1963,-3.4035],[33.2174,-3.3927],[33.2884,-3.3997],[33.3002,-3.3866]]]]}},{"id":"feature_21","type":"Feature","properties":{"gid":"TZA.17_1","name":"Njombe","addo_count":352},"geometry":{"type":"MultiPolygon","coordinates":[[[[34.0778,-9.5287],[34.306,-9.7402],[34.3355,-9.7955],[34.3622,-9.8191],[34.458,-9.9413],[34.5015,-9.9764],[34.5241,-10.0164],[34.539,-10.0642],[34.5296,-10.0804],[34.5327,-10.1044],[34.5225,-10.1153],[34.5548,-10.1885],[34.5526,-10.2315],[34.5708,-10.2932],[34.5419,-10.3876],[34.5416,-10.4156],[34.5527,-10.4448],[34.5631,-10.4391],[34.5694,-10.444],[34.5756,-10.4672],[34.5469,-10.5097],[34.5608,-10.5198],[34.5485,-10.5222],[34.5802,-10.5351],[34.5962,-10.5285],[34.6029,-10.5374],[34.6081,-10.5269],[34.6129,-10.5305],[34.6238,-10.5301],[34.6315,-10.5402],[34.6369,-10.5343],[34.6834,-10.5357],[34.6986,-10.5267],[34.7042,-10.5106],[34.7211,-10.5124],[34.766,-10.4931],[34.7601,-10.4875],[34.7832,-10.4416],[34.8156,-10.4569],[34.8179,-10.4919],[34.8634,-10.4587],[34.8702,-10.4569],[34.8702,-10.4458],[34.9153,-10.3913],[34.9312,-10.3842],[34.9561,-10.3404],[34.9671,-10.337],[34.9711,-10.3171],[35.014,-10.3128],[35.0,-10.2878],[34.9943,-10.2993],[34.9922,-10.2855],[34.9967,-10.2633],[35.002,-10.2701],[35.012,-10.2666],[34.9807,-10.2291],[34.9894,-10.2208],[34.9818,-10.208],[34.9926,-10.2029],[34.991,-10.1916],[35.006,-10.1928],[35.0221,-10.1799],[35.0363,-10.1868],[35.0398,-10.1826],[35.0294,-10.1774],[35.0389,-10.1639],[35.0542,-10.1707],[35.0616,-10.1526],[35.0687,-10.1725],[35.0815,-10.167],[35.1095,-10.1762],[35.1269,-10.1608],[35.1122,-10.148],[35.13,-10.1378],[35.1375,-10.1448],[35.1319,-10.1636],[35.1459,-10.1675],[35.1933,-10.0799],[35.2169,-10.0134],[35.2184,-9.9811],[35.2125,-9.979],[35.1972,-9.943],[35.168,-9.9157],[35.177,-9.8389],[35.148,-9.8249],[35.1486,-9.8122],[35.1064,-9.7762],[35.1365,-9.7657],[35.1409,-9.7562],[35.1566,-9.7559],[35.2182,-9.7108],[35.2434,-9.6827],[35.3627,-9.6249],[35.4737,-9.5077],[35.5011,-9.4913],[35.5008,-9.1786],[35.524,-9.0687],[35.4652,-9.039],[35.381,-9.015],[35.3617,-9.0184],[35.3561,-9.0305],[35.3179,-9.0302],[35.3072,-9.0395],[35.2458,-9.0364],[35.1996,-9.042],[35.14,-9.0319],[35.12,-9.0197],[35.1301,-8.977],[35.1107,-8.9419],[35.1409,-8.9033],[35.1295,-8.8798],[35.144,-8.8492],[35.1414,-8.8159],[35.1282,-8.7962],[35.1312,-8.7769],[35.0965,-8.7841],[35.0453,-8.7774],[35.0273,-8.8075],[34.9795,-8.83],[34.949,-8.828],[34.9258,-8.8097],[34.9062,-8.8117],[34.8548,-8.771],[34.8766,-8.7332],[34.8959,-8.7291],[34.8648,-8.6924],[34.8604,-8.6881],[34.8256,-8.6838],[34.8054,-8.6727],[34.7763,-8.6796],[34.7505,-8.671],[34.7307,-8.6756],[34.7061,-8.6651],[34.6131,-8.684],[34.5856,-8.6986],[34.5575,-8.7464],[34.5464,-8.7893],[34.5121,-8.8121],[34.4586,-8.8126],[34.3923,-8.8307],[34.2938,-8.8265],[34.2862,-8.9215],[34.2373,-8.938],[34.2008,-8.9397],[34.159,-8.8605],[34.1243,-8.841],[34.0571,-8.8439],[34.0561,-8.8793],[34.0431,-8.8869],[34.0393,-8.9007],[33.9938,-8.8882],[33.9928,-8.8688],[33.9017,-8.8766],[33.9007,-8.8415],[33.8461,-8.8459],[33.829,-8.9119],[33.8189,-8.9105],[33.829,-9.0316],[33.824,-9.0498],[33.8118,-9.066],[33.8282,-9.0904],[33.8484,-9.1039],[33.8475,-9.144],[33.8596,-9.1618],[33.8385,-9.1967],[33.8716,-9.2363],[33.9001,-9.2473],[33.9221,-9.2523],[33.949,-9.2892],[33.9663,-9.3012],[33.9827,-9.33],[33.9848,-9.3881],[34.0106,-9.4101],[34.0682,-9.4985],[34.0905,-9.5094],[34.0778,-9.5287]]]]}},{"id":"feature_22","type":"Feature","properties":{"gid":"TZA.20_1","name":"Pwani","addo_count":0},"geometry":{"type":"MultiPolygon","coordinates":[[[[39.3465,-8.2904],[39.344,-8.2896],[39.3451,-8.2971],[39.3471,-8.296],[39.3465,-8.2904]]],[[[39.3482,-8.2829],[39.3449,-8.2818],[39.3429,-8.2843],[39.3496,-8.2854],[39.3482,-8.2829]]],[[[39.242,-8.2735],[39.2464,-8.2656],[39.2774,-8.2679],[39.2945,-8.2803],[39.311,-8.2996],[39.3268,-8.2985],[39.3204,-8.2885],[39.3429,-8.2971],[39.3424,-8.281],[39.3504,-8.2726],[39.3349,-8.2518],[39.3432,-8.2474],[39.3449,-8.2268],[39.3563,-8.2237],[39.3757,-8.1504],[39.4201,-8.0843],[39.4493,-8.0046],[39.4468,-7.9865],[39.4346,-7.9829],[39.4282,-7.9679],[39.4304,-7.949],[39.4137,-7.9037],[39.4251,-7.8951],[39.4451,-7.8513],[39.4471,-7.8135],[39.4388,-7.8171],[39.409,-7.8007],[39.4063,-7.7899],[39.3865,-7.7749],[39.3537,-7.7679],[39.3551,-7.7568],[39.3279,-7.7285],[39.321,-7.7315],[39.3182,-7.7565],[39.3093,-7.7532],[39.2907,-7.7193],[39.3037,-7.6735],[39.2801,-7.6363],[39.2754,-7.5963],[39.3093,-7.4574],[39.3393,-7.4118],[39.3338,-7.4115],[39.3376,-7.4079],[39.3415,-7.4076],[39.3449,-7.4121],[39.3529,-7.3974],[39.351,-7.3626],[39.3604,-7.3357],[39.3551,-7.3276],[39.349,-7.3424],[39.3507,-7.3226],[39.3676,-7.3176],[39.3776,-7.2799],[39.3915,-7.2765],[39.4107,-7.2526],[39.3979,-7.2457],[39.4046,-7.2429],[39.414,-7.2485],[39.4193,-7.2318],[39.4129,-7.2535],[39.4254,-7.2471],[39.4315,-7.2101],[39.4443,-7.1876],[39.434,-7.1807],[39.4512,-7.1821],[39.4442,-7.1811],[39.4515,-7.1565],[39.4352,-7.1681],[39.4334,-7.1556],[39.422,-7.1518],[39.4071,-7.169],[39.4032,-7.1442],[39.4177,-7.1256],[39.4062,-7.094],[39.393,-7.0857],[39.41,-7.0653],[39.4,-7.0438],[39.4056,-7.0096],[39.4012,-6.9985],[39.3849,-6.9967],[39.3849,-6.968],[39.3599,-6.97],[39.3276,-6.948],[39.3138,-6.9529],[39.3142,-6.96],[39.2986,-6.9482],[39.2778,-6.9577],[39.2697,-6.9438],[39.2399,-6.9549],[39.2206,-6.9943],[39.1924,-6.9823],[39.1828,-6.9948],[39.1702,-6.9951],[39.1744,-7.011],[39.159,-7.0187],[39.158,-7.0169],[39.14,-7.0432],[39.1343,-7.0732],[39.1151,-7.0939],[39.1083,-7.0867],[39.1131,-7.0731],[39.0876,-7.0635],[39.0822,-7.0678],[39.0697,-7.0574],[39.0686,-7.0313],[39.0391,-7.0499],[39.0302,-7.0465],[39.0241,-7.0365],[39.0231,-7.0233],[39.0509,-7.0283],[39.0652,-7.014],[39.0592,-6.9998],[39.0745,-6.9796],[39.0596,-6.9731],[39.0762,-6.9598],[39.0877,-6.93],[39.0941,-6.9334],[39.0881,-6.9231],[39.1088,-6.9151],[39.1065,-6.8975],[39.1188,-6.88],[39.0713,-6.8677],[39.0543,-6.8429],[39.06,-6.8274],[39.0514,-6.8094],[39.0541,-6.7901],[39.0355,-6.7919],[39.0072,-6.7906],[39.0124,-6.7832],[39.0114,-6.7804],[39.0198,-6.7739],[39.0604,-6.7211],[39.0601,-6.6659],[39.0688,-6.6571],[39.0807,-6.6029],[39.1054,-6.5908],[39.1215,-6.5662],[39.0951,-6.5393],[39.0774,-6.5043],[39.0699,-6.499],[39.0654,-6.5043],[39.0674,-6.4985],[39.0324,-6.4671],[38.9776,-6.4546],[39.0376,-6.4734],[39.0346,-6.4893],[39.0204,-6.4938],[39.0062,-6.4796],[38.9696,-6.4724],[38.9604,-6.4546],[38.9432,-6.459],[38.9212,-6.451],[38.9021,-6.4271],[38.901,-6.4054],[38.8793,-6.3976],[38.871,-6.3821],[38.8571,-6.386],[38.8693,-6.3993],[38.8638,-6.4043],[38.8563,-6.4079],[38.8532,-6.4074],[38.8537,-6.3987],[38.8546,-6.4074],[38.8679,-6.3993],[38.8521,-6.3893],[38.8657,-6.3729],[38.8476,-6.3493],[38.841,-6.3151],[38.854,-6.2565],[38.8499,-6.2479],[38.866,-6.2224],[38.8646,-6.1762],[38.8571,-6.1562],[38.8599,-6.1651],[38.851,-6.1696],[38.8568,-6.1635],[38.831,-6.1396],[38.8246,-6.1199],[38.8149,-6.124],[38.8165,-6.1124],[38.7993,-6.0943],[38.781,-6.0538],[38.7776,-6.0243],[38.801,-5.9622],[38.7917,-5.969],[38.7601,-5.9554],[38.7047,-5.9477],[38.6958,-5.9637],[38.6612,-5.9549],[38.6324,-5.9869],[38.6088,-5.9876],[38.605,-5.9793],[38.5626,-6.0179],[38.5525,-6.0127],[38.5616,-6.0086],[38.5586,-6.0033],[38.5447,-5.9989],[38.5176,-6.01],[38.4834,-6.0017],[38.4651,-6.0219],[38.4489,-6.0103],[38.4313,-6.0167],[38.4156,-6.0082],[38.4133,-5.9883],[38.4041,-5.9804],[38.3937,-5.9848],[38.3921,-5.9957],[38.3798,-5.9837],[38.3765,-5.9911],[38.3663,-5.9853],[38.3425,-5.9893],[38.3439,-5.9748],[38.3318,-5.9665],[38.3374,-5.9554],[38.3195,-5.9367],[38.3091,-5.9426],[38.2954,-5.9259],[38.2893,-5.9384],[38.2794,-5.9234],[38.2661,-5.9327],[38.2459,-5.9306],[38.2396,-5.9204],[38.2327,-5.9243],[38.2199,-5.8962],[38.199,-5.8962],[38.2094,-5.8876],[38.2005,-5.8766],[38.1689,-5.8713],[38.1741,-5.8643],[38.1647,-5.8573],[38.1419,-5.856],[38.1357,-5.8678],[38.1078,-5.857],[38.1009,-5.8632],[38.074,-5.8499],[38.0584,-5.8655],[38.0099,-5.8611],[38.0025,-5.8758],[37.9736,-5.8514],[37.9518,-5.8522],[37.9451,-5.8453],[37.9336,-5.8458],[37.9269,-5.845],[37.918,-5.8509],[37.8999,-5.8743],[37.8815,-5.876],[37.8661,-5.8941],[37.82,-5.8862],[37.7991,-5.8924],[37.8039,-5.8971],[37.8265,-5.9129],[37.8312,-5.917],[37.8654,-5.9518],[37.8647,-5.9696],[37.8463,-5.9757],[37.8439,-5.9938],[37.8576,-5.9983],[37.8675,-6.0191],[37.8675,-6.0457],[37.8751,-6.0479],[37.8689,-6.0511],[37.8835,-6.0748],[37.8856,-6.097],[37.9093,-6.0937],[37.9151,-6.101],[37.9108,-6.1144],[37.9264,-6.1042],[37.9308,-6.1126],[37.9555,-6.117],[37.9522,-6.1243],[37.9639,-6.1246],[37.957,-6.1323],[37.9653,-6.1384],[37.9602,-6.1497],[37.9733,-6.1483],[37.9755,-6.1592],[37.9613,-6.1657],[37.9748,-6.1657],[37.9726,-6.173],[38.0147,-6.1744],[38.0302,-6.1845],[38.0488,-6.1877],[38.0601,-6.1857],[38.0712,-6.2017],[38.0787,-6.2082],[38.0802,-6.2173],[38.0503,-6.2162],[38.0386,-6.2075],[38.0314,-6.2206],[38.0119,-6.2222],[38.0044,-6.2317],[38.0018,-6.6022],[38.0155,-6.6117],[38.0173,-6.6285],[38.0353,-6.6393],[38.029,-6.6429],[38.0429,-6.6578],[38.0905,-6.6579],[38.1203,-6.6687],[38.1162,-6.6764],[38.1332,-6.6694],[38.1729,-6.699],[38.1821,-6.6958],[38.2112,-6.708],[38.247,-6.7038],[38.2644,-6.7866],[38.2638,-6.9213],[38.2727,-6.9787],[38.2808,-6.9864],[38.2933,-6.9751],[38.306,-6.9761],[38.3201,-6.9895],[38.3176,-7.0091],[38.3385,-7.0176],[38.361,-7.0169],[38.3892,-7.0159],[38.398,-7.0159],[38.4017,-7.0272],[38.4142,-7.031],[38.419,-7.0235],[38.4786,-7.0256],[38.5067,-7.0261],[38.5156,-7.0488],[38.4981,-7.0551],[38.501,-7.0612],[38.4988,-7.0655],[38.4964,-7.0629],[38.4912,-7.0672],[38.4968,-7.0721],[38.4919,-7.0887],[38.4808,-7.0877],[38.48,-7.11],[38.4743,-7.1174],[38.4561,-7.1215],[38.4483,-7.1503],[38.4374,-7.1572],[38.4427,-7.1697],[38.4342,-7.1719],[38.4316,-7.1837],[38.4244,-7.19],[38.4144,-7.1854],[38.4141,-7.1913],[38.4024,-7.1865],[38.4002,-7.1935],[38.3941,-7.1791],[38.3803,-7.1798],[38.3693,-7.1977],[38.3509,-7.2037],[38.3492,-7.2144],[38.3409,-7.2121],[38.3458,-7.2166],[38.3364,-7.2322],[38.3059,-7.2686],[38.305,-7.5809],[38.111,-7.6346],[38.0973,-7.6305],[38.0979,-7.6217],[38.0892,-7.6203],[38.0442,-7.5605],[38.0151,-7.5508],[37.9863,-7.5287],[37.9128,-7.5856],[37.8236,-7.6981],[37.8178,-7.7738],[37.8341,-7.8403],[37.8437,-7.8622],[37.8377,-7.8762],[37.8047,-7.8942],[37.8019,-7.9053],[37.798,-7.9223],[37.7954,-7.9302],[37.7998,-7.9311],[37.8087,-7.9473],[37.8264,-7.9506],[37.8406,-7.9695],[37.8347,-7.9821],[37.8429,-8.0061],[37.8887,-8.0329],[37.9998,-8.0861],[38.1302,-8.1272],[38.4834,-8.3164],[38.5131,-8.3587],[38.5171,-8.5031],[38.7186,-8.5145],[38.7427,-8.4966],[38.7803,-8.4449],[38.8159,-8.4113],[38.9509,-8.3702],[39.0183,-8.333],[39.0937,-8.3321],[39.1437,-8.3005],[39.1677,-8.2743],[39.2095,-8.2646],[39.2155,-8.2592],[39.242,-8.2735]]],[[[39.7165,-8.0476],[39.7221,-8.0735],[39.7451,-8.0521],[39.744,-8.0501],[39.7165,-8.0476]]],[[[39.7657,-8.0346],[39.7629,-8.0337],[39.7618,-8.0365],[39.7649,-8.0365],[39.7657,-8.0346]]],[[[39.8021,-7.964],[39.7929,-7.9857],[39.7774,-7.9874],[39.7762,-7.9796],[39.7668,-7.9799],[39.7579,-7.994],[39.7576,-8.0187],[39.7487,-8.0171],[39.759,-8.0307],[39.781,-8.026],[39.8004,-7.9979],[39.814,-7.9729],[39.804,-7.9612],[39.8001,-7.9707],[39.8021,-7.964]]],[[[39.7474,-7.9793],[39.7465,-7.981],[39.7493,-7.9776],[39.7482,-7.9779],[39.7474,-7.9793]]],[[[39.7637,-7.971],[39.7571,-7.971],[39.7585,-7.9882],[39.764,-7.9843],[39.7637,-7.971]]],[[[39.7004,-7.9929],[39.7493,-7.976],[39.7474,-7.9629],[39.7321,-7.9476],[39.7713,-7.9068],[39.7962,-7.9029],[39.8168,-7.9213],[39.8343,-7.914],[39.8471,-7.8957],[39.8574,-7.8688],[39.8518,-7.8479],[39.8735,-7.8271],[39.8965,-7.7615],[39.9065,-7.7124],[39.9063,-7.639],[39.8965,-7.6382],[39.8887,-7.6676],[39.8662,-7.684],[39.8679,-7.7001],[39.8479,-7.7168],[39.8418,-7.7485],[39.809,-7.7534],[39.7979,-7.7699],[39.771,-7.784],[39.8088,-7.7849],[39.816,-7.774],[39.8104,-7.7885],[39.8179,-7.789],[39.756,-7.814],[39.7076,-7.8187],[39.7032,-7.8354],[39.7118,-7.8404],[39.7135,-7.8321],[39.7168,-7.8501],[39.6976,-7.8612],[39.6699,-7.9024],[39.6354,-7.929],[39.6213,-7.9285],[39.6129,-7.9468],[39.589,-7.9424],[39.6276,-7.9868],[39.6476,-7.9957],[39.7004,-7.9929]]],[[[39.5165,-7.9424],[39.5065,-7.9443],[39.5326,-7.9474],[39.5307,-7.9451],[39.5165,-7.9424]]],[[[39.6032,-7.9435],[39.6026,-7.9415],[39.5962,-7.9424],[39.6007,-7.9451],[39.6032,-7.9435]]],[[[39.8171,-7.9274],[39.8082,-7.9396],[39.8035,-7.9349],[39.8037,-7.9435],[39.8185,-7.9393],[39.8171,-7.9274]]],[[[39.8379,-7.7407],[39.8385,-7.7382],[39.834,-7.7443],[39.8354,-7.7446],[39.8379,-7.7407]]],[[[39.6824,-7.7024],[39.6804,-7.7013],[39.6799,-7.7043],[39.6829,-7.7038],[39.6824,-7.7024]]],[[[39.8863,-7.6621],[39.8832,-7.6615],[39.8793,-7.6674],[39.8826,-7.669],[39.8863,-7.6621]]],[[[39.6829,-7.6154],[39.6801,-7.619],[39.6849,-7.6221],[39.686,-7.6196],[39.6829,-7.6154]]],[[[39.3999,-7.5351],[39.3868,-7.5426],[39.3932,-7.5529],[39.4032,-7.5476],[39.3999,-7.5351]]],[[[39.4096,-7.5157],[39.4087,-7.5143],[39.4057,-7.5168],[39.4074,-7.5168],[39.4096,-7.5157]]],[[[39.3429,-7.4124],[39.3429,-7.4099],[39.341,-7.409],[39.3421,-7.4132],[39.3429,-7.4124]]],[[[39.4335,-7.4088],[39.4301,-7.4082],[39.4299,-7.4093],[39.434,-7.411],[39.4335,-7.4088]]],[[[39.4785,-7.3351],[39.4749,-7.3351],[39.4774,-7.339],[39.4799,-7.3374],[39.4785,-7.3351]]],[[[39.4849,-7.2618],[39.4849,-7.2612],[39.4821,-7.2604],[39.4824,-7.2615],[39.4849,-7.2618]]],[[[39.409,-7.3996],[39.4004,-7.3982],[39.3743,-7.4129],[39.4157,-7.4235],[39.409,-7.3996]]],[[[39.356,-7.3212],[39.3521,-7.3226],[39.3515,-7.329],[39.3529,-7.329],[39.356,-7.3212]]],[[[39.3607,-7.3199],[39.3565,-7.326],[39.3638,-7.3274],[39.3643,-7.3263],[39.3607,-7.3199]]],[[[39.3885,-7.2799],[39.3835,-7.2793],[39.3879,-7.2843],[39.3885,-7.2799]]],[[[39.0026,-6.4765],[39.0004,-6.4754],[38.9993,-6.4774],[39.0032,-6.4779],[39.0026,-6.4765]]],[[[39.0057,-6.4674],[38.9987,-6.4735],[39.0079,-6.479],[39.0074,-6.4704],[39.0057,-6.4674]]],[[[38.9865,-6.4724],[38.9857,-6.4743],[38.9885,-6.4735],[38.9885,-6.4715],[38.9865,-6.4724]]],[[[38.981,-6.4646],[38.9749,-6.4635],[38.9738,-6.4671],[38.9807,-6.4693],[38.981,-6.4646]]],[[[38.8551,-6.3907],[38.8532,-6.3874],[38.8529,-6.3901],[38.8551,-6.3907]]]]}},{"id":"feature_23","type":"Feature","properties":{"gid":"TZA.21_1","name":"Rukwa","addo_count":194},"geometry":{"type":"MultiPolygon","coordinates":[[[[32.1134,-8.9776],[32.1227,-8.9563],[32.1429,-8.9435],[32.0656,-8.8745],[32.0817,-8.8576],[32.0284,-8.821],[32.0209,-8.8062],[32.0373,-8.7973],[32.0714,-8.7642],[32.0828,-8.7375],[32.1166,-8.7071],[32.1663,-8.697],[32.1832,-8.7155],[32.2225,-8.7062],[32.237,-8.6805],[32.2448,-8.6597],[32.2554,-8.6577],[32.2551,-8.6114],[32.2916,-8.5726],[32.2887,-8.5599],[32.2996,-8.5492],[32.2917,-8.5437],[32.3018,-8.5368],[32.2955,-8.5319],[32.315,-8.5116],[32.3014,-8.5119],[32.3026,-8.4959],[32.2902,-8.4873],[32.298,-8.486],[32.2969,-8.4702],[32.2818,-8.4751],[32.2846,-8.4641],[32.2729,-8.4605],[32.2768,-8.4421],[32.2654,-8.4427],[32.2797,-8.4233],[32.2708,-8.3996],[32.2751,-8.3927],[32.2665,-8.3916],[32.2777,-8.3635],[32.2883,-8.3652],[32.2854,-8.3492],[32.2954,-8.3522],[32.2961,-8.3362],[32.3061,-8.3388],[32.3062,-8.3194],[32.3306,-8.3037],[32.3349,-8.3136],[32.3557,-8.3041],[32.363,-8.3169],[32.3833,-8.3189],[32.3857,-8.3046],[32.4166,-8.2785],[32.4198,-8.2596],[32.4334,-8.2423],[32.4427,-8.2487],[32.4861,-8.2335],[32.5033,-8.1748],[32.4861,-8.1127],[32.3273,-7.9816],[32.1307,-7.8677],[31.9871,-7.7741],[31.7856,-7.6054],[31.5924,-7.5916],[31.5403,-7.5688],[31.5248,-7.5312],[31.5118,-7.5301],[31.4922,-7.5105],[31.4859,-7.489],[31.4938,-7.4504],[31.4864,-7.4499],[31.4767,-7.4101],[31.4313,-7.4236],[31.43,-7.4685],[31.376,-7.4728],[31.3545,-7.4281],[31.34,-7.3527],[31.3462,-7.2524],[31.3234,-7.248],[31.2604,-7.2146],[31.2323,-7.2188],[31.183,-7.2107],[31.1618,-7.2198],[31.1434,-7.1962],[31.1473,-7.1768],[31.0802,-7.1292],[31.046,-7.116],[30.9861,-7.1135],[30.9539,-7.0748],[30.9708,-6.9826],[30.9702,-6.9674],[30.9496,-6.9421],[30.8511,-6.9202],[30.7874,-6.9151],[30.6956,-6.8885],[30.6281,-6.8915],[30.5038,-6.915],[30.2341,-7.018],[30.3589,-7.2478],[30.423,-7.418],[30.5402,-7.6614],[30.6516,-7.9807],[30.6852,-8.018],[30.7387,-8.1098],[30.7564,-8.1847],[30.7951,-8.2768],[30.8421,-8.3572],[31.0169,-8.5767],[31.0505,-8.6029],[31.1036,-8.6227],[31.1649,-8.6149],[31.1876,-8.5869],[31.2085,-8.5761],[31.2448,-8.58],[31.2592,-8.5904],[31.2742,-8.6322],[31.2948,-8.6293],[31.3124,-8.6067],[31.3253,-8.6084],[31.3257,-8.6168],[31.3401,-8.6112],[31.348,-8.6169],[31.363,-8.6076],[31.3636,-8.589],[31.3746,-8.5875],[31.3912,-8.6239],[31.4073,-8.6376],[31.459,-8.6391],[31.486,-8.6818],[31.5375,-8.6789],[31.5698,-8.7039],[31.5815,-8.7373],[31.5682,-8.7649],[31.5734,-8.8021],[31.5676,-8.813],[31.5793,-8.8369],[31.6181,-8.8677],[31.6537,-8.8817],[31.6789,-8.9165],[31.7003,-8.9241],[31.7358,-8.9233],[31.7651,-8.8948],[31.8015,-8.8851],[31.9252,-8.9245],[31.945,-8.9191],[31.9496,-8.9405],[31.9295,-8.9822],[31.9369,-9.0191],[31.9647,-9.058],[31.9988,-9.0759],[32.0137,-9.0714],[32.0153,-9.0621],[32.0694,-9.0481],[32.1204,-9.0601],[32.1139,-9.0574],[32.1094,-9.0041],[32.1071,-8.9901],[32.1134,-8.9776]]]]}},{"id":"feature_24","type":"Feature","properties":{"gid":"TZA.22_1","name":"Ruvuma","addo_count":258},"geometry":{"type":"MultiPolygon","coordinates":[[[[34.5485,-10.5222],[34.5588,-10.5564],[34.5977,-10.5887],[34.5869,-10.6047],[34.6203,-10.6609],[34.6254,-10.6812],[34.6165,-10.7055],[34.6519,-10.7576],[34.6408,-10.8963],[34.6496,-10.9119],[34.6365,-10.9468],[34.6087,-10.9806],[34.6011,-11.0077],[34.6108,-11.0493],[34.6345,-11.0526],[34.6382,-11.0683],[34.6289,-11.0675],[34.6373,-11.0805],[34.6283,-11.102],[34.6332,-11.1177],[34.6861,-11.1412],[34.7307,-11.1907],[34.7631,-11.2597],[34.7894,-11.2798],[34.7882,-11.2904],[34.776,-11.2977],[34.7834,-11.3265],[34.8049,-11.3212],[34.8335,-11.3316],[34.8827,-11.3552],[34.9102,-11.3778],[34.9257,-11.4151],[34.9579,-11.5713],[35.3407,-11.5565],[35.3963,-11.5819],[35.4243,-11.5667],[35.4358,-11.5872],[35.4547,-11.5911],[35.457,-11.5842],[35.4747,-11.595],[35.4927,-11.5913],[35.4885,-11.5759],[35.4936,-11.5754],[35.5107,-11.5835],[35.5186,-11.6042],[35.5324,-11.6111],[35.5392,-11.6115],[35.535,-11.5931],[35.5756,-11.6035],[35.5826,-11.5853],[35.5966,-11.5965],[35.6393,-11.5857],[35.6474,-11.5928],[35.6496,-11.5786],[35.6747,-11.5565],[35.6882,-11.525],[35.7039,-11.5186],[35.7027,-11.491],[35.712,-11.4813],[35.7764,-11.4713],[35.8203,-11.4096],[35.8343,-11.4072],[35.8577,-11.424],[35.9419,-11.4249],[35.9613,-11.4426],[35.957,-11.4831],[36.0507,-11.515],[36.0986,-11.5475],[36.1239,-11.552],[36.1325,-11.5665],[36.1723,-11.5896],[36.1811,-11.639],[36.17,-11.6655],[36.1876,-11.6889],[36.1823,-11.7084],[36.1896,-11.7162],[36.2394,-11.7066],[36.2671,-11.718],[36.3169,-11.702],[36.3647,-11.7036],[36.383,-11.6814],[36.4199,-11.6916],[36.4752,-11.6863],[36.4995,-11.6903],[36.5093,-11.7204],[36.5603,-11.7457],[36.6036,-11.7227],[36.6634,-11.7229],[36.6899,-11.7025],[36.7195,-11.6929],[36.8213,-11.5796],[36.8887,-11.6061],[37.007,-11.6026],[37.0115,-11.5805],[37.0251,-11.5692],[37.0789,-11.6233],[37.1568,-11.6322],[37.2213,-11.6517],[37.2623,-11.6341],[37.2816,-11.6336],[37.2993,-11.6397],[37.3317,-11.6723],[37.3842,-11.6882],[37.4194,-11.68],[37.4389,-11.6412],[37.4964,-11.6134],[37.5316,-11.6104],[37.5835,-11.6225],[37.6226,-11.6043],[37.6588,-11.5742],[37.7479,-11.5487],[37.7856,-11.4956],[37.7879,-11.4804],[37.7739,-11.4601],[37.7856,-11.4226],[37.8079,-11.4063],[37.8157,-11.3778],[37.8271,-11.3655],[37.8311,-11.3083],[37.8519,-11.3037],[37.8746,-11.2826],[37.929,-11.2571],[38.0575,-11.274],[38.1152,-11.2607],[38.1043,-11.2405],[38.0912,-11.2368],[38.0917,-11.2172],[38.0702,-11.184],[38.0763,-11.1539],[38.0499,-11.136],[38.0518,-11.0832],[38.0417,-11.0752],[38.04,-11.0528],[38.0172,-11.0176],[38.0218,-11.005],[38.014,-10.988],[38.0219,-10.9546],[38.0094,-10.9417],[38.008,-10.9245],[38.0191,-10.8997],[38.0079,-10.8673],[38.001,-10.8538],[38.0264,-10.824],[38.0286,-10.8007],[38.0343,-10.7831],[38.0488,-10.7706],[38.0472,-10.7297],[38.0432,-10.7221],[37.9958,-10.727],[37.9612,-10.7353],[37.8865,-10.7363],[37.8799,-10.6492],[37.8847,-10.6281],[37.8753,-10.6204],[37.8652,-10.5802],[37.857,-10.5761],[37.866,-10.5529],[37.8373,-10.5439],[37.7572,-10.5479],[37.6987,-10.5357],[37.6466,-10.5144],[37.615,-10.5084],[37.5911,-10.4813],[37.4225,-10.4033],[37.2366,-10.3464],[37.1497,-10.3001],[37.0353,-10.2829],[37.0033,-10.2646],[36.9838,-10.2448],[36.9489,-10.1731],[36.9018,-10.1124],[36.8749,-10.0939],[36.8744,-10.0784],[36.869,-10.0517],[36.8854,-10.0202],[36.8819,-9.9929],[36.8909,-9.9415],[36.9049,-9.9286],[36.9702,-9.8887],[37.0151,-9.8034],[37.0345,-9.7967],[37.0491,-9.757],[37.0881,-9.7225],[37.1203,-9.6576],[37.1243,-9.6284],[37.1332,-9.5993],[37.142,-9.5863],[37.1163,-9.5937],[36.9942,-9.6358],[36.767,-9.7559],[36.6054,-9.7595],[36.5868,-9.7843],[36.5387,-9.8145],[36.5112,-9.8186],[36.5048,-9.7723],[36.4933,-9.7469],[36.5015,-9.7336],[36.4949,-9.723],[36.4992,-9.7146],[36.4806,-9.6916],[36.4647,-9.6901],[36.4524,-9.6717],[36.454,-9.6538],[36.4635,-9.6549],[36.4685,-9.6465],[36.4685,-9.6072],[36.4543,-9.6116],[36.4473,-9.6418],[36.4349,-9.6466],[36.4257,-9.6706],[36.4133,-9.6692],[36.4099,-9.6879],[36.3984,-9.7],[36.3818,-9.7125],[36.3343,-9.7246],[36.325,-9.7575],[36.3054,-9.7681],[36.2929,-9.7654],[36.2894,-9.7755],[36.2695,-9.7672],[36.2245,-9.7627],[36.1863,-9.7703],[36.1677,-9.7633],[36.1421,-9.7866],[36.1213,-9.7796],[36.0987,-9.7861],[36.0854,-9.7748],[36.0888,-9.764],[36.0778,-9.7631],[36.071,-9.7605],[36.0765,-9.7426],[36.0632,-9.7392],[36.0511,-9.7392],[36.036,-9.7538],[36.0365,-9.7596],[36.0189,-9.7599],[35.9243,-9.8052],[35.845,-9.8877],[35.8074,-9.8995],[35.7716,-9.9235],[35.7563,-9.9184],[35.7321,-9.886],[35.6998,-9.8692],[35.6874,-9.8703],[35.6822,-9.8391],[35.6741,-9.8295],[35.6811,-9.8156],[35.6995,-9.7907],[35.7137,-9.7646],[35.7764,-9.7151],[35.8117,-9.676],[35.8459,-9.557],[35.8869,-9.5028],[35.8926,-9.4777],[35.9296,-9.4528],[35.9343,-9.4561],[35.9467,-9.429],[35.9446,-9.404],[35.9299,-9.3677],[35.9194,-9.3433],[35.9261,-9.3273],[35.9197,-9.328],[35.9136,-9.3098],[35.919,-9.2932],[35.9139,-9.2744],[35.9116,-9.2541],[35.872,-9.2537],[35.8024,-9.3104],[35.7746,-9.3221],[35.7564,-9.2959],[35.7295,-9.2981],[35.729,-9.2924],[35.7013,-9.2865],[35.6828,-9.2541],[35.6783,-9.2548],[35.6748,-9.2611],[35.6357,-9.2752],[35.6322,-9.2745],[35.5559,-9.4584],[35.5462,-9.4655],[35.5239,-9.4742],[35.4737,-9.5077],[35.3627,-9.6249],[35.2434,-9.6827],[35.2182,-9.7108],[35.1566,-9.7559],[35.1409,-9.7562],[35.1365,-9.7657],[35.1064,-9.7762],[35.1486,-9.8122],[35.148,-9.8249],[35.177,-9.8389],[35.168,-9.9157],[35.1972,-9.943],[35.2125,-9.979],[35.2192,-9.9827],[35.2169,-10.0134],[35.1933,-10.0799],[35.1459,-10.1675],[35.1319,-10.1636],[35.1375,-10.1448],[35.13,-10.1378],[35.1122,-10.148],[35.1269,-10.1608],[35.1095,-10.1762],[35.0815,-10.167],[35.0687,-10.1725],[35.0616,-10.1526],[35.0542,-10.1707],[35.0389,-10.1639],[35.0294,-10.1774],[35.0398,-10.1826],[35.0363,-10.1868],[35.0221,-10.1799],[35.006,-10.1928],[34.991,-10.1916],[34.9926,-10.2029],[34.9818,-10.208],[34.9894,-10.2208],[34.9807,-10.2291],[35.012,-10.2666],[35.002,-10.2701],[34.9967,-10.2633],[34.9922,-10.2855],[34.9943,-10.2993],[35.0,-10.2878],[35.014,-10.3128],[34.9711,-10.3171],[34.9671,-10.337],[34.9561,-10.3404],[34.9312,-10.3842],[34.9153,-10.3913],[34.8702,-10.4458],[34.8711,-10.4557],[34.8634,-10.4587],[34.8179,-10.4919],[34.8156,-10.4569],[34.7832,-10.4416],[34.7601,-10.4875],[34.766,-10.4931],[34.7211,-10.5124],[34.7042,-10.5106],[34.6986,-10.5267],[34.6834,-10.5357],[34.6369,-10.5343],[34.6315,-10.5402],[34.6238,-10.5301],[34.6129,-10.5305],[34.6092,-10.5261],[34.6029,-10.5374],[34.5962,-10.5285],[34.5802,-10.5351],[34.5485,-10.5222]]]]}},{"id":"feature_25","type":"Feature","properties":{"gid":"TZA.23_1","name":"Shinyanga","addo_count":186},"geometry":{"type":"MultiPolygon","coordinates":[[[[33.3305,-3.9021],[33.344,-3.9033],[33.3548,-3.8955],[33.3875,-3.896],[33.4029,-3.8873],[33.4063,-3.8921],[33.4164,-3.8922],[33.4179,-3.894],[33.419,-3.8989],[33.4435,-3.9143],[33.4622,-3.9032],[33.4955,-3.9105],[33.5189,-3.9081],[33.5268,-3.8991],[33.5361,-3.8952],[33.5511,-3.8982],[33.561,-3.8853],[33.5741,-3.8884],[33.6009,-3.8791],[33.605,-3.8827],[33.6331,-3.8846],[33.6619,-3.8995],[33.6479,-3.9219],[33.6798,-3.9399],[33.7249,-3.9458],[33.7558,-3.9299],[33.7868,-3.9406],[33.7995,-3.9558],[33.8296,-3.9509],[33.8417,-3.9614],[33.8612,-3.9512],[33.8977,-3.9641],[33.9272,-3.9607],[33.939,-3.9787],[33.9475,-3.9791],[33.9512,-3.999],[33.9871,-4.0231],[34.0437,-4.0412],[34.092,-4.0268],[34.121,-4.0536],[34.1668,-4.0771],[34.2023,-4.0754],[34.2009,-4.0594],[34.2102,-3.9949],[34.2245,-3.9876],[34.2328,-3.9665],[34.2176,-3.9484],[34.1996,-3.8939],[34.1731,-3.8633],[34.1703,-3.8464],[34.1049,-3.7887],[34.0812,-3.7439],[34.0935,-3.7187],[34.0752,-3.6887],[34.082,-3.6648],[34.0593,-3.6429],[34.0591,-3.6218],[34.0697,-3.6065],[34.0074,-3.6022],[34.0088,-3.5914],[33.9828,-3.5733],[33.9646,-3.5414],[33.9257,-3.5257],[33.9037,-3.4941],[33.8846,-3.5073],[33.8555,-3.5118],[33.8334,-3.5066],[33.8273,-3.4945],[33.8118,-3.5243],[33.7732,-3.5606],[33.7741,-3.569],[33.7666,-3.5667],[33.7639,-3.5578],[33.7255,-3.535],[33.7159,-3.475],[33.6747,-3.4569],[33.6617,-3.4112],[33.6102,-3.3704],[33.6069,-3.3526],[33.5732,-3.3171],[33.5604,-3.2909],[33.5461,-3.2888],[33.4952,-3.2912],[33.4809,-3.2947],[33.4484,-3.3106],[33.4238,-3.304],[33.4138,-3.3141],[33.3706,-3.3088],[33.3309,-3.3238],[33.3002,-3.3866],[33.2884,-3.3997],[33.2174,-3.3927],[33.1963,-3.4035],[33.157,-3.4061],[33.1536,-3.4233],[33.1417,-3.4338],[33.1048,-3.437],[33.0622,-3.3946],[33.0167,-3.3918],[32.9603,-3.3411],[32.9181,-3.3347],[32.9164,-3.3035],[32.9054,-3.3021],[32.8852,-3.2709],[32.8561,-3.2649],[32.8428,-3.2323],[32.839,-3.2402],[32.8048,-3.251],[32.7757,-3.2521],[32.7331,-3.3154],[32.6854,-3.3258],[32.6834,-3.3637],[32.6991,-3.3935],[32.6973,-3.4596],[32.5972,-3.4261],[32.566,-3.4055],[32.5026,-3.3938],[32.5269,-3.3555],[32.5452,-3.3017],[32.53,-3.2074],[32.5095,-3.1978],[32.4831,-3.2025],[32.4591,-3.2229],[32.4294,-3.227],[32.4,-3.2629],[32.3779,-3.2598],[32.361,-3.2827],[32.3482,-3.3294],[32.3073,-3.3133],[32.3048,-3.3378],[32.3151,-3.3712],[32.308,-3.4116],[32.3249,-3.4403],[32.3222,-3.4596],[32.3306,-3.4718],[32.3309,-3.52],[32.3027,-3.5724],[32.3141,-3.5935],[32.317,-3.6288],[32.3642,-3.6166],[32.3952,-3.5971],[32.4162,-3.6541],[32.3989,-3.7183],[32.37,-3.7216],[32.3671,-3.816],[32.2836,-3.7774],[32.2198,-3.7328],[32.191,-3.7748],[32.1749,-3.7694],[32.1585,-3.7452],[32.1246,-3.7741],[32.0881,-3.7867],[32.0641,-3.7823],[32.0183,-3.7561],[31.9876,-3.7458],[31.877,-3.7867],[31.8819,-3.8318],[31.8634,-3.8659],[31.8672,-3.8799],[31.8366,-3.9236],[31.8327,-3.9492],[31.797,-3.96],[31.7713,-3.9567],[31.746,-3.9731],[31.7124,-3.9794],[31.6997,-3.9962],[31.6923,-4.022],[31.6948,-4.0329],[31.6856,-4.0452],[31.683,-4.0544],[31.6905,-4.0585],[31.7852,-4.0903],[31.8831,-4.1021],[31.9399,-4.1267],[32.0008,-4.1887],[32.0109,-4.1887],[32.1027,-4.2474],[32.1465,-4.2465],[32.1859,-4.2621],[32.2235,-4.2627],[32.2865,-4.2774],[32.3262,-4.2714],[32.3573,-4.2895],[32.3665,-4.3075],[32.3843,-4.3115],[32.4007,-4.3266],[32.4201,-4.276],[32.4077,-4.2135],[32.4324,-4.2138],[32.4466,-4.2138],[32.4876,-4.2296],[32.5029,-4.2172],[32.5079,-4.1879],[32.5373,-4.176],[32.5485,-4.1954],[32.5808,-4.2037],[32.5929,-4.2538],[32.5908,-4.2883],[32.7476,-4.2383],[32.7308,-4.1888],[32.698,-4.1925],[32.676,-4.1712],[32.6616,-4.1691],[32.6392,-4.1321],[32.6706,-4.1248],[32.6785,-4.0995],[32.692,-4.0889],[32.6886,-4.044],[32.7016,-4.0028],[32.7042,-3.9474],[32.7928,-3.9551],[32.8132,-3.9526],[32.8498,-3.9183],[32.9223,-3.9281],[32.9341,-3.9166],[33.0134,-3.9086],[33.0286,-3.9396],[33.071,-3.9659],[33.1324,-3.9598],[33.1708,-3.9651],[33.1958,-3.9511],[33.2175,-3.9592],[33.225,-3.9359],[33.2453,-3.9364],[33.2772,-3.9142],[33.2961,-3.9128],[33.3054,-3.911],[33.3305,-3.9021]]]]}},{"id":"feature_26","type":"Feature","properties":{"gid":"TZA.24_1","name":"Simiyu","addo_count":17},"geometry":{"type":"MultiPolygon","coordinates":[[[[34.4431,-3.9513],[34.447,-3.9486],[34.4827,-3.933],[34.5133,-3.9362],[34.521,-3.9221],[34.5536,-3.9133],[34.6025,-3.9254],[34.6336,-3.9019],[34.6477,-3.86],[34.6794,-3.8711],[34.6966,-3.8508],[34.7138,-3.8477],[34.7121,-3.8204],[34.7447,-3.8032],[34.75,-3.8079],[34.7965,-3.7926],[34.8903,-3.7373],[34.8825,-2.9067],[34.9879,-2.9908],[34.9877,-3.0025],[35.0123,-3.0018],[35.0054,-2.9783],[35.0504,-2.963],[35.0652,-2.9479],[35.1367,-2.9106],[35.184,-2.7297],[35.2242,-2.4994],[35.2189,-2.5008],[35.0784,-2.5],[34.9905,-2.4881],[34.7759,-2.4893],[34.7436,-2.4806],[34.6565,-2.4935],[34.6088,-2.4864],[34.4889,-2.4919],[34.4521,-2.4474],[34.4192,-2.4331],[34.4,-2.4005],[34.3611,-2.3908],[34.3564,-2.3767],[34.326,-2.3678],[34.2953,-2.3242],[34.2976,-2.3135],[34.2776,-2.3048],[34.2549,-2.3125],[34.2287,-2.3091],[34.1785,-2.2794],[34.1762,-2.2663],[34.1644,-2.2571],[34.128,-2.2705],[34.0915,-2.2633],[34.0628,-2.2398],[34.0473,-2.2152],[34.0375,-2.2165],[33.9898,-2.1844],[33.9442,-2.1936],[33.9074,-2.1812],[33.8557,-2.2],[33.8449,-2.1931],[33.8319,-2.1992],[33.8166,-2.1936],[33.6957,-2.2043],[33.43,-2.3132],[33.3283,-2.317],[33.3348,-2.3673],[33.5037,-2.4863],[33.5453,-2.4934],[33.5654,-2.5074],[33.5861,-2.5692],[33.632,-2.5571],[33.6236,-2.6137],[33.6308,-2.6426],[33.6474,-2.6449],[33.7047,-2.6865],[33.7365,-2.6895],[33.759,-2.7119],[33.7723,-2.7143],[33.7771,-2.7264],[33.7873,-2.7534],[33.7818,-2.7886],[33.7883,-2.8061],[33.7894,-2.8147],[33.7648,-2.8317],[33.746,-2.8339],[33.7274,-2.8149],[33.6746,-2.8358],[33.6605,-2.8388],[33.6572,-2.8255],[33.6438,-2.825],[33.6377,-2.8132],[33.6162,-2.8021],[33.6149,-2.8169],[33.5769,-2.8266],[33.5765,-2.8431],[33.5501,-2.8365],[33.5468,-2.8599],[33.5018,-2.8923],[33.5012,-2.9228],[33.5148,-2.9264],[33.5243,-2.9939],[33.4953,-3.0243],[33.4955,-3.0484],[33.4853,-3.0459],[33.482,-3.0765],[33.491,-3.0931],[33.4853,-3.1436],[33.4781,-3.1815],[33.448,-3.1975],[33.4363,-3.2168],[33.4393,-3.2598],[33.4441,-3.2756],[33.4238,-3.304],[33.4484,-3.3106],[33.4809,-3.2947],[33.4952,-3.2912],[33.5461,-3.2888],[33.5583,-3.2887],[33.5732,-3.3171],[33.6069,-3.3526],[33.6102,-3.3704],[33.6617,-3.4112],[33.6747,-3.4569],[33.7159,-3.475],[33.7255,-3.535],[33.7639,-3.5578],[33.7666,-3.5667],[33.7741,-3.569],[33.7732,-3.5606],[33.8118,-3.5243],[33.8273,-3.4945],[33.8334,-3.5066],[33.8555,-3.5118],[33.8846,-3.5073],[33.9037,-3.4941],[33.9257,-3.5257],[33.9646,-3.5414],[33.9828,-3.5733],[34.0088,-3.5914],[34.0074,-3.6022],[34.0697,-3.6065],[34.0591,-3.6218],[34.0593,-3.6429],[34.082,-3.6648],[34.0752,-3.6887],[34.0935,-3.7187],[34.0812,-3.7439],[34.1049,-3.7887],[34.1703,-3.8464],[34.1731,-3.8633],[34.1996,-3.8939],[34.2176,-3.9484],[34.2328,-3.9665],[34.2245,-3.9876],[34.2102,-3.9949],[34.2009,-4.0594],[34.2022,-4.0795],[34.2357,-4.0827],[34.3203,-4.0833],[34.3524,-4.0561],[34.3905,-4.042],[34.3865,-3.9981],[34.4431,-3.9513]]]]}},{"id":"feature_27","type":"Feature","properties":{"gid":"TZA.25_1","name":"Singida","addo_count":200},"geometry":{"type":"MultiPolygon","coordinates":[[[[34.6593,-7.0813],[34.6762,-7.0561],[34.7228,-7.0351],[34.7263,-7.0244],[34.757,-7.0091],[34.7829,-6.9785],[34.8567,-6.9385],[34.8751,-6.9196],[34.8955,-6.918],[34.9243,-6.8891],[34.9502,-6.8901],[34.9681,-6.9054],[34.9962,-6.8999],[35.0371,-6.9112],[35.0835,-6.9269],[35.0827,-6.8604],[35.0733,-6.7694],[35.0538,-6.7167],[35.0952,-6.7458],[35.201,-6.7245],[35.1847,-6.658],[35.2009,-6.6211],[35.2055,-6.5614],[35.2292,-6.523],[35.202,-6.4645],[35.21,-6.4567],[35.244,-6.4354],[35.2447,-6.3854],[35.2304,-6.3701],[35.2291,-6.3574],[35.2188,-6.3465],[35.2016,-6.2587],[35.1852,-6.2525],[35.1709,-6.2385],[35.1656,-6.1933],[35.2056,-6.1103],[35.2118,-5.9627],[35.2251,-5.9413],[35.2415,-5.8668],[35.2593,-5.8413],[35.2711,-5.7797],[35.2792,-5.7741],[35.2795,-5.7609],[35.2925,-5.7528],[35.2929,-5.7419],[35.3127,-5.7391],[35.3356,-5.7174],[35.3509,-5.672],[35.3572,-5.6722],[35.3379,-5.6587],[35.3171,-5.6316],[35.2924,-5.6105],[35.2703,-5.6051],[35.2536,-5.5864],[35.2521,-5.5595],[35.2418,-5.5417],[35.2123,-5.5262],[35.1999,-5.5096],[35.1984,-5.481],[35.1875,-5.4597],[35.1532,-5.4351],[35.1488,-5.4164],[35.1384,-5.4132],[35.1249,-5.3755],[35.1278,-5.3435],[35.1154,-5.3299],[35.1106,-5.3018],[35.0908,-5.2692],[35.0937,-5.1778],[35.0689,-5.1564],[35.0662,-5.1339],[35.1174,-5.1078],[35.1693,-5.0382],[35.1895,-5.042],[35.2303,-5.0026],[35.2812,-4.9803],[35.319,-4.9299],[35.3414,-4.8793],[35.3233,-4.8714],[35.2842,-4.8064],[35.2023,-4.7695],[35.1575,-4.7578],[35.1451,-4.7323],[35.1464,-4.6778],[35.1285,-4.6309],[35.0738,-4.6185],[35.0377,-4.5383],[34.9953,-4.5015],[34.9726,-4.4602],[34.8755,-4.4136],[34.8652,-4.3687],[34.8721,-4.3476],[34.906,-4.279],[34.9549,-4.2421],[34.9708,-4.2081],[34.9667,-4.0924],[34.991,-3.9908],[34.9369,-3.9947],[34.9121,-3.971],[34.892,-3.9088],[34.8678,-3.9052],[34.8404,-3.9345],[34.8115,-3.9464],[34.7693,-3.9421],[34.7522,-3.9054],[34.7513,-3.8151],[34.7447,-3.8032],[34.7121,-3.8204],[34.7138,-3.8477],[34.6966,-3.8508],[34.6794,-3.8711],[34.6477,-3.86],[34.6336,-3.9019],[34.6025,-3.9254],[34.5536,-3.9133],[34.521,-3.9221],[34.5133,-3.9362],[34.4827,-3.933],[34.447,-3.9486],[34.4431,-3.9513],[34.3865,-3.9981],[34.3905,-4.042],[34.3524,-4.0561],[34.3203,-4.0833],[34.2357,-4.0827],[34.2022,-4.0795],[34.1745,-4.0794],[34.1432,-4.0928],[34.1195,-4.1213],[34.1033,-4.1553],[34.0963,-4.245],[34.0824,-4.2967],[34.079,-4.3364],[34.0648,-4.3639],[34.0424,-4.4112],[34.0016,-4.4343],[33.9662,-4.4678],[33.9415,-4.5132],[33.9326,-4.5784],[33.9143,-4.6115],[33.9235,-4.7125],[33.9386,-4.7512],[33.9309,-4.7645],[33.9292,-4.8169],[33.9167,-4.8479],[33.9143,-4.9155],[33.9256,-4.9901],[33.929,-5.0889],[33.9276,-5.135],[33.9317,-5.1579],[33.9368,-5.1737],[33.9541,-5.1737],[34.0024,-5.2057],[34.0291,-5.2088],[34.063,-5.1961],[34.1141,-5.1937],[34.1686,-5.2098],[34.1863,-5.2359],[34.1828,-5.2795],[34.1722,-5.3004],[34.1832,-5.3091],[34.1868,-5.3301],[34.2093,-5.3444],[34.211,-5.362],[34.2392,-5.3917],[34.2428,-5.4057],[34.1933,-5.4302],[34.1723,-5.4519],[34.122,-5.5796],[34.0715,-5.6505],[34.0186,-5.6824],[34.0066,-5.7086],[34.0398,-5.7193],[34.0533,-5.7318],[34.0639,-5.7652],[34.1105,-5.8194],[34.1092,-5.8573],[34.0969,-5.8833],[34.0316,-5.9102],[34.0166,-5.933],[34.0128,-5.9775],[33.995,-6.0276],[33.9788,-6.0552],[33.9511,-6.081],[33.9768,-6.0818],[33.9289,-6.1788],[33.9038,-6.3039],[33.8851,-6.3271],[33.8752,-6.3507],[33.8627,-6.3601],[33.7893,-6.3898],[33.7822,-6.4175],[33.7572,-6.4243],[33.7439,-6.4414],[33.6999,-6.4678],[33.6773,-6.5131],[33.6417,-6.5419],[33.5935,-6.5568],[33.549,-6.6081],[33.522,-6.691],[33.5282,-6.8758],[33.517,-6.9061],[33.4873,-6.9453],[33.515,-6.9593],[33.5491,-6.9571],[33.5747,-6.995],[33.6761,-7.0453],[33.6961,-7.0834],[33.7153,-7.0868],[33.7384,-7.1094],[33.7912,-7.1188],[33.8052,-7.1304],[33.7859,-7.2991],[33.8157,-7.4145],[33.8187,-7.456],[33.8057,-7.4824],[33.7966,-7.5141],[33.8019,-7.5261],[33.8803,-7.5326],[33.9154,-7.5273],[33.9372,-7.5368],[33.9837,-7.5305],[34.0162,-7.476],[34.0058,-7.4538],[34.0103,-7.425],[34.0311,-7.4112],[34.1946,-7.3728],[34.1971,-7.3665],[34.2343,-7.3347],[34.2427,-7.3331],[34.2447,-7.3292],[34.2501,-7.3279],[34.2747,-7.3365],[34.2982,-7.328],[34.314,-7.3375],[34.3642,-7.3205],[34.3787,-7.3258],[34.4105,-7.3152],[34.4332,-7.3183],[34.4505,-7.2851],[34.482,-7.2773],[34.4831,-7.2634],[34.4903,-7.2534],[34.5013,-7.2539],[34.5066,-7.2357],[34.5345,-7.2218],[34.5377,-7.2118],[34.5623,-7.2108],[34.5676,-7.2],[34.5947,-7.185],[34.6114,-7.1648],[34.6147,-7.1464],[34.6202,-7.1484],[34.6488,-7.1128],[34.6593,-7.0813]]]]}},{"id":"feature_28","type":"Feature","properties":{"gid":"TZA.31_1","name":"Songwe","addo_count":0},"geometry":{"type":"MultiPolygon","coordinates":[[[[32.1139,-9.0574],[32.1394,-9.0643],[32.1618,-9.0577],[32.1919,-9.0904],[32.2554,-9.1303],[32.4372,-9.1181],[32.4948,-9.1508],[32.4847,-9.1722],[32.5459,-9.2544],[32.5778,-9.2402],[32.6476,-9.2713],[32.7553,-9.282],[32.7656,-9.3195],[32.8001,-9.3218],[32.8145,-9.3486],[32.867,-9.3783],[32.8931,-9.3665],[32.8971,-9.3868],[32.9147,-9.3797],[32.9282,-9.4003],[32.9559,-9.3997],[32.9998,-9.3638],[33.0379,-9.4143],[33.1421,-9.4889],[33.2102,-9.5089],[33.2248,-9.496],[33.2556,-9.4862],[33.2824,-9.5013],[33.3222,-9.4838],[33.3605,-9.5245],[33.3942,-9.5392],[33.4192,-9.5694],[33.4188,-9.5935],[33.4403,-9.6127],[33.5198,-9.627],[33.531,-9.6222],[33.5286,-9.61],[33.5493,-9.5868],[33.5674,-9.5879],[33.5841,-9.5774],[33.6288,-9.6059],[33.6425,-9.599],[33.6713,-9.6088],[33.6689,-9.5496],[33.6906,-9.5403],[33.6783,-9.5298],[33.6801,-9.5078],[33.6903,-9.5048],[33.6765,-9.496],[33.6711,-9.4731],[33.664,-9.4537],[33.6303,-9.4536],[33.6195,-9.4409],[33.611,-9.403],[33.5878,-9.3734],[33.5637,-9.3611],[33.5604,-9.3506],[33.5249,-9.3244],[33.5139,-9.3318],[33.5117,-9.3134],[33.48,-9.3046],[33.4552,-9.2449],[33.467,-9.2134],[33.4521,-9.1978],[33.449,-9.1629],[33.4414,-9.1572],[33.4293,-9.2148],[33.4377,-9.2761],[33.4197,-9.3358],[33.4059,-9.3258],[33.3853,-9.3268],[33.3705,-9.2861],[33.3441,-9.2886],[33.3229,-9.2406],[33.2884,-9.2363],[33.2688,-9.2425],[33.2337,-9.266],[33.2334,-9.2777],[33.2102,-9.2997],[33.1394,-9.2949],[33.1183,-9.2711],[33.1315,-9.2426],[33.148,-9.2466],[33.1668,-9.2072],[33.1982,-9.1933],[33.2542,-9.1908],[33.2664,-9.174],[33.267,-9.1566],[33.2117,-9.1331],[33.2139,-9.1166],[33.2355,-9.0899],[33.2141,-9.0419],[33.2239,-8.9973],[33.217,-8.9817],[33.2275,-8.9552],[33.2102,-8.9115],[33.2291,-8.8987],[33.1853,-8.8728],[33.1821,-8.8544],[33.1674,-8.8383],[33.1709,-8.8222],[33.1418,-8.8169],[33.098,-8.7896],[33.0454,-8.7434],[33.0328,-8.7417],[33.0108,-8.7115],[33.0636,-8.6196],[33.0873,-8.6105],[33.1273,-8.6469],[33.1429,-8.6903],[33.2273,-8.7263],[33.2323,-8.7041],[33.2096,-8.6901],[33.2099,-8.6637],[33.1775,-8.6216],[33.1313,-8.5794],[33.1263,-8.4957],[33.0931,-8.4915],[33.0746,-8.466],[33.048,-8.4581],[33.0452,-8.4509],[33.0554,-8.437],[33.0632,-8.388],[33.111,-8.3702],[33.1191,-8.3517],[33.1625,-8.3169],[33.1631,-8.2906],[33.1492,-8.2698],[33.1207,-8.2593],[33.0992,-8.2641],[33.0513,-8.2535],[33.0344,-8.2562],[33.0228,-8.2752],[32.9964,-8.2937],[32.976,-8.2939],[32.9704,-8.2767],[32.9692,-8.2598],[32.982,-8.2403],[32.9718,-8.2122],[32.978,-8.2008],[32.9714,-8.1781],[32.9911,-8.1501],[32.9946,-8.0992],[33.0299,-8.028],[33.0205,-7.9863],[33.0774,-7.8891],[33.0873,-7.871],[33.0458,-7.8733],[32.9329,-7.8739],[32.9927,-7.7563],[33.0404,-7.7573],[33.0323,-7.7457],[33.0308,-7.628],[33.0399,-7.5376],[32.9852,-7.5303],[32.9194,-7.5498],[32.914,-7.5042],[32.8958,-7.4513],[32.8973,-7.1504],[32.896,-6.9277],[32.892,-6.9296],[32.8871,-6.9409],[32.8689,-6.9481],[32.8415,-6.9316],[32.7899,-6.9466],[32.7867,-6.9722],[32.7729,-6.9788],[32.7476,-6.9775],[32.7461,-6.9998],[32.7018,-7.0007],[32.5874,-7.0008],[32.5764,-7.0351],[32.5883,-7.0645],[32.5823,-7.0923],[32.5566,-7.1047],[32.5469,-7.1181],[32.5323,-7.1159],[32.5262,-7.1267],[32.4877,-7.1339],[32.4902,-7.1528],[32.4643,-7.1454],[32.4552,-7.1503],[32.4028,-7.192],[32.3253,-7.2316],[32.2797,-7.2716],[32.268,-7.3651],[32.2009,-7.4839],[32.1909,-7.5183],[32.1493,-7.5171],[32.1273,-7.5409],[32.1112,-7.5172],[32.099,-7.5124],[32.0902,-7.5208],[32.0895,-7.5473],[32.0796,-7.5703],[32.0436,-7.6074],[31.9871,-7.7741],[32.1307,-7.8677],[32.3273,-7.9816],[32.4861,-8.1127],[32.5033,-8.1748],[32.4861,-8.2335],[32.4427,-8.2487],[32.4334,-8.2423],[32.4198,-8.2596],[32.4166,-8.2785],[32.3857,-8.3046],[32.3833,-8.3189],[32.363,-8.3169],[32.3557,-8.3041],[32.3349,-8.3136],[32.3306,-8.3037],[32.3062,-8.3194],[32.3053,-8.3402],[32.2961,-8.3362],[32.2954,-8.3522],[32.2854,-8.3492],[32.2883,-8.3652],[32.2772,-8.3642],[32.2665,-8.3916],[32.2751,-8.3927],[32.2708,-8.3996],[32.2797,-8.4233],[32.2654,-8.4427],[32.2768,-8.4421],[32.2729,-8.4605],[32.2846,-8.4641],[32.2818,-8.4751],[32.2969,-8.4702],[32.298,-8.486],[32.2902,-8.4873],[32.3026,-8.4959],[32.3014,-8.5119],[32.315,-8.5116],[32.2955,-8.5319],[32.3018,-8.5368],[32.2917,-8.5437],[32.2996,-8.5492],[32.2887,-8.5599],[32.2916,-8.5726],[32.2551,-8.6114],[32.2554,-8.6577],[32.2448,-8.6597],[32.237,-8.6805],[32.2225,-8.7062],[32.1832,-8.7155],[32.1663,-8.697],[32.1166,-8.7071],[32.0828,-8.7375],[32.0714,-8.7642],[32.0373,-8.7973],[32.0221,-8.8046],[32.0284,-8.821],[32.0817,-8.8576],[32.0656,-8.8745],[32.1429,-8.9435],[32.1227,-8.9563],[32.1134,-8.9776],[32.1071,-8.9901],[32.1094,-9.0041],[32.1139,-9.0574]]]]}},{"id":"feature_29","type":"Feature","properties":{"gid":"TZA.26_1","name":"Tabora","addo_count":206},"geometry":{"type":"MultiPolygon","coordinates":[[[[32.7474,-6.7605],[32.7476,-6.9775],[32.7729,-6.9788],[32.7867,-6.9722],[32.7899,-6.9466],[32.8415,-6.9316],[32.8689,-6.9481],[32.8871,-6.9409],[32.892,-6.9296],[32.896,-6.9277],[32.8995,-6.9208],[32.9026,-6.9074],[32.9162,-6.9052],[32.9186,-6.8971],[32.9431,-6.8992],[32.9825,-6.8688],[32.9961,-6.8672],[33.011,-6.8755],[33.0269,-6.8672],[33.0766,-6.8709],[33.1202,-6.9134],[33.1542,-6.9191],[33.1781,-6.9348],[33.185,-6.9501],[33.2048,-6.9549],[33.2324,-6.9578],[33.3155,-6.9442],[33.3685,-6.9608],[33.3892,-6.9488],[33.4143,-6.95],[33.4238,-6.9585],[33.4475,-6.9438],[33.4847,-6.9434],[33.4873,-6.9453],[33.517,-6.9061],[33.5282,-6.8758],[33.522,-6.691],[33.549,-6.6081],[33.5935,-6.5568],[33.6417,-6.5419],[33.6773,-6.5131],[33.6999,-6.4678],[33.7439,-6.4414],[33.7572,-6.4243],[33.7822,-6.4175],[33.7893,-6.3898],[33.8627,-6.3601],[33.8752,-6.3507],[33.8851,-6.3271],[33.9038,-6.3039],[33.9289,-6.1788],[33.9768,-6.0818],[33.9511,-6.081],[33.9788,-6.0552],[33.995,-6.0276],[34.0128,-5.9775],[34.0166,-5.933],[34.0316,-5.9102],[34.0969,-5.8833],[34.1092,-5.8573],[34.1105,-5.8194],[34.0639,-5.7652],[34.0533,-5.7318],[34.0398,-5.7193],[34.0066,-5.7086],[34.0186,-5.6824],[34.0715,-5.6505],[34.122,-5.5796],[34.1723,-5.4519],[34.1933,-5.4302],[34.2428,-5.4057],[34.2392,-5.3917],[34.211,-5.362],[34.2093,-5.3444],[34.1868,-5.3301],[34.1832,-5.3091],[34.1722,-5.3004],[34.1828,-5.2795],[34.1863,-5.2359],[34.1686,-5.2098],[34.1141,-5.1937],[34.063,-5.1961],[34.0291,-5.2088],[34.0024,-5.2057],[33.9541,-5.1737],[33.9368,-5.1737],[33.9317,-5.1579],[33.9276,-5.135],[33.929,-5.0889],[33.9256,-4.9901],[33.9143,-4.9155],[33.9167,-4.8479],[33.9292,-4.8169],[33.9309,-4.7645],[33.9386,-4.7512],[33.9235,-4.7125],[33.9143,-4.6115],[33.9326,-4.5784],[33.9415,-4.5132],[33.9662,-4.4678],[33.9788,-4.451],[34.0424,-4.4112],[34.0648,-4.3639],[34.0774,-4.343],[34.0824,-4.2967],[34.0963,-4.245],[34.1033,-4.1553],[34.1195,-4.1213],[34.1432,-4.0928],[34.1745,-4.0794],[34.1668,-4.0771],[34.121,-4.0536],[34.092,-4.0268],[34.0437,-4.0412],[33.9871,-4.0231],[33.9512,-3.999],[33.9475,-3.9791],[33.939,-3.9787],[33.9272,-3.9607],[33.8977,-3.9641],[33.8612,-3.9512],[33.8417,-3.9614],[33.8296,-3.9509],[33.7995,-3.9558],[33.7868,-3.9406],[33.7558,-3.9299],[33.7249,-3.9458],[33.6798,-3.9399],[33.6479,-3.9219],[33.6619,-3.8995],[33.6331,-3.8846],[33.605,-3.8827],[33.6009,-3.8791],[33.5741,-3.8884],[33.561,-3.8853],[33.5511,-3.8982],[33.5361,-3.8952],[33.5268,-3.8991],[33.5189,-3.9081],[33.4955,-3.9105],[33.4622,-3.9032],[33.4435,-3.9143],[33.419,-3.8989],[33.4179,-3.894],[33.4164,-3.8922],[33.4063,-3.8921],[33.4029,-3.8873],[33.3875,-3.896],[33.3548,-3.8955],[33.344,-3.9033],[33.3305,-3.9021],[33.3054,-3.911],[33.2961,-3.9128],[33.2772,-3.9142],[33.2453,-3.9364],[33.225,-3.9359],[33.2175,-3.9592],[33.1958,-3.9511],[33.1708,-3.9651],[33.1324,-3.9598],[33.071,-3.9659],[33.0286,-3.9396],[33.0134,-3.9086],[32.9341,-3.9166],[32.9223,-3.9281],[32.8498,-3.9183],[32.8132,-3.9526],[32.7928,-3.9551],[32.7042,-3.9474],[32.7016,-4.0028],[32.6886,-4.044],[32.692,-4.0889],[32.6785,-4.0995],[32.6706,-4.1248],[32.6392,-4.1321],[32.6616,-4.1691],[32.676,-4.1712],[32.698,-4.1925],[32.7308,-4.1888],[32.7476,-4.2383],[32.5908,-4.2883],[32.5929,-4.2538],[32.5808,-4.2037],[32.5485,-4.1954],[32.5373,-4.176],[32.5079,-4.1879],[32.5029,-4.2172],[32.4876,-4.2296],[32.4466,-4.2138],[32.4324,-4.2138],[32.4077,-4.2135],[32.4201,-4.276],[32.4007,-4.3266],[32.3843,-4.3115],[32.3665,-4.3075],[32.3573,-4.2895],[32.3262,-4.2714],[32.2865,-4.2774],[32.2235,-4.2627],[32.1859,-4.2621],[32.1465,-4.2465],[32.1027,-4.2474],[32.0109,-4.1887],[32.0008,-4.1887],[31.9399,-4.1267],[31.8831,-4.1021],[31.7852,-4.0903],[31.6905,-4.0585],[31.6836,-4.0555],[31.6812,-4.0625],[31.6609,-4.0752],[31.6494,-4.1026],[31.6545,-4.117],[31.6354,-4.137],[31.6439,-4.1482],[31.669,-4.1559],[31.6835,-4.2252],[31.6701,-4.2446],[31.6806,-4.2548],[31.6723,-4.2708],[31.6666,-4.2803],[31.6564,-4.28],[31.6586,-4.3026],[31.6729,-4.3247],[31.6655,-4.3537],[31.6237,-4.4235],[31.5818,-4.4314],[31.5001,-4.4136],[31.4963,-4.4315],[31.4632,-4.463],[31.4546,-4.4636],[31.4676,-4.4812],[31.4587,-4.5152],[31.4665,-4.5254],[31.4805,-4.5487],[31.4762,-4.5616],[31.4786,-4.5747],[31.4915,-4.5887],[31.4844,-4.6079],[31.4933,-4.6249],[31.4576,-4.6932],[31.4321,-4.7078],[31.409,-4.7012],[31.3883,-4.7261],[31.3967,-4.7506],[31.3938,-4.7686],[31.402,-4.7686],[31.3953,-4.7834],[31.3982,-4.8085],[31.3764,-4.8107],[31.3783,-4.8183],[31.3644,-4.8291],[31.3591,-4.8463],[31.313,-4.899],[31.3079,-4.9212],[31.2566,-4.9309],[31.2353,-4.951],[31.2395,-4.9962],[31.2615,-5.0154],[31.2496,-5.0336],[31.2476,-5.0579],[31.2112,-5.1114],[31.2054,-5.1527],[31.2216,-5.1711],[31.2034,-5.1999],[31.2086,-5.217],[31.2344,-5.2281],[31.247,-5.2432],[31.2261,-5.2428],[31.2101,-5.2588],[31.1809,-5.2567],[31.1876,-5.3802],[31.1848,-5.4348],[31.1479,-5.4602],[31.1037,-5.468],[31.0824,-5.4816],[31.0668,-5.499],[31.0712,-5.5211],[31.0387,-5.5554],[31.0562,-5.5878],[31.1067,-5.6184],[31.121,-5.6417],[31.1395,-5.647],[31.1387,-5.6726],[31.1575,-5.6805],[31.1409,-5.7011],[31.1584,-5.7272],[31.1587,-5.7455],[31.1464,-5.7687],[31.1696,-5.7643],[31.2034,-5.7405],[31.216,-5.7561],[31.2299,-5.7569],[31.2425,-5.7472],[31.2537,-5.7859],[31.2779,-5.8062],[31.2933,-5.806],[31.31,-5.7848],[31.32,-5.7861],[31.36,-5.7992],[31.3808,-5.795],[31.4186,-5.8286],[31.4793,-5.8266],[31.4896,-5.8354],[31.4936,-5.8204],[31.5122,-5.8302],[31.5241,-5.816],[31.5528,-5.8073],[31.5581,-5.8142],[31.5652,-5.8108],[31.5846,-5.8361],[31.5978,-5.8219],[31.6143,-5.8228],[31.6172,-5.8391],[31.6251,-5.8394],[31.6359,-5.8228],[31.662,-5.8295],[31.6788,-5.8148],[31.687,-5.8211],[31.7052,-5.7837],[31.7189,-5.7903],[31.7342,-5.7619],[31.7474,-5.7638],[31.7682,-5.7528],[31.7777,-5.7288],[31.7917,-5.7209],[31.8019,-5.7265],[31.8059,-5.7181],[31.8272,-5.7147],[31.8235,-5.7223],[31.8322,-5.7205],[31.8366,-5.7308],[31.8856,-5.7325],[31.895,-5.7454],[31.9119,-5.7394],[31.9226,-5.7531],[31.9358,-5.7468],[31.9608,-5.7539],[31.9692,-5.7455],[31.979,-5.7568],[32.0258,-5.7648],[32.033,-5.7861],[32.0286,-5.7947],[32.0447,-5.8248],[32.0723,-5.8357],[32.0854,-5.8541],[32.0846,-5.9074],[32.0915,-5.9135],[32.0837,-5.919],[32.0939,-5.9303],[32.0922,-5.9512],[32.114,-5.9579],[32.1143,-5.9786],[32.122,-5.9834],[32.1122,-5.9964],[32.133,-6.0086],[32.1345,-6.028],[32.1497,-6.0316],[32.1398,-6.0404],[32.1699,-6.0687],[32.1633,-6.0826],[32.1714,-6.0858],[32.167,-6.1057],[32.1802,-6.1103],[32.1761,-6.1139],[32.1884,-6.1296],[32.1802,-6.1463],[32.2014,-6.1637],[32.2102,-6.1903],[32.2408,-6.1989],[32.2478,-6.2153],[32.2589,-6.2228],[32.2695,-6.2192],[32.2922,-6.242],[32.3025,-6.24],[32.304,-6.2311],[32.3164,-6.2309],[32.3159,-6.2369],[32.3355,-6.228],[32.3573,-6.2356],[32.3635,-6.2478],[32.4038,-6.2637],[32.4086,-6.2772],[32.4355,-6.2915],[32.4425,-6.3044],[32.4775,-6.3113],[32.4792,-6.3046],[32.5005,-6.3048],[32.5126,-6.3164],[32.548,-6.3116],[32.5934,-6.3378],[32.6459,-6.3318],[32.6643,-6.3627],[32.6837,-6.3712],[32.6927,-6.3877],[32.7243,-6.3921],[32.7543,-6.4091],[32.7596,-6.618],[32.7557,-6.7388],[32.7474,-6.7605]]]]}},{"id":"feature_30","type":"Feature","properties":{"gid":"TZA.27_1","name":"Tanga","addo_count":398},"geometry":{"type":"MultiPolygon","coordinates":[[[[38.7601,-5.9554],[38.7917,-5.969],[38.819,-5.9374],[38.8229,-5.8451],[38.8957,-5.7135],[38.894,-5.6696],[38.9071,-5.6471],[38.8951,-5.6401],[38.9201,-5.6404],[38.9149,-5.6332],[38.9335,-5.619],[38.9465,-5.5771],[38.9685,-5.5543],[38.9693,-5.5349],[38.984,-5.5004],[38.9935,-5.4965],[39.0032,-5.456],[38.9763,-5.4299],[38.9846,-5.4324],[38.9946,-5.4118],[39.0218,-5.4093],[39.071,-5.2899],[39.089,-5.2249],[39.0729,-5.2151],[39.0635,-5.2321],[39.0518,-5.2332],[39.0626,-5.231],[39.0735,-5.2115],[39.0676,-5.2121],[39.0879,-5.2054],[39.0921,-5.1912],[39.1124,-5.176],[39.101,-5.166],[39.1076,-5.1304],[39.1151,-5.1226],[39.1401,-5.1238],[39.1301,-5.0879],[39.1315,-5.0546],[39.0943,-5.0654],[39.091,-5.0538],[39.1079,-5.0357],[39.1007,-5.036],[39.0843,-5.0279],[39.0896,-5.0265],[39.1021,-5.034],[39.1182,-5.0232],[39.1288,-5.0287],[39.154,-5.0035],[39.126,-4.9913],[39.1213,-4.9771],[39.1129,-4.9804],[39.1165,-4.9768],[39.1218,-4.9762],[39.1276,-4.9804],[39.1276,-4.9888],[39.131,-4.989],[39.1437,-4.9629],[39.1376,-4.9412],[39.1215,-4.921],[39.1079,-4.9174],[39.1365,-4.9221],[39.149,-4.9018],[39.1488,-4.8774],[39.1526,-4.8849],[39.1665,-4.8593],[39.1662,-4.8415],[39.1679,-4.859],[39.176,-4.8557],[39.1657,-4.8726],[39.1735,-4.8788],[39.1557,-4.916],[39.1754,-4.9424],[39.1943,-4.8901],[39.2107,-4.8724],[39.2174,-4.8396],[39.206,-4.8329],[39.219,-4.8201],[39.2165,-4.7943],[39.1829,-4.7954],[39.1699,-4.7787],[39.1613,-4.786],[39.186,-4.7604],[39.1826,-4.7396],[39.1888,-4.7304],[39.1846,-4.7432],[39.1935,-4.7663],[39.2012,-4.7751],[39.2099,-4.7732],[39.2163,-4.7585],[39.2093,-4.6938],[39.2143,-4.6838],[39.1871,-4.6874],[39.2061,-4.6793],[39.1928,-4.6603],[38.4045,-4.111],[38.3596,-4.1795],[38.1798,-4.4556],[38.1209,-4.5329],[38.1195,-4.5749],[38.1097,-4.5984],[38.0846,-4.6139],[38.0506,-4.616],[38.0382,-4.5958],[38.024,-4.6006],[38.006,-4.5937],[38.0024,-4.6091],[37.9994,-4.6136],[37.9945,-4.7103],[37.9823,-4.7508],[37.9869,-4.7644],[37.9983,-4.7797],[38.0007,-4.994],[37.981,-4.9912],[37.9571,-4.9683],[37.9344,-4.9675],[37.933,-4.9615],[37.8922,-4.9798],[37.8478,-4.981],[37.8255,-5.0226],[37.8044,-5.0233],[37.7979,-5.0328],[37.7661,-5.0115],[37.6864,-5.0415],[37.63,-5.0156],[37.5851,-5.0072],[37.4907,-5.0613],[37.3598,-5.2187],[37.3875,-5.264],[37.3309,-5.4515],[37.2687,-5.5277],[37.2506,-5.54],[37.2383,-5.5729],[37.2563,-5.5868],[37.2499,-5.6003],[37.2574,-5.6052],[37.2424,-5.629],[37.2244,-5.6299],[37.2191,-5.652],[37.1848,-5.6853],[37.1661,-5.7182],[37.2062,-5.7169],[37.2052,-5.7541],[37.1483,-5.7434],[37.1171,-5.7737],[37.1027,-5.7712],[37.0374,-5.8496],[37.0198,-5.8789],[37.0278,-5.8883],[37.0247,-5.8967],[37.0718,-5.8643],[37.0748,-5.8605],[37.1263,-5.9666],[37.147,-5.9919],[37.1762,-6.0027],[37.2337,-6.0023],[37.3173,-5.9816],[37.3283,-5.9837],[37.3618,-5.9775],[37.3847,-5.9571],[37.3953,-5.9307],[37.3902,-5.905],[37.3968,-5.8619],[37.4427,-5.8046],[37.4548,-5.8053],[37.4616,-5.8026],[37.4668,-5.8103],[37.4771,-5.8083],[37.4887,-5.8269],[37.4937,-5.8169],[37.5257,-5.8249],[37.5414,-5.8137],[37.565,-5.8439],[37.5773,-5.8388],[37.5982,-5.8577],[37.6091,-5.8584],[37.612,-5.8998],[37.6332,-5.9154],[37.6359,-5.9524],[37.6896,-5.9155],[37.7203,-5.8658],[37.7297,-5.8778],[37.7439,-5.8681],[37.7567,-5.876],[37.7553,-5.8907],[37.7711,-5.8888],[37.776,-5.9007],[37.7938,-5.8929],[37.7991,-5.8924],[37.82,-5.8862],[37.8661,-5.8941],[37.8815,-5.876],[37.8999,-5.8743],[37.918,-5.8509],[37.9269,-5.845],[37.9336,-5.8458],[37.9451,-5.8453],[37.9518,-5.8522],[37.9736,-5.8514],[38.0025,-5.8758],[38.0099,-5.8611],[38.0584,-5.8655],[38.074,-5.8499],[38.1009,-5.8632],[38.1078,-5.857],[38.1357,-5.8678],[38.1419,-5.856],[38.1647,-5.8573],[38.1741,-5.8643],[38.1689,-5.8713],[38.2005,-5.8766],[38.2094,-5.8876],[38.199,-5.8962],[38.2199,-5.8962],[38.2327,-5.9243],[38.2396,-5.9204],[38.2459,-5.9306],[38.2661,-5.9327],[38.2794,-5.9234],[38.2893,-5.9384],[38.2954,-5.9259],[38.3091,-5.9426],[38.3195,-5.9367],[38.3374,-5.9554],[38.3318,-5.9665],[38.3439,-5.9748],[38.3425,-5.9893],[38.3663,-5.9853],[38.3765,-5.9911],[38.3798,-5.9837],[38.3921,-5.9957],[38.3937,-5.9848],[38.4041,-5.9804],[38.4133,-5.9883],[38.4156,-6.0082],[38.4313,-6.0167],[38.4489,-6.0103],[38.4651,-6.0219],[38.4834,-6.0017],[38.5176,-6.01],[38.5447,-5.9989],[38.5586,-6.0033],[38.5616,-6.0086],[38.5525,-6.0127],[38.5626,-6.0179],[38.605,-5.9793],[38.6088,-5.9876],[38.6324,-5.9869],[38.6612,-5.9549],[38.6958,-5.9637],[38.7047,-5.9477],[38.7601,-5.9554]]],[[[39.0868,-5.2412],[39.089,-5.241],[39.0893,-5.2396],[39.0865,-5.2399],[39.0868,-5.2412]]],[[[39.0957,-5.2196],[39.0913,-5.2185],[39.0949,-5.2268],[39.0962,-5.221],[39.0957,-5.2196]]],[[[39.0979,-5.2313],[39.0971,-5.2296],[39.0918,-5.236],[39.0971,-5.2332],[39.0979,-5.2313]]],[[[39.104,-5.2212],[39.0976,-5.2204],[39.0996,-5.2304],[39.1032,-5.2271],[39.104,-5.2212]]],[[[39.1332,-5.219],[39.1299,-5.219],[39.1312,-5.2224],[39.1363,-5.2207],[39.1332,-5.219]]],[[[39.1332,-5.2137],[39.129,-5.2135],[39.1301,-5.2171],[39.1318,-5.2168],[39.1332,-5.2137]]],[[[39.1518,-5.1732],[39.1413,-5.1782],[39.1271,-5.2096],[39.1407,-5.1987],[39.1518,-5.1732]]],[[[39.1557,-5.1299],[39.1563,-5.1285],[39.1549,-5.1279],[39.1551,-5.1312],[39.1557,-5.1299]]],[[[39.1665,-5.0904],[39.1493,-5.106],[39.1593,-5.1299],[39.1671,-5.1268],[39.1665,-5.0904]]],[[[39.1668,-5.0854],[39.1649,-5.0843],[39.1629,-5.0885],[39.1671,-5.0896],[39.1668,-5.0854]]],[[[39.1104,-5.0532],[39.1082,-5.0518],[39.1001,-5.0562],[39.1082,-5.0579],[39.1104,-5.0532]]],[[[39.1635,-5.0024],[39.1551,-5.006],[39.1649,-5.0249],[39.1688,-5.0029],[39.1635,-5.0024]]],[[[39.1763,-4.9601],[39.1454,-4.9646],[39.1535,-4.9782],[39.166,-4.9749],[39.1635,-4.9921],[39.1712,-4.9924],[39.1763,-4.9601]]],[[[39.1838,-4.7826],[39.1857,-4.7812],[39.176,-4.7812],[39.1779,-4.7837],[39.1838,-4.7826]]]]}}]}