{"type":"FeatureCollection","features":[{"id":"feature_000","type":"Feature","properties":{"gid":"TZA.1.2_1","name":"Arusha","region":"Arusha","addo_count":0},"geometry":{"type":"MultiPolygon","coordinates":[[[[36.6644,-3.5361],[36.6535,-3.5157],[36.6518,-3.4898],[36.6297,-3.4915],[36.6253,-3.4488],[36.5928,-3.4358],[36.584,-3.3907],[36.6081,-3.3429],[36.633,-3.3663],[36.7431,-3.3719],[36.7547,-3.3578],[36.7546,-3.2376],[36.7484,-3.1602],[36.8214,-3.1024],[36.8843,-3.1089],[36.8879,-3.0914],[36.887,-3.0836],[36.8881,-3.068],[36.7081,-3.0689],[36.6807,-3.1311],[36.6515,-3.1405],[36.6346,-3.1587],[36.5827,-3.188],[36.5697,-3.2117],[36.5201,-3.2154],[36.5211,-3.2435],[36.5547,-3.2529],[36.5476,-3.2823],[36.4917,-3.2827],[36.5052,-3.3091],[36.4817,-3.3202],[36.4698,-3.3706],[36.4756,-3.3953],[36.5842,-3.4354],[36.5713,-3.4834],[36.6105,-3.5503],[36.6405,-3.5642],[36.6475,-3.6166],[36.6502,-3.6367],[36.6584,-3.6295],[36.6668,-3.6139],[36.7025,-3.6115],[36.6908,-3.593],[36.7035,-3.5789],[36.7156,-3.5537],[36.7011,-3.5533],[36.6702,-3.5571],[36.6644,-3.5361]]],[[[36.7211,-3.5339],[36.7158,-3.5535],[36.7305,-3.56],[36.8031,-3.6556],[36.8368,-3.6491],[36.8558,-3.6057],[36.8493,-3.5693],[36.864,-3.5486],[36.8691,-3.5267],[36.8763,-3.525],[36.8589,-3.4859],[36.7915,-3.4006],[36.76,-3.4036],[36.722,-3.4433],[36.7259,-3.4853],[36.7303,-3.4941],[36.7211,-3.5339]]]]}},{"id":"feature_001","type":"Feature","properties":{"gid":"TZA.1.1_1","name":"Arusha Urban","region":"Arusha","addo_count":0},"geometry":{"type":"MultiPolygon","coordinates":[[[[36.7303,-3.4941],[36.7259,-3.4853],[36.722,-3.4433],[36.76,-3.4036],[36.7671,-3.3952],[36.7431,-3.3719],[36.633,-3.3663],[36.6081,-3.3429],[36.584,-3.3907],[36.5928,-3.4358],[36.6253,-3.4488],[36.6297,-3.4915],[36.6518,-3.4898],[36.6535,-3.5157],[36.6644,-3.5361],[36.6702,-3.5571],[36.7011,-3.5533],[36.7158,-3.5535],[36.7211,-3.5339],[36.7303,-3.4941]]]]}},{"id":"feature_002","type":"Feature","properties":{"gid":"TZA.1.3_1","name":"Karatu","region":"Arusha","addo_count":29},"geometry":{"type":"MultiPolygon","coordinates":[[[[35.607,-3.6927],[35.6249,-3.6979],[35.592,-3.7753],[35.6797,-3.7665],[35.6883,-3.7388],[35.716,-3.5569],[35.7443,-3.5731],[35.7786,-3.5613],[35.7672,-3.5441],[35.7675,-3.5342],[35.8163,-3.4459],[35.8339,-3.4169],[35.8445,-3.4039],[35.8438,-3.3903],[35.8207,-3.3406],[35.901,-3.2475],[35.9764,-3.0772],[35.9722,-3.0501],[35.9483,-3.0322],[35.9441,-3.0453],[35.88,-3.1887],[35.7937,-3.2552],[35.7711,-3.2564],[35.7651,-3.2651],[35.7149,-3.2851],[35.7026,-3.3006],[35.661,-3.2973],[35.6478,-3.3086],[35.5592,-3.2987],[35.5138,-3.345],[35.5187,-3.3571],[35.4565,-3.3525],[35.4396,-3.3656],[35.4084,-3.3172],[35.3705,-3.3399],[35.3724,-3.3255],[35.327,-3.3511],[35.3115,-3.3862],[35.3152,-3.3954],[35.3461,-3.4324],[35.3554,-3.4729],[35.3407,-3.4997],[35.2875,-3.4993],[35.2709,-3.5179],[35.2887,-3.5144],[35.2786,-3.5275],[35.2413,-3.5293],[35.2381,-3.6185],[35.0452,-3.7201],[34.8592,-3.7827],[34.8364,-3.7918],[34.8156,-3.8182],[34.789,-3.8178],[34.7967,-3.8038],[34.7958,-3.791],[34.7757,-3.7993],[34.75,-3.8079],[34.7513,-3.8151],[34.7522,-3.9054],[34.7693,-3.9421],[34.8115,-3.9464],[34.8678,-3.9052],[34.9103,-3.8983],[34.9838,-3.8633],[35.0184,-3.8714],[35.1408,-3.8036],[35.2929,-3.6897],[35.3293,-3.6909],[35.386,-3.6172],[35.5407,-3.692],[35.607,-3.6927]]]]}},{"id":"feature_003","type":"Feature","properties":{"gid":"TZA.1.4_1","name":"Lake Eyasi","region":"Arusha","addo_count":0},"geometry":{"type":"MultiPolygon","coordinates":[[[[34.8592,-3.7827],[35.0452,-3.7201],[35.2381,-3.6185],[35.2413,-3.5293],[35.2786,-3.5275],[35.2887,-3.5144],[35.2709,-3.5179],[35.2875,-3.4993],[35.3407,-3.4997],[35.3554,-3.4729],[35.3461,-3.4324],[35.3152,-3.3954],[35.3128,-3.3893],[35.284,-3.3572],[35.2624,-3.3613],[35.2279,-3.3978],[35.2034,-3.4148],[35.1891,-3.4632],[35.1756,-3.4657],[35.1588,-3.48],[35.1107,-3.4992],[35.0767,-3.5447],[35.0406,-3.5431],[35.0114,-3.582],[34.9743,-3.6178],[34.8984,-3.6188],[34.8908,-3.6245],[34.8903,-3.7373],[34.7965,-3.7926],[34.7967,-3.8038],[34.789,-3.8178],[34.8156,-3.8182],[34.8364,-3.7918],[34.8592,-3.7827]]]]}},{"id":"feature_004","type":"Feature","properties":{"gid":"TZA.1.5_1","name":"Lake Manyara","region":"Arusha","addo_count":0},"geometry":{"type":"MultiPolygon","coordinates":[[[[35.7786,-3.5613],[35.8731,-3.6258],[35.8724,-3.6091],[35.8902,-3.4651],[35.8894,-3.4542],[35.8744,-3.4259],[35.8613,-3.4272],[35.8394,-3.422],[35.8163,-3.4459],[35.7675,-3.5342],[35.7672,-3.5441],[35.7786,-3.5613]]]]}},{"id":"feature_005","type":"Feature","properties":{"gid":"TZA.1.6_1","name":"Longido","region":"Arusha","addo_count":5},"geometry":{"type":"MultiPolygon","coordinates":[[[[36.6515,-3.1405],[36.6807,-3.1311],[36.7081,-3.0689],[36.8881,-3.068],[36.887,-3.0652],[36.8909,-3.0577],[36.9289,-3.0556],[36.9351,-2.9846],[36.9801,-2.9749],[37.0355,-2.9634],[37.1265,-2.8601],[37.2515,-2.852],[37.3147,-2.867],[37.4096,-2.9053],[37.4302,-2.9089],[36.4981,-2.3879],[36.2513,-2.2659],[36.1046,-2.1654],[36.1013,-2.1842],[36.1107,-2.1941],[36.116,-2.2002],[36.1297,-2.2659],[36.1308,-2.2784],[36.1006,-2.4173],[36.0123,-2.5725],[35.9998,-2.595],[35.9563,-2.5705],[35.9295,-2.5824],[35.9265,-2.5811],[35.8922,-2.6347],[35.8965,-2.7474],[35.901,-2.7524],[35.932,-2.7769],[35.9988,-2.8253],[36.0477,-2.8404],[36.1203,-2.9054],[36.1827,-3.0028],[36.1591,-3.0395],[36.1871,-3.075],[36.222,-3.0917],[36.2809,-3.0574],[36.3572,-3.0607],[36.3754,-3.0496],[36.4201,-2.934],[36.4344,-2.9339],[36.4775,-3.0183],[36.5194,-3.0343],[36.6472,-3.1439],[36.6515,-3.1405]]]]}},{"id":"feature_006","type":"Feature","properties":{"gid":"TZA.1.7_1","name":"Meru","region":"Arusha","addo_count":1},"geometry":{"type":"MultiPolygon","coordinates":[[[[36.8493,-3.5693],[36.8617,-3.5865],[36.8856,-3.5843],[36.8934,-3.598],[36.9203,-3.5707],[36.9662,-3.5728],[37.021,-3.5026],[37.0613,-3.493],[37.0617,-3.4791],[37.055,-3.3733],[37.0636,-3.3465],[37.0452,-3.2971],[37.0302,-3.2575],[37.0006,-3.2561],[36.9974,-3.2314],[36.9807,-3.2305],[36.9802,-3.2095],[36.9408,-3.2078],[36.9358,-3.1842],[36.9093,-3.1875],[36.8904,-3.1353],[36.916,-3.0798],[36.9285,-3.0555],[36.8909,-3.0577],[36.887,-3.0652],[36.887,-3.0836],[36.8879,-3.0914],[36.8843,-3.1089],[36.8214,-3.1024],[36.7479,-3.1615],[36.7546,-3.2376],[36.7547,-3.3578],[36.7607,-3.39],[36.7915,-3.4006],[36.8589,-3.4859],[36.8763,-3.525],[36.8691,-3.5267],[36.864,-3.5486],[36.8493,-3.5693]]]]}},{"id":"feature_007","type":"Feature","properties":{"gid":"TZA.1.8_1","name":"Monduli","region":"Arusha","addo_count":27},"geometry":{"type":"MultiPolygon","coordinates":[[[[36.6178,-3.6725],[36.6178,-3.6508],[36.6186,-3.649],[36.6357,-3.6391],[36.6353,-3.6367],[36.6456,-3.6349],[36.6479,-3.6375],[36.6475,-3.6166],[36.6405,-3.5642],[36.6105,-3.5503],[36.5713,-3.4834],[36.5842,-3.4354],[36.4756,-3.3953],[36.4698,-3.3706],[36.4817,-3.3202],[36.5052,-3.3091],[36.4917,-3.2827],[36.5476,-3.2823],[36.5547,-3.2529],[36.5211,-3.2435],[36.5201,-3.2154],[36.5697,-3.2117],[36.5827,-3.188],[36.6346,-3.1587],[36.6472,-3.1439],[36.5194,-3.0343],[36.4775,-3.0183],[36.4344,-2.9339],[36.4201,-2.934],[36.3754,-3.0496],[36.3572,-3.0607],[36.2809,-3.0574],[36.222,-3.0917],[36.1871,-3.075],[36.1591,-3.0395],[36.1827,-3.0028],[36.1203,-2.9054],[36.0477,-2.8404],[35.9988,-2.8253],[35.932,-2.7769],[35.9138,-2.7591],[35.9125,-2.7692],[35.9328,-2.8585],[35.9311,-3.0214],[35.9496,-3.0275],[35.9483,-3.0322],[35.9722,-3.0501],[35.9764,-3.0772],[35.901,-3.2475],[35.8207,-3.3406],[35.8438,-3.3903],[35.8445,-3.4039],[35.8339,-3.4169],[35.8613,-3.4272],[35.8744,-3.4259],[35.8894,-3.4542],[35.8902,-3.4651],[35.8724,-3.6091],[35.8818,-3.6436],[35.9423,-3.6372],[35.9812,-3.6566],[36.0008,-3.6889],[36.1481,-3.8695],[36.2816,-4.1502],[36.2986,-4.1448],[36.2961,-4.1263],[36.2986,-3.8054],[36.4896,-3.771],[36.5038,-3.7552],[36.5339,-3.7309],[36.5384,-3.7273],[36.6031,-3.6922],[36.6056,-3.6876],[36.611,-3.6851],[36.6144,-3.673],[36.6178,-3.6725]]]]}},{"id":"feature_008","type":"Feature","properties":{"gid":"TZA.1.9_1","name":"Ngorongoro","region":"Arusha","addo_count":11},"geometry":{"type":"MultiPolygon","coordinates":[[[[35.1588,-3.48],[35.1756,-3.4657],[35.1891,-3.4632],[35.2028,-3.4161],[35.2279,-3.3978],[35.2624,-3.3613],[35.284,-3.3572],[35.3128,-3.3893],[35.3115,-3.3862],[35.327,-3.3511],[35.3724,-3.3255],[35.3705,-3.3399],[35.4084,-3.3172],[35.4396,-3.3656],[35.4565,-3.3525],[35.5187,-3.3571],[35.5138,-3.345],[35.5592,-3.2987],[35.6478,-3.3086],[35.661,-3.2973],[35.7048,-3.2998],[35.7149,-3.2851],[35.7651,-3.2651],[35.7711,-3.2564],[35.7937,-3.2552],[35.88,-3.1887],[35.9441,-3.0453],[35.9496,-3.0275],[35.9311,-3.0214],[35.9328,-2.8585],[35.9125,-2.7692],[35.901,-2.7524],[35.8965,-2.7474],[35.8927,-2.6314],[35.9265,-2.5811],[35.9295,-2.5824],[35.9563,-2.5705],[35.9998,-2.595],[36.0123,-2.5725],[36.1006,-2.4173],[36.1308,-2.2784],[36.1297,-2.2659],[36.116,-2.2002],[36.1107,-2.1941],[36.1013,-2.1842],[36.1046,-2.1659],[35.2567,-1.6937],[35.2113,-2.069],[35.2666,-2.3025],[35.2667,-2.3579],[35.161,-2.394],[35.2072,-2.4876],[35.2242,-2.4994],[35.2057,-2.6181],[35.1402,-2.9031],[35.0652,-2.9479],[35.0054,-2.9783],[35.0123,-3.0018],[34.9877,-3.0025],[34.8825,-2.9067],[34.8872,-3.2097],[34.8876,-3.2386],[34.8984,-3.6188],[34.9743,-3.6178],[35.0114,-3.582],[35.0406,-3.5431],[35.0767,-3.5447],[35.1107,-3.4992],[35.1588,-3.48]]]]}},{"id":"feature_009","type":"Feature","properties":{"gid":"TZA.2.1_1","name":"Ilala","region":"Dar es Salaam","addo_count":56},"geometry":{"type":"MultiPolygon","coordinates":[[[[39.1984,-6.9635],[39.1968,-6.9582],[39.1999,-6.9564],[39.2073,-6.9494],[39.2392,-6.9056],[39.2106,-6.8838],[39.2724,-6.8298],[39.3004,-6.8196],[39.275,-6.7931],[39.2619,-6.8168],[39.2376,-6.8235],[39.226,-6.8213],[39.2108,-6.8178],[39.181,-6.8098],[39.1463,-6.8325],[39.1209,-6.8304],[39.1089,-6.8675],[39.1113,-6.8765],[39.1088,-6.9151],[39.0881,-6.9231],[39.0941,-6.9334],[39.0596,-6.9731],[39.0745,-6.9796],[39.0652,-7.014],[39.0509,-7.0283],[39.0231,-7.0233],[39.0252,-7.0299],[39.0351,-7.0463],[39.0462,-7.0432],[39.0686,-7.0313],[39.0778,-7.0605],[39.0822,-7.0678],[39.0876,-7.0635],[39.1131,-7.0731],[39.1083,-7.0867],[39.1088,-7.09],[39.1244,-7.0812],[39.131,-7.0752],[39.14,-7.0432],[39.1428,-7.0397],[39.1524,-7.0234],[39.158,-7.0169],[39.159,-7.0187],[39.1681,-7.0156],[39.178,-6.9937],[39.1831,-6.9873],[39.1966,-6.9717],[39.1984,-6.9635]]],[[[39.2912,-6.8224],[39.2907,-6.8212],[39.2885,-6.8229],[39.291,-6.8232],[39.2912,-6.8224]]]]}},{"id":"feature_010","type":"Feature","properties":{"gid":"TZA.2.2_1","name":"Kinondoni","region":"Dar es Salaam","addo_count":91},"geometry":{"type":"MultiPolygon","coordinates":[[[[39.2376,-6.8235],[39.2871,-6.7882],[39.2854,-6.7396],[39.2754,-6.7324],[39.2679,-6.7599],[39.2449,-6.7507],[39.2207,-6.6671],[39.1915,-6.6249],[39.1765,-6.6249],[39.1426,-6.574],[39.1215,-6.5662],[39.1089,-6.5798],[39.0807,-6.6029],[39.0727,-6.6341],[39.0711,-6.6485],[39.0604,-6.7211],[39.0101,-6.7841],[39.0355,-6.7919],[39.0541,-6.7901],[39.0543,-6.8429],[39.0713,-6.8677],[39.0982,-6.8736],[39.1089,-6.8675],[39.1209,-6.8304],[39.1463,-6.8325],[39.181,-6.8098],[39.2108,-6.8178],[39.226,-6.8213],[39.2376,-6.8235]]],[[[39.2637,-6.6918],[39.2588,-6.6962],[39.2765,-6.7107],[39.2768,-6.7085],[39.2637,-6.6918]]],[[[39.239,-6.6737],[39.2368,-6.6735],[39.2401,-6.6768],[39.2404,-6.674],[39.239,-6.6737]]],[[[39.2507,-6.6512],[39.2449,-6.6565],[39.2546,-6.6629],[39.2546,-6.6582],[39.2507,-6.6512]]]]}},{"id":"feature_011","type":"Feature","properties":{"gid":"TZA.2.3_1","name":"Temeke","region":"Dar es Salaam","addo_count":73},"geometry":{"type":"MultiPolygon","coordinates":[[[[39.4985,-7.189],[39.4965,-7.1901],[39.5038,-7.191],[39.5029,-7.1887],[39.4985,-7.189]]],[[[39.5235,-7.1476],[39.5226,-7.1451],[39.521,-7.1487],[39.5226,-7.149],[39.5235,-7.1476]]],[[[39.4442,-7.1811],[39.4879,-7.1654],[39.5096,-7.1868],[39.5243,-7.1315],[39.5563,-7.1299],[39.5404,-7.0804],[39.5474,-6.9887],[39.5199,-6.9693],[39.4771,-6.8654],[39.3737,-6.8563],[39.3129,-6.8143],[39.2951,-6.8257],[39.3063,-6.8501],[39.2929,-6.8715],[39.2863,-6.8682],[39.3032,-6.8474],[39.2854,-6.8268],[39.2724,-6.8298],[39.2106,-6.8838],[39.2392,-6.9056],[39.2073,-6.9494],[39.1999,-6.9564],[39.1968,-6.9582],[39.1984,-6.9635],[39.1966,-6.9717],[39.1969,-6.9852],[39.2206,-6.9943],[39.2343,-6.9698],[39.2399,-6.9549],[39.2639,-6.9471],[39.2747,-6.9448],[39.2778,-6.9577],[39.3276,-6.948],[39.386,-6.9691],[39.4085,-7.0527],[39.4078,-7.0706],[39.393,-7.0857],[39.4177,-7.1256],[39.4049,-7.1595],[39.4071,-7.169],[39.426,-7.152],[39.4348,-7.1576],[39.4372,-7.1683],[39.4515,-7.1565],[39.4442,-7.1811]]],[[[39.9287,-6.9029],[39.9254,-6.9029],[39.9276,-6.9062],[39.929,-6.9046],[39.9287,-6.9029]]],[[[39.396,-6.8229],[39.3921,-6.8235],[39.3926,-6.8285],[39.396,-6.8274],[39.396,-6.8229]]],[[[39.3546,-6.8174],[39.3524,-6.8163],[39.3521,-6.824],[39.3568,-6.8226],[39.3546,-6.8174]]],[[[39.3999,-6.8132],[39.3976,-6.8146],[39.4032,-6.821],[39.404,-6.8174],[39.3999,-6.8132]]],[[[39.3315,-6.7965],[39.3301,-6.796],[39.3299,-6.8015],[39.3338,-6.801],[39.3315,-6.7965]]]]}},{"id":"feature_012","type":"Feature","properties":{"gid":"TZA.3.1_1","name":"Bahi","region":"Dodoma","addo_count":7},"geometry":{"type":"MultiPolygon","coordinates":[[[[35.4174,-6.5605],[35.4196,-6.5279],[35.4539,-6.5255],[35.5789,-6.5312],[35.6619,-6.5785],[35.6453,-6.656],[35.7007,-6.7286],[35.7212,-6.7337],[35.7447,-6.7163],[35.7093,-6.5803],[35.739,-6.4439],[35.714,-6.3824],[35.6887,-6.3353],[35.6452,-6.3381],[35.5577,-6.3227],[35.5331,-6.3077],[35.5593,-6.2477],[35.56,-6.1457],[35.4988,-6.0879],[35.4805,-6.0226],[35.481,-6.0093],[35.4889,-6.0004],[35.5305,-5.9869],[35.5842,-6.0087],[35.58,-5.985],[35.6021,-5.9672],[35.6519,-5.9632],[35.6867,-5.9827],[35.7417,-5.8907],[35.8265,-5.8762],[35.8312,-5.8407],[35.8538,-5.8302],[35.9126,-5.8381],[35.9345,-5.8205],[35.97,-5.7889],[35.9175,-5.7683],[35.9017,-5.7369],[35.8532,-5.7721],[35.8605,-5.717],[35.8495,-5.6746],[35.8357,-5.6615],[35.8153,-5.6784],[35.7984,-5.6846],[35.7736,-5.6661],[35.776,-5.6611],[35.7998,-5.6418],[35.8034,-5.6342],[35.7833,-5.6294],[35.7684,-5.6123],[35.7529,-5.6332],[35.7246,-5.6266],[35.6739,-5.6446],[35.6155,-5.605],[35.5583,-5.6443],[35.4777,-5.6642],[35.4169,-5.6585],[35.3457,-5.6854],[35.3463,-5.6909],[35.2711,-5.7797],[35.2118,-5.9627],[35.2056,-6.1103],[35.168,-6.1855],[35.1651,-6.2131],[35.1752,-6.2448],[35.2016,-6.2587],[35.2188,-6.3465],[35.2447,-6.3854],[35.2422,-6.4411],[35.202,-6.4645],[35.2292,-6.523],[35.2055,-6.5614],[35.1847,-6.666],[35.1998,-6.718],[35.2441,-6.7071],[35.4165,-6.7184],[35.4612,-6.6573],[35.4631,-6.6218],[35.4174,-6.5605]]]]}},{"id":"feature_013","type":"Feature","properties":{"gid":"TZA.3.2_1","name":"Chamwino","region":"Dodoma","addo_count":12},"geometry":{"type":"MultiPolygon","coordinates":[[[[35.8019,-7.0264],[35.8067,-6.9993],[35.8849,-7.0048],[35.8942,-6.9679],[35.9256,-6.948],[35.9532,-6.9333],[35.9944,-6.9415],[36.0274,-6.8521],[36.0362,-6.7266],[36.0145,-6.7108],[35.9872,-6.64],[35.9628,-6.6342],[35.9958,-6.5914],[36.0052,-6.4778],[36.0184,-6.4713],[36.0416,-6.5],[36.0751,-6.4623],[36.113,-6.4825],[36.1773,-6.463],[36.1771,-6.4099],[36.2474,-6.2601],[36.2344,-6.2403],[36.2388,-6.1654],[36.2696,-6.1194],[36.2863,-6.0713],[36.2614,-6.0247],[36.2806,-6.0018],[36.2897,-5.8678],[36.2655,-5.6562],[36.2716,-5.5755],[36.3049,-5.5185],[36.2586,-5.4644],[36.2472,-5.4109],[36.2123,-5.4137],[36.0437,-5.3748],[35.9993,-5.3879],[35.9834,-5.4147],[35.8495,-5.4241],[35.7923,-5.3948],[35.7533,-5.4787],[35.7174,-5.4838],[35.6991,-5.6051],[35.7102,-5.6308],[35.7246,-5.6266],[35.7529,-5.6332],[35.7684,-5.6123],[35.7833,-5.6294],[35.8034,-5.6342],[35.7998,-5.6418],[35.776,-5.6611],[35.7736,-5.6661],[35.7984,-5.6846],[35.8153,-5.6784],[35.8357,-5.6615],[35.8495,-5.6746],[35.8605,-5.717],[35.8532,-5.7721],[35.9017,-5.7369],[35.9175,-5.7683],[35.97,-5.7889],[35.9345,-5.8205],[35.9279,-5.8347],[35.9808,-5.8357],[35.9899,-5.8616],[36.0549,-5.8592],[36.1346,-5.9291],[36.0268,-5.9533],[35.9782,-6.019],[36.0009,-6.0299],[36.0008,-6.164],[36.0409,-6.186],[36.056,-6.2412],[35.9799,-6.2888],[35.8466,-6.2677],[35.8023,-6.2841],[35.7867,-6.3529],[35.8143,-6.3961],[35.8037,-6.4658],[35.758,-6.4617],[35.7428,-6.4449],[35.739,-6.4439],[35.7093,-6.5803],[35.7447,-6.7163],[35.7212,-6.7337],[35.7007,-6.7286],[35.6453,-6.656],[35.6619,-6.5785],[35.5789,-6.5312],[35.4539,-6.5255],[35.4186,-6.5288],[35.4174,-6.5605],[35.4631,-6.6218],[35.4612,-6.6573],[35.4165,-6.7184],[35.2441,-6.7071],[35.1998,-6.718],[35.201,-6.7245],[35.0952,-6.7458],[35.0538,-6.7167],[35.0827,-6.8604],[35.0836,-6.9261],[35.0895,-6.9317],[35.1232,-6.9502],[35.1695,-6.9814],[35.2371,-6.9937],[35.2541,-6.9806],[35.3042,-6.9367],[35.4439,-6.9326],[35.4676,-6.9517],[35.4953,-6.95],[35.5416,-7.015],[35.5808,-7.0048],[35.6687,-7.0522],[35.6969,-7.0645],[35.7279,-7.0796],[35.7451,-7.0837],[35.7713,-7.0929],[35.7797,-7.0847],[35.8019,-7.0264]]]]}},{"id":"feature_014","type":"Feature","properties":{"gid":"TZA.3.3_1","name":"Chemba","region":"Dodoma","addo_count":9},"geometry":{"type":"MultiPolygon","coordinates":[[[[35.3457,-5.6854],[35.4169,-5.6585],[35.4777,-5.6642],[35.5583,-5.6443],[35.6155,-5.605],[35.6739,-5.6446],[35.7102,-5.6308],[35.6991,-5.6051],[35.7174,-5.4838],[35.7533,-5.4787],[35.7923,-5.3948],[35.8495,-5.4241],[35.9834,-5.4147],[35.9993,-5.3879],[36.0437,-5.3748],[36.2123,-5.4137],[36.2839,-5.4141],[36.2989,-5.4179],[36.294,-5.3024],[36.2741,-5.2329],[36.3007,-5.2076],[36.2704,-5.1993],[36.3245,-5.0911],[36.3174,-5.0565],[36.324,-4.9569],[36.1473,-4.9546],[36.0869,-4.9705],[36.0569,-4.9242],[36.0029,-4.9229],[35.9747,-4.9566],[35.9473,-4.9639],[35.9032,-4.9412],[35.8675,-4.967],[35.8273,-4.9636],[35.8053,-4.9996],[35.8325,-4.9995],[35.8143,-5.0665],[35.7497,-5.1346],[35.7237,-5.1663],[35.7175,-5.1702],[35.7009,-5.1902],[35.6587,-5.249],[35.511,-5.0684],[35.5167,-5.0451],[35.4627,-5.0097],[35.4355,-4.8977],[35.4303,-4.8632],[35.3859,-4.866],[35.3509,-4.8584],[35.319,-4.9299],[35.2812,-4.9803],[35.1895,-5.042],[35.1693,-5.0382],[35.1449,-5.0639],[35.1174,-5.1078],[35.0679,-5.1373],[35.08,-5.1702],[35.0937,-5.1778],[35.0963,-5.2363],[35.0966,-5.2834],[35.1278,-5.3435],[35.1392,-5.408],[35.1437,-5.4128],[35.2003,-5.4959],[35.218,-5.5274],[35.2521,-5.5595],[35.2536,-5.5864],[35.3018,-5.6221],[35.3572,-5.672],[35.3507,-5.6765],[35.3443,-5.6814],[35.3457,-5.6854]]]]}},{"id":"feature_015","type":"Feature","properties":{"gid":"TZA.3.4_1","name":"Dodoma Urban","region":"Dodoma","addo_count":93},"geometry":{"type":"MultiPolygon","coordinates":[[[[35.714,-6.3824],[35.7428,-6.4449],[35.758,-6.4617],[35.8037,-6.4658],[35.8143,-6.3961],[35.7867,-6.3529],[35.8023,-6.2841],[35.8466,-6.2677],[35.9799,-6.2888],[36.056,-6.2412],[36.0409,-6.186],[36.0008,-6.164],[36.0009,-6.0299],[35.9782,-6.019],[36.0268,-5.9533],[36.1346,-5.9291],[36.0549,-5.8592],[35.9899,-5.8616],[35.9808,-5.8357],[35.9279,-5.8347],[35.9126,-5.8381],[35.8538,-5.8302],[35.8312,-5.8407],[35.8265,-5.8762],[35.7417,-5.8907],[35.6867,-5.9827],[35.6519,-5.9632],[35.6021,-5.9672],[35.58,-5.985],[35.5842,-6.0087],[35.5305,-5.9869],[35.4889,-6.0004],[35.481,-6.0093],[35.4805,-6.0226],[35.4988,-6.0879],[35.56,-6.1457],[35.5593,-6.2477],[35.5331,-6.3077],[35.5577,-6.3227],[35.6452,-6.3381],[35.6887,-6.3353],[35.714,-6.3824]]]]}},{"id":"feature_016","type":"Feature","properties":{"gid":"TZA.3.5_1","name":"Kondoa","region":"Dodoma","addo_count":19},"geometry":{"type":"MultiPolygon","coordinates":[[[[35.7009,-5.1902],[35.7175,-5.1702],[35.7237,-5.1663],[35.7497,-5.1346],[35.8143,-5.0665],[35.8325,-4.9995],[35.8053,-4.9996],[35.8273,-4.9636],[35.8675,-4.967],[35.9032,-4.9412],[35.9473,-4.9639],[35.9747,-4.9566],[36.0029,-4.9229],[36.0569,-4.9242],[36.0869,-4.9705],[36.1473,-4.9546],[36.324,-4.9569],[36.3276,-4.9205],[36.338,-4.8898],[36.3374,-4.8477],[36.3269,-4.8388],[36.3073,-4.8076],[36.2935,-4.6994],[36.297,-4.5731],[36.3086,-4.5225],[36.3462,-4.4375],[36.2505,-4.4149],[36.0007,-4.397],[35.8185,-4.3151],[35.8176,-4.3906],[35.7644,-4.4068],[35.6837,-4.4835],[35.6566,-4.5086],[35.6598,-4.5383],[35.6566,-4.5647],[35.6656,-4.5815],[35.6093,-4.6862],[35.5952,-4.7033],[35.5388,-4.7405],[35.5067,-4.8195],[35.4606,-4.8495],[35.4303,-4.8632],[35.4355,-4.8977],[35.4627,-5.0097],[35.5167,-5.0451],[35.511,-5.0684],[35.6587,-5.249],[35.7009,-5.1902]]]]}},{"id":"feature_017","type":"Feature","properties":{"gid":"TZA.3.6_1","name":"Kongwa","region":"Dodoma","addo_count":38},"geometry":{"type":"MultiPolygon","coordinates":[[[[36.4444,-5.6722],[36.4319,-5.6701],[36.4426,-5.6439],[36.4184,-5.6039],[36.3049,-5.5185],[36.2716,-5.5755],[36.2655,-5.6562],[36.2897,-5.8678],[36.2806,-6.0018],[36.2614,-6.0247],[36.2863,-6.0713],[36.2696,-6.1194],[36.2516,-6.1515],[36.3611,-6.1952],[36.3866,-6.2249],[36.3869,-6.2598],[36.4322,-6.2593],[36.4512,-6.2752],[36.4943,-6.2716],[36.5005,-6.2503],[36.5459,-6.2625],[36.5827,-6.3104],[36.5946,-6.3583],[36.6345,-6.3951],[36.6719,-6.399],[36.7497,-6.4155],[36.7503,-6.4345],[36.7646,-6.4185],[36.8502,-6.3588],[36.817,-6.0566],[36.8689,-6.0099],[36.9416,-5.9757],[36.9648,-5.9274],[36.9246,-5.929],[36.8549,-5.9535],[36.7948,-5.9385],[36.7158,-5.9463],[36.6769,-5.8649],[36.6007,-5.7996],[36.5786,-5.7458],[36.5344,-5.7285],[36.5136,-5.6921],[36.4444,-5.6722]]]]}},{"id":"feature_018","type":"Feature","properties":{"gid":"TZA.3.7_1","name":"Mpwapwa","region":"Dodoma","addo_count":22},"geometry":{"type":"MultiPolygon","coordinates":[[[[36.5109,-7.2395],[36.5079,-7.2301],[36.5126,-7.1786],[36.5132,-7.1718],[36.5106,-7.171],[36.5153,-7.1585],[36.5357,-7.1305],[36.5483,-7.0925],[36.5664,-7.0547],[36.617,-7.0371],[36.6461,-7.0232],[36.6456,-6.7691],[36.6317,-6.7399],[36.6641,-6.7073],[36.7286,-6.5728],[36.7495,-6.5592],[36.7505,-6.5373],[36.7455,-6.5004],[36.7225,-6.494],[36.7261,-6.4607],[36.7503,-6.4345],[36.7497,-6.4155],[36.6719,-6.399],[36.6345,-6.3951],[36.5946,-6.3583],[36.5827,-6.3104],[36.5459,-6.2625],[36.5005,-6.2503],[36.4943,-6.2716],[36.4512,-6.2752],[36.4322,-6.2593],[36.3869,-6.2598],[36.3866,-6.2249],[36.3611,-6.1952],[36.2516,-6.1515],[36.2388,-6.1654],[36.2344,-6.2403],[36.2474,-6.2601],[36.1771,-6.4099],[36.1773,-6.463],[36.113,-6.4825],[36.0751,-6.4623],[36.0416,-6.5],[36.0184,-6.4713],[36.0052,-6.4778],[35.9958,-6.5914],[35.9628,-6.6342],[35.9872,-6.64],[36.0145,-6.7108],[36.0362,-6.7266],[36.0274,-6.8521],[35.9944,-6.9415],[35.9593,-6.9326],[35.9256,-6.948],[35.8942,-6.9679],[35.8849,-7.0048],[35.8067,-6.9993],[35.8019,-7.0264],[35.7797,-7.0847],[35.7791,-7.0945],[35.7951,-7.089],[35.8011,-7.0926],[35.8071,-7.0934],[35.8156,-7.0899],[35.8361,-7.0943],[35.8569,-7.0915],[35.872,-7.094],[35.8951,-7.1098],[35.958,-7.1191],[35.98,-7.1369],[36.0508,-7.1197],[36.0741,-7.1337],[36.1143,-7.1266],[36.1983,-7.1574],[36.215,-7.1728],[36.2499,-7.1758],[36.311,-7.2657],[36.3151,-7.3029],[36.3164,-7.3175],[36.3187,-7.3254],[36.338,-7.3374],[36.3958,-7.3147],[36.4693,-7.3512],[36.4826,-7.375],[36.4822,-7.3794],[36.5311,-7.3382],[36.5347,-7.3279],[36.5109,-7.2395]]]]}},{"id":"feature_019","type":"Feature","properties":{"gid":"TZA.4.1_1","name":"Bukombe","region":"Geita","addo_count":0},"geometry":{"type":"MultiPolygon","coordinates":[[[[31.9696,-3.7501],[32.0015,-3.7465],[32.0038,-3.7115],[32.0791,-3.6516],[32.1165,-3.5447],[32.1581,-3.5022],[32.1344,-3.4859],[32.1345,-3.4479],[32.0284,-3.4474],[31.9668,-3.3513],[31.9153,-3.3298],[31.8808,-3.2712],[31.8528,-3.2756],[31.8432,-3.2351],[31.8312,-3.2283],[31.7679,-3.262],[31.711,-3.321],[31.7051,-3.3526],[31.7082,-3.3558],[31.7071,-3.3838],[31.6767,-3.3991],[31.6584,-3.3829],[31.6584,-3.3678],[31.6528,-3.3502],[31.6538,-3.3248],[31.6749,-3.275],[31.685,-3.2565],[31.6973,-3.2281],[31.7489,-3.2025],[31.7994,-3.1845],[31.7985,-3.1588],[31.7524,-3.1153],[31.7074,-3.1101],[31.6527,-3.1493],[31.6505,-3.1929],[31.6134,-3.2242],[31.5611,-3.2088],[31.5544,-3.2416],[31.4615,-3.3164],[31.4355,-3.2989],[31.4032,-3.3185],[31.333,-3.3205],[31.2515,-3.2862],[31.2206,-3.3008],[31.1541,-3.3644],[31.1671,-3.4107],[31.1923,-3.4245],[31.1943,-3.4526],[31.2131,-3.4756],[31.1998,-3.4999],[31.2027,-3.5243],[31.2142,-3.531],[31.2124,-3.6279],[31.2282,-3.6829],[31.229,-3.6878],[31.2948,-3.7336],[31.3541,-3.8646],[31.3811,-4.0222],[31.3582,-4.0424],[31.3615,-4.063],[31.3473,-4.0638],[31.329,-4.1446],[31.3481,-4.1765],[31.348,-4.2265],[31.3693,-4.2387],[31.3647,-4.2943],[31.396,-4.3197],[31.4186,-4.3696],[31.428,-4.4622],[31.4375,-4.4707],[31.4464,-4.4597],[31.4632,-4.463],[31.5001,-4.4136],[31.5926,-4.432],[31.6237,-4.4235],[31.6537,-4.383],[31.6729,-4.3247],[31.6564,-4.28],[31.6806,-4.2548],[31.6701,-4.2446],[31.6832,-4.215],[31.669,-4.1559],[31.6354,-4.137],[31.6545,-4.117],[31.6609,-4.0752],[31.6812,-4.0625],[31.6856,-4.0452],[31.6923,-4.022],[31.6997,-3.9962],[31.7278,-3.9753],[31.746,-3.9731],[31.8327,-3.9492],[31.8819,-3.8318],[31.877,-3.7867],[31.9696,-3.7501]]]]}},{"id":"feature_020","type":"Feature","properties":{"gid":"TZA.4.2_1","name":"Chato","region":"Geita","addo_count":64},"geometry":{"type":"MultiPolygon","coordinates":[[[[31.6538,-3.3248],[31.6528,-3.3502],[31.6584,-3.3678],[31.6584,-3.3829],[31.6767,-3.3991],[31.7071,-3.3838],[31.7082,-3.3558],[31.7051,-3.3526],[31.711,-3.321],[31.7679,-3.262],[31.8312,-3.2283],[31.8385,-3.2265],[31.8431,-3.216],[31.8511,-3.2115],[31.882,-3.2108],[31.8939,-3.206],[31.9123,-3.1205],[31.895,-3.1001],[31.8941,-3.0456],[31.9308,-2.9799],[31.9106,-2.9275],[31.9182,-2.9123],[31.8501,-2.8487],[31.8212,-2.8048],[31.8191,-2.8064],[31.8178,-2.8218],[31.8085,-2.8475],[31.7763,-2.8324],[31.7905,-2.7229],[31.7564,-2.7131],[31.7832,-2.6846],[31.7638,-2.6593],[31.8202,-2.6416],[31.8154,-2.6413],[31.8198,-2.6226],[31.8577,-2.6288],[31.8564,-2.6073],[31.8154,-2.6031],[31.757,-2.6333],[31.7488,-2.5626],[31.7325,-2.5602],[31.7144,-2.535],[31.7304,-2.5009],[31.7792,-2.501],[31.7992,-2.4928],[31.7914,-2.4274],[31.7563,-2.4084],[31.76,-2.3736],[31.7775,-2.3669],[31.7722,-2.3581],[31.7578,-2.3488],[31.7521,-2.3596],[31.7465,-2.3454],[31.7555,-2.3156],[31.7492,-2.3098],[31.7096,-2.2956],[31.7131,-2.3158],[31.6986,-2.3081],[31.6872,-2.3094],[31.6949,-2.33],[31.6759,-2.3201],[31.6717,-2.3339],[31.6626,-2.3323],[31.6409,-2.3671],[31.6564,-2.3909],[31.6088,-2.4067],[31.6074,-2.4143],[31.6307,-2.4537],[31.6096,-2.4603],[31.5984,-2.5126],[31.562,-2.5184],[31.5462,-2.541],[31.5149,-2.5301],[31.4425,-2.5591],[31.4071,-2.6109],[31.4084,-2.6679],[31.4475,-2.6861],[31.4652,-2.7242],[31.4846,-2.7014],[31.5208,-2.7267],[31.5679,-2.7116],[31.5728,-2.7284],[31.55,-2.7294],[31.5623,-2.7577],[31.6158,-2.7689],[31.6773,-2.7465],[31.7105,-2.783],[31.7221,-2.7981],[31.7211,-2.8185],[31.6741,-2.8488],[31.593,-2.8634],[31.5743,-2.9467],[31.4973,-2.8867],[31.4772,-2.9003],[31.4782,-2.9204],[31.4628,-2.9573],[31.4718,-2.9832],[31.5554,-3.1374],[31.5611,-3.2088],[31.6134,-3.2242],[31.6505,-3.1929],[31.6527,-3.1493],[31.7074,-3.1101],[31.7524,-3.1153],[31.7985,-3.1588],[31.7994,-3.1845],[31.7489,-3.2025],[31.6973,-3.2281],[31.685,-3.2565],[31.6749,-3.275],[31.6538,-3.3248]]]]}},{"id":"feature_021","type":"Feature","properties":{"gid":"TZA.4.3_1","name":"Geita","region":"Geita","addo_count":126},"geometry":{"type":"MultiPolygon","coordinates":[[[[32.4478,-3.2121],[32.4402,-3.1953],[32.4474,-3.1622],[32.4756,-3.1609],[32.4832,-3.1042],[32.4766,-3.0483],[32.4555,-3.0461],[32.4602,-3.0709],[32.4356,-3.0709],[32.3946,-3.0351],[32.383,-2.9935],[32.4153,-2.9043],[32.4832,-2.9306],[32.5184,-2.9506],[32.5629,-2.9357],[32.5791,-2.9335],[32.5803,-2.9161],[32.578,-2.8681],[32.5424,-2.8223],[32.554,-2.7989],[32.4292,-2.7704],[32.4052,-2.7369],[32.4226,-2.682],[32.4471,-2.6754],[32.5186,-2.6586],[32.5211,-2.6447],[32.5127,-2.6285],[32.4911,-2.6304],[32.3532,-2.605],[32.2694,-2.6077],[32.2647,-2.5764],[32.2257,-2.5445],[32.2098,-2.5011],[32.1915,-2.5174],[32.1669,-2.5212],[32.1495,-2.5294],[32.1551,-2.541],[32.1359,-2.5522],[32.135,-2.5405],[32.1352,-2.5425],[32.1277,-2.5294],[32.113,-2.5449],[32.1037,-2.5082],[32.076,-2.5288],[32.0588,-2.4964],[32.0395,-2.5052],[32.0316,-2.4691],[32.0256,-2.5084],[32.0082,-2.4799],[31.9862,-2.4933],[32.0042,-2.5186],[31.9976,-2.5239],[31.9979,-2.5408],[32.011,-2.5447],[31.9946,-2.5704],[32.0047,-2.5933],[31.9381,-2.5935],[31.9317,-2.6062],[32.0116,-2.6999],[32.0062,-2.7253],[32.0079,-2.7396],[32.0186,-2.7503],[32.0327,-2.7586],[32.0385,-2.7673],[32.0349,-2.7797],[31.9793,-2.7811],[31.9767,-2.7139],[31.9614,-2.7105],[31.9655,-2.6938],[31.9334,-2.6965],[31.946,-2.6586],[31.899,-2.6594],[31.8956,-2.6393],[31.8848,-2.6599],[31.9125,-2.6796],[31.9093,-2.7169],[31.9105,-2.7157],[31.9155,-2.7214],[31.9078,-2.7264],[31.8842,-2.7165],[31.8701,-2.7606],[31.8663,-2.7113],[31.8741,-2.697],[31.859,-2.6876],[31.8307,-2.6915],[31.827,-2.697],[31.8189,-2.7164],[31.8366,-2.7413],[31.8256,-2.744],[31.8337,-2.7703],[31.8476,-2.7914],[31.8308,-2.8045],[31.8501,-2.8487],[31.9182,-2.9123],[31.9106,-2.9275],[31.9308,-2.9799],[31.8941,-3.0456],[31.895,-3.1001],[31.9123,-3.1205],[31.8939,-3.206],[31.9048,-3.2081],[31.9966,-3.1986],[32.0367,-3.211],[32.1048,-3.134],[32.1332,-3.1315],[32.1644,-3.1417],[32.2118,-3.1686],[32.2211,-3.2414],[32.2777,-3.2423],[32.2855,-3.3019],[32.3482,-3.3294],[32.3779,-3.2598],[32.4,-3.2629],[32.4391,-3.2212],[32.4478,-3.2205],[32.4478,-3.2121]]],[[[31.8107,-2.6934],[31.8107,-2.6934],[31.819,-2.7],[31.8107,-2.6934]]],[[[31.9681,-2.4328],[31.9681,-2.4328],[31.97,-2.4344],[31.9681,-2.4328]]],[[[31.9678,-2.4303],[31.9678,-2.4303],[31.9672,-2.4323],[31.9678,-2.4303]]],[[[32.0807,-2.5033],[32.0807,-2.5033],[32.0824,-2.506],[32.0807,-2.5033]]],[[[31.9944,-2.444],[31.9941,-2.4389],[31.9561,-2.4421],[31.9724,-2.4605],[31.9826,-2.4597],[31.9841,-2.4641],[31.991,-2.46],[31.9944,-2.444]]],[[[32.0152,-2.4384],[32.0133,-2.4352],[31.9934,-2.4295],[32.0152,-2.4384]]],[[[31.9696,-2.4259],[31.9696,-2.4259],[31.9719,-2.4288],[31.9696,-2.4259]]],[[[31.9638,-2.4243],[31.9681,-2.4138],[31.9683,-2.382],[31.9361,-2.4173],[31.9638,-2.4243]]],[[[31.9191,-2.31],[31.9109,-2.3121],[31.8934,-2.3291],[31.8595,-2.3164],[31.8525,-2.2526],[31.8233,-2.2404],[31.7926,-2.2947],[31.7745,-2.2933],[31.7975,-2.3266],[31.8343,-2.309],[31.8196,-2.3404],[31.851,-2.386],[31.8348,-2.4311],[31.8427,-2.4591],[31.8785,-2.4527],[31.9228,-2.4166],[31.9126,-2.4067],[31.9252,-2.3893],[31.8893,-2.3604],[31.9191,-2.31]]]]}},{"id":"feature_022","type":"Feature","properties":{"gid":"TZA.4.6_1","name":"Lake Victoria","region":"Geita","addo_count":0},"geometry":{"type":"MultiPolygon","coordinates":[[[[31.8202,-2.6416],[31.7638,-2.6593],[31.7832,-2.6846],[31.7564,-2.7131],[31.7905,-2.7229],[31.7763,-2.8324],[31.8085,-2.8475],[31.8178,-2.8218],[31.8191,-2.8064],[31.8212,-2.8048],[31.8308,-2.8045],[31.8476,-2.7914],[31.8337,-2.7703],[31.8256,-2.744],[31.8366,-2.7413],[31.8189,-2.7164],[31.827,-2.697],[31.8307,-2.6915],[31.859,-2.6876],[31.8741,-2.697],[31.8663,-2.7113],[31.8701,-2.7606],[31.8842,-2.7165],[31.9078,-2.7264],[31.9155,-2.7214],[31.9105,-2.7157],[31.9093,-2.7169],[31.9125,-2.6796],[31.8848,-2.6599],[31.8956,-2.6393],[31.899,-2.6594],[31.946,-2.6586],[31.9334,-2.6965],[31.9655,-2.6938],[31.9614,-2.7105],[31.9767,-2.7139],[31.9793,-2.7811],[32.0349,-2.7797],[32.0385,-2.7673],[32.0327,-2.7586],[32.0186,-2.7503],[32.0079,-2.7396],[32.0062,-2.7253],[32.0116,-2.6999],[31.9317,-2.6062],[31.9381,-2.5935],[32.0047,-2.5933],[31.9946,-2.5704],[32.011,-2.5447],[31.9979,-2.5408],[31.9976,-2.5239],[32.0042,-2.5186],[31.9862,-2.4933],[32.0082,-2.4799],[32.0256,-2.5084],[32.0316,-2.4691],[32.0395,-2.5052],[32.0588,-2.4964],[32.076,-2.5288],[32.1037,-2.5082],[32.113,-2.5449],[32.1277,-2.5294],[32.1352,-2.5425],[32.135,-2.5405],[32.1359,-2.5522],[32.1551,-2.541],[32.1495,-2.5294],[32.1592,-2.5225],[32.093,-2.4911],[31.9922,-2.3863],[31.9311,-2.3735],[31.9384,-2.3172],[31.8417,-2.1719],[31.6725,-2.3061],[31.6733,-2.3079],[31.6655,-2.3338],[31.6717,-2.3339],[31.6759,-2.3201],[31.6949,-2.33],[31.6872,-2.3094],[31.6986,-2.3081],[31.7131,-2.3158],[31.7096,-2.2956],[31.7492,-2.3098],[31.7555,-2.3156],[31.7465,-2.3454],[31.7521,-2.3596],[31.7578,-2.3488],[31.7722,-2.3581],[31.7775,-2.3669],[31.76,-2.3736],[31.7563,-2.4084],[31.7914,-2.4274],[31.7992,-2.4928],[31.7792,-2.501],[31.7304,-2.5009],[31.7144,-2.535],[31.7325,-2.5602],[31.7488,-2.5626],[31.757,-2.6333],[31.8154,-2.6031],[31.8564,-2.6073],[31.8577,-2.6288],[31.8198,-2.6226],[31.8154,-2.6413],[31.8202,-2.6416]],[[32.0824,-2.506],[32.0807,-2.5033],[32.0824,-2.506],[32.0824,-2.506]],[[31.97,-2.4344],[31.9681,-2.4328],[31.97,-2.4344],[31.97,-2.4344]],[[31.9941,-2.4389],[31.9944,-2.444],[31.991,-2.46],[31.9841,-2.4641],[31.9826,-2.4597],[31.9724,-2.4605],[31.9561,-2.4421],[31.9941,-2.4389]],[[31.9672,-2.4323],[31.9678,-2.4303],[31.9672,-2.4323],[31.9672,-2.4323]],[[31.9719,-2.4288],[31.9696,-2.4259],[31.9719,-2.4288],[31.9719,-2.4288]],[[32.0133,-2.4352],[32.0152,-2.4384],[31.9934,-2.4295],[32.0133,-2.4352]],[[31.9681,-2.4138],[31.9638,-2.4243],[31.9361,-2.4173],[31.9683,-2.382],[31.9681,-2.4138]],[[31.9109,-2.3121],[31.9191,-2.31],[31.8893,-2.3604],[31.9252,-2.3893],[31.9126,-2.4067],[31.9228,-2.4166],[31.8785,-2.4527],[31.8427,-2.4591],[31.8348,-2.4311],[31.851,-2.386],[31.8196,-2.3404],[31.8343,-2.309],[31.7975,-2.3266],[31.7745,-2.2933],[31.7926,-2.2947],[31.8233,-2.2404],[31.8525,-2.2526],[31.8595,-2.3164],[31.8934,-2.3291],[31.9109,-2.3121]],[[31.819,-2.7],[31.8107,-2.6934],[31.819,-2.7],[31.819,-2.7]]]]}},{"id":"feature_023","type":"Feature","properties":{"gid":"TZA.4.4_1","name":"Mbogwe","region":"Geita","addo_count":4},"geometry":{"type":"MultiPolygon","coordinates":[[[[32.3952,-3.5971],[32.3642,-3.6166],[32.317,-3.6288],[32.3039,-3.5808],[32.3309,-3.52],[32.3249,-3.4403],[32.308,-3.4116],[32.3088,-3.3254],[32.2855,-3.3019],[32.2777,-3.2423],[32.2211,-3.2414],[32.2118,-3.1686],[32.1644,-3.1417],[32.1332,-3.1315],[32.1048,-3.134],[32.0367,-3.211],[31.9966,-3.1986],[31.9048,-3.2081],[31.882,-3.2108],[31.8511,-3.2115],[31.8431,-3.216],[31.8385,-3.2265],[31.8432,-3.2351],[31.8528,-3.2756],[31.8808,-3.2712],[31.9153,-3.3298],[31.9668,-3.3513],[32.0284,-3.4474],[32.1345,-3.4479],[32.1344,-3.4859],[32.1581,-3.5022],[32.1165,-3.5447],[32.0791,-3.6516],[32.0038,-3.7115],[32.001,-3.7455],[32.0183,-3.7561],[32.0599,-3.7789],[32.1246,-3.7741],[32.1585,-3.7452],[32.191,-3.7748],[32.226,-3.7356],[32.2363,-3.7399],[32.2464,-3.7521],[32.2586,-3.7616],[32.3431,-3.8065],[32.3671,-3.816],[32.37,-3.7216],[32.3989,-3.7183],[32.4162,-3.6541],[32.3952,-3.5971]]]]}},{"id":"feature_024","type":"Feature","properties":{"gid":"TZA.4.5_1","name":"Nyang'hwale","region":"Geita","addo_count":0},"geometry":{"type":"MultiPolygon","coordinates":[[[[32.6834,-3.3637],[32.6854,-3.3258],[32.7331,-3.3154],[32.7757,-3.2521],[32.7865,-3.224],[32.7934,-3.1689],[32.7709,-3.1278],[32.7712,-3.0996],[32.7846,-3.0642],[32.7688,-3.0218],[32.7753,-3.0019],[32.7633,-2.9987],[32.7513,-3.002],[32.7047,-3.0037],[32.6893,-2.9898],[32.6848,-2.9918],[32.6598,-2.9736],[32.6202,-2.9463],[32.601,-2.9346],[32.5823,-2.9314],[32.5629,-2.9357],[32.5184,-2.9506],[32.4832,-2.9306],[32.4153,-2.9043],[32.383,-2.9935],[32.3946,-3.0351],[32.4356,-3.0709],[32.4602,-3.0709],[32.4555,-3.0461],[32.4766,-3.0483],[32.4832,-3.1042],[32.4756,-3.1609],[32.4474,-3.1622],[32.4402,-3.1953],[32.4478,-3.2121],[32.4478,-3.2205],[32.4591,-3.2229],[32.4831,-3.2025],[32.516,-3.2007],[32.5285,-3.2156],[32.529,-3.2277],[32.5344,-3.2473],[32.534,-3.2516],[32.5417,-3.2954],[32.5026,-3.3938],[32.566,-3.4055],[32.6749,-3.4556],[32.6944,-3.4517],[32.6991,-3.3935],[32.6834,-3.3637]]]]}},{"id":"feature_025","type":"Feature","properties":{"gid":"TZA.5.1_1","name":"Iringa Rural","region":"Iringa","addo_count":0},"geometry":{"type":"MultiPolygon","coordinates":[[[[35.5729,-8.1941],[35.591,-8.1429],[35.6333,-8.1153],[35.6445,-8.0759],[35.7669,-8.0087],[35.7531,-7.9598],[35.8213,-7.872],[35.803,-7.8123],[35.8137,-7.8005],[35.8,-7.7984],[35.7829,-7.7966],[35.7697,-7.784],[35.7378,-7.7903],[35.702,-7.8395],[35.6844,-7.8567],[35.6601,-7.845],[35.6524,-7.7984],[35.5913,-7.7811],[35.584,-7.7274],[35.601,-7.7253],[35.6383,-7.7267],[35.6375,-7.6841],[35.6838,-7.6504],[35.7149,-7.643],[35.8088,-7.6531],[35.8309,-7.6576],[35.8356,-7.6582],[35.8785,-7.6238],[35.9011,-7.5746],[35.8936,-7.5451],[35.8841,-7.5336],[35.9138,-7.5158],[35.9222,-7.4601],[35.9445,-7.4349],[36.0364,-7.3578],[36.1403,-7.3151],[36.1955,-7.1906],[36.1983,-7.1574],[36.1143,-7.1266],[36.0741,-7.1337],[36.0508,-7.1197],[35.98,-7.1369],[35.958,-7.1191],[35.8951,-7.1098],[35.872,-7.094],[35.8569,-7.0915],[35.8361,-7.0943],[35.8156,-7.0899],[35.8071,-7.0934],[35.8011,-7.0926],[35.7951,-7.089],[35.7791,-7.0945],[35.7713,-7.0929],[35.7451,-7.0837],[35.7279,-7.0796],[35.6969,-7.0645],[35.6687,-7.0522],[35.5808,-7.0048],[35.5416,-7.015],[35.4953,-6.95],[35.4676,-6.9517],[35.4439,-6.9326],[35.3042,-6.9367],[35.2541,-6.9806],[35.2371,-6.9937],[35.1695,-6.9814],[35.1232,-6.9502],[35.0895,-6.9317],[35.0836,-6.9261],[35.0371,-6.9112],[34.9382,-6.8915],[34.9148,-6.8942],[34.7427,-7.0125],[34.7348,-7.0179],[34.7228,-7.0351],[34.7096,-7.0412],[34.6809,-7.0549],[34.6593,-7.0813],[34.5947,-7.185],[34.5066,-7.2357],[34.4332,-7.3183],[34.263,-7.3325],[34.2447,-7.3292],[34.2343,-7.3347],[34.1941,-7.3739],[34.2,-7.4965],[34.2684,-7.592],[34.2706,-7.6195],[34.3371,-7.7109],[34.3655,-7.7357],[34.5099,-7.7135],[34.6818,-7.7417],[34.7523,-7.8274],[34.8514,-7.9026],[34.9558,-8.0985],[35.0021,-8.113],[35.078,-8.1517],[35.1643,-8.1454],[35.181,-8.2316],[35.2364,-8.1835],[35.2506,-8.1372],[35.2722,-8.1288],[35.3092,-8.14],[35.346,-8.1281],[35.3777,-8.1501],[35.3921,-8.208],[35.4852,-8.2437],[35.5257,-8.2429],[35.5729,-8.1941]]]]}},{"id":"feature_026","type":"Feature","properties":{"gid":"TZA.5.2_1","name":"Iringa Urban","region":"Iringa","addo_count":0},"geometry":{"type":"MultiPolygon","coordinates":[[[[35.702,-7.8395],[35.7378,-7.7903],[35.7697,-7.784],[35.7829,-7.7966],[35.7968,-7.7987],[35.7973,-7.7802],[35.8036,-7.7731],[35.8198,-7.7607],[35.8012,-7.7168],[35.824,-7.6612],[35.8088,-7.6531],[35.7149,-7.643],[35.6838,-7.6504],[35.6375,-7.6841],[35.6383,-7.7267],[35.601,-7.7253],[35.584,-7.7274],[35.5913,-7.7811],[35.6524,-7.7984],[35.6601,-7.845],[35.6844,-7.8567],[35.702,-7.8395]]]]}},{"id":"feature_027","type":"Feature","properties":{"gid":"TZA.5.3_1","name":"Kilolo","region":"Iringa","addo_count":47},"geometry":{"type":"MultiPolygon","coordinates":[[[[35.8375,-8.2851],[35.8587,-8.2954],[35.8577,-8.3401],[35.8557,-8.3506],[35.8974,-8.3797],[35.9828,-8.4028],[36.0072,-8.3738],[36.1072,-8.2897],[36.1901,-8.1805],[36.3022,-8.0856],[36.4642,-7.9817],[36.4648,-8.0286],[36.7123,-8.0258],[36.7023,-7.981],[36.8349,-7.7781],[36.8456,-7.649],[36.7877,-7.6447],[36.7863,-7.594],[36.6934,-7.5793],[36.6442,-7.5299],[36.5237,-7.5199],[36.482,-7.3937],[36.4826,-7.375],[36.4693,-7.3512],[36.3958,-7.3147],[36.338,-7.3374],[36.3187,-7.3254],[36.3164,-7.3175],[36.3151,-7.3029],[36.311,-7.2657],[36.2499,-7.1758],[36.215,-7.1728],[36.2009,-7.1706],[36.1955,-7.1906],[36.1403,-7.3151],[36.0364,-7.3578],[35.9445,-7.4349],[35.9222,-7.4601],[35.9138,-7.5158],[35.8841,-7.5336],[35.8936,-7.5451],[35.8884,-7.605],[35.8356,-7.6582],[35.8309,-7.6576],[35.8012,-7.7168],[35.8198,-7.7607],[35.8036,-7.7731],[35.7973,-7.7802],[35.8,-7.7984],[35.8137,-7.8005],[35.803,-7.8123],[35.8213,-7.872],[35.7531,-7.9598],[35.7669,-8.0087],[35.6445,-8.0759],[35.6333,-8.1153],[35.591,-8.1429],[35.5899,-8.1668],[35.6072,-8.1743],[35.6795,-8.1819],[35.7258,-8.1661],[35.7425,-8.2279],[35.7252,-8.2368],[35.7337,-8.2427],[35.8375,-8.2851]]]]}},{"id":"feature_028","type":"Feature","properties":{"gid":"TZA.5.4_1","name":"Mafinga Town","region":"Iringa","addo_count":0},"geometry":{"type":"MultiPolygon","coordinates":[[[[35.3765,-8.3146],[35.3549,-8.3048],[35.3593,-8.277],[35.409,-8.2533],[35.4083,-8.2461],[35.3846,-8.251],[35.3379,-8.2284],[35.2762,-8.2381],[35.2568,-8.2183],[35.2274,-8.2425],[35.2322,-8.2754],[35.2196,-8.2876],[35.1878,-8.2758],[35.1724,-8.2612],[35.1686,-8.2642],[35.1661,-8.2726],[35.1561,-8.2717],[35.1449,-8.2952],[35.1394,-8.4918],[35.2005,-8.5069],[35.318,-8.4952],[35.2699,-8.3852],[35.2974,-8.3761],[35.3153,-8.3766],[35.3323,-8.368],[35.3581,-8.3385],[35.3765,-8.3146]]]]}},{"id":"feature_029","type":"Feature","properties":{"gid":"TZA.5.5_1","name":"Mufindi","region":"Iringa","addo_count":86},"geometry":{"type":"MultiPolygon","coordinates":[[[[35.4165,-8.6645],[35.4755,-8.6589],[35.5773,-8.6899],[35.6024,-8.7027],[35.6209,-8.7348],[35.6266,-8.7448],[35.6407,-8.7671],[35.646,-8.7708],[35.6652,-8.7424],[35.7001,-8.7637],[35.6935,-8.6881],[35.7128,-8.6737],[35.69,-8.6655],[35.8502,-8.5676],[35.8726,-8.541],[35.8893,-8.4608],[35.9633,-8.419],[35.9828,-8.4028],[35.8974,-8.3797],[35.8557,-8.3506],[35.8577,-8.3401],[35.8587,-8.2954],[35.8375,-8.2851],[35.7337,-8.2427],[35.7252,-8.2368],[35.7425,-8.2279],[35.7258,-8.1661],[35.6795,-8.1819],[35.6072,-8.1743],[35.5923,-8.1669],[35.5729,-8.1941],[35.5257,-8.2429],[35.4852,-8.2437],[35.3921,-8.208],[35.3777,-8.1501],[35.346,-8.1281],[35.3092,-8.14],[35.2722,-8.1288],[35.2506,-8.1372],[35.2364,-8.1835],[35.181,-8.2316],[35.1643,-8.1454],[35.078,-8.1517],[35.0021,-8.113],[34.9699,-8.1014],[34.9541,-8.1173],[34.7273,-8.3935],[34.6982,-8.4215],[34.684,-8.4519],[34.7193,-8.5021],[34.7219,-8.5354],[34.7167,-8.6089],[34.7186,-8.6374],[34.7,-8.6662],[34.7061,-8.6651],[34.8604,-8.6881],[34.8648,-8.6924],[34.8959,-8.7291],[34.8766,-8.7332],[34.87,-8.7533],[34.8548,-8.771],[34.9062,-8.8117],[34.9309,-8.819],[34.9795,-8.83],[35.0025,-8.8155],[35.0385,-8.7923],[35.0425,-8.7794],[35.0704,-8.776],[35.1312,-8.7769],[35.1414,-8.8159],[35.144,-8.8492],[35.1295,-8.8798],[35.1409,-8.9033],[35.1107,-8.9419],[35.1301,-8.977],[35.1216,-9.0101],[35.14,-9.0319],[35.1996,-9.042],[35.2458,-9.0364],[35.2914,-9.0377],[35.3072,-9.0395],[35.381,-9.015],[35.3846,-9.0126],[35.4153,-8.9656],[35.3889,-8.9467],[35.3641,-8.9399],[35.3493,-8.8908],[35.3498,-8.8798],[35.3241,-8.871],[35.358,-8.8244],[35.3559,-8.7791],[35.3279,-8.7419],[35.3318,-8.7268],[35.3318,-8.7226],[35.3533,-8.7122],[35.3554,-8.6892],[35.4165,-8.6645]],[[35.1661,-8.2726],[35.1686,-8.2642],[35.1724,-8.2612],[35.1878,-8.2758],[35.2196,-8.2876],[35.2322,-8.2754],[35.2274,-8.2425],[35.2568,-8.2183],[35.2762,-8.2381],[35.3379,-8.2284],[35.3846,-8.251],[35.4083,-8.2461],[35.409,-8.2533],[35.3593,-8.277],[35.3549,-8.3048],[35.3765,-8.3146],[35.3581,-8.3385],[35.3323,-8.368],[35.3153,-8.3766],[35.2974,-8.3761],[35.2699,-8.3852],[35.318,-8.4952],[35.2005,-8.5069],[35.1394,-8.4918],[35.1449,-8.2952],[35.1561,-8.2717],[35.1661,-8.2726]]]]}},{"id":"feature_030","type":"Feature","properties":{"gid":"TZA.6.1_1","name":"Biharamulo","region":"Kagera","addo_count":14},"geometry":{"type":"MultiPolygon","coordinates":[[[[31.5544,-3.2416],[31.5611,-3.2088],[31.5554,-3.1374],[31.4718,-2.9832],[31.4628,-2.9573],[31.4782,-2.9204],[31.4759,-2.9021],[31.4973,-2.8867],[31.5743,-2.9467],[31.593,-2.8634],[31.6741,-2.8488],[31.7211,-2.8185],[31.7221,-2.7981],[31.7105,-2.783],[31.6773,-2.7465],[31.6158,-2.7689],[31.5623,-2.7577],[31.55,-2.7294],[31.5728,-2.7284],[31.5679,-2.7116],[31.5208,-2.7267],[31.4846,-2.7014],[31.4652,-2.7242],[31.4475,-2.6861],[31.4084,-2.6679],[31.4071,-2.6109],[31.4425,-2.5591],[31.5149,-2.5301],[31.5462,-2.541],[31.562,-2.5184],[31.5984,-2.5126],[31.6096,-2.4603],[31.6307,-2.4537],[31.6074,-2.4143],[31.6163,-2.375],[31.5168,-2.2713],[31.3387,-2.2335],[31.2472,-2.1895],[31.1924,-2.1867],[31.1575,-2.1902],[31.0895,-2.2011],[31.0761,-2.2303],[31.0662,-2.2646],[31.0051,-2.3489],[30.9009,-2.5596],[30.8425,-2.5848],[30.8333,-2.6225],[30.7999,-2.6797],[30.8396,-2.7663],[30.8701,-2.7861],[30.8877,-2.8037],[30.8953,-2.8083],[30.9515,-2.8155],[30.9852,-2.8382],[30.9907,-2.8335],[31.0088,-2.8306],[31.0814,-2.9667],[31.0784,-2.987],[31.0732,-3.035],[30.9888,-3.1819],[31.0149,-3.2162],[31.0447,-3.1888],[31.067,-3.1832],[31.0727,-3.1849],[31.0868,-3.1886],[31.1217,-3.2345],[31.1198,-3.2347],[31.1205,-3.2935],[31.1318,-3.3287],[31.1339,-3.3302],[31.1539,-3.3627],[31.2206,-3.3008],[31.2515,-3.2862],[31.333,-3.3205],[31.4032,-3.3185],[31.4355,-3.2989],[31.4615,-3.3164],[31.5544,-3.2416]]]]}},{"id":"feature_031","type":"Feature","properties":{"gid":"TZA.6.2_1","name":"Bukoba Rural","region":"Kagera","addo_count":0},"geometry":{"type":"MultiPolygon","coordinates":[[[[31.6973,-1.497],[31.7228,-1.5132],[31.7361,-1.5142],[31.7589,-1.5101],[31.7737,-1.5106],[31.7799,-1.4987],[31.7744,-1.4959],[31.7539,-1.4953],[31.7508,-1.4713],[31.7656,-1.4591],[31.7988,-1.4861],[31.8117,-1.4045],[31.8147,-1.3825],[31.7844,-1.3869],[31.7781,-1.3617],[31.766,-1.279],[31.7771,-1.2602],[31.797,-1.2796],[31.8161,-1.2697],[31.825,-1.2785],[31.855,-1.2838],[31.8604,-1.2792],[31.8806,-1.1709],[31.8582,-1.1438],[31.8669,-1.1047],[31.8474,-1.0763],[31.8773,-1.043],[31.8656,-1.0255],[31.8507,-1.0416],[31.8379,-1.0279],[31.8439,-1.0096],[31.8295,-1.0184],[31.823,-1.0339],[31.82,-1.0327],[31.8163,-1.0405],[31.8116,-1.0673],[31.7722,-1.0776],[31.7684,-1.0945],[31.8073,-1.1238],[31.8126,-1.1467],[31.7729,-1.209],[31.7643,-1.2557],[31.7123,-1.3123],[31.7092,-1.3501],[31.6804,-1.3506],[31.6489,-1.2999],[31.6098,-1.3141],[31.5815,-1.3696],[31.544,-1.3621],[31.5429,-1.3223],[31.5117,-1.331],[31.5034,-1.351],[31.4548,-1.3603],[31.4336,-1.348],[31.3937,-1.3682],[31.3645,-1.412],[31.3554,-1.4362],[31.3329,-1.4962],[31.3395,-1.5428],[31.3708,-1.5475],[31.3716,-1.567],[31.3598,-1.5885],[31.3335,-1.6021],[31.3514,-1.6381],[31.3731,-1.6703],[31.4083,-1.6845],[31.5118,-1.6998],[31.5449,-1.6174],[31.622,-1.529],[31.6388,-1.53],[31.6461,-1.5305],[31.6585,-1.5316],[31.673,-1.4939],[31.6973,-1.497]]]]}},{"id":"feature_032","type":"Feature","properties":{"gid":"TZA.6.3_1","name":"Bukoba Urban","region":"Kagera","addo_count":0},"geometry":{"type":"MultiPolygon","coordinates":[[[[31.7781,-1.3617],[31.7844,-1.3869],[31.8147,-1.3825],[31.8151,-1.353],[31.8312,-1.339],[31.8575,-1.2963],[31.855,-1.2838],[31.825,-1.2785],[31.8161,-1.2697],[31.797,-1.2796],[31.7771,-1.2602],[31.766,-1.279],[31.7781,-1.3617]]],[[[31.8512,-1.3569],[31.8512,-1.3569],[31.8456,-1.3563],[31.8512,-1.3569]]],[[[31.8691,-1.2983],[31.8691,-1.2983],[31.868,-1.3024],[31.8691,-1.2983]]]]}},{"id":"feature_033","type":"Feature","properties":{"gid":"TZA.6.4_1","name":"Karagwe","region":"Kagera","addo_count":10},"geometry":{"type":"MultiPolygon","coordinates":[[[[30.8203,-1.6247],[30.8392,-1.6508],[30.8227,-1.6845],[30.8277,-1.7224],[30.8128,-1.7325],[30.8309,-1.7558],[30.818,-1.8372],[30.838,-1.8598],[30.784,-1.9458],[30.8156,-1.9406],[30.8978,-2.0706],[30.8435,-2.2051],[30.8454,-2.2587],[30.8846,-2.2575],[31.0093,-2.258],[31.0638,-2.259],[31.0761,-2.2303],[31.0895,-2.2011],[31.1575,-2.1902],[31.1924,-2.1867],[31.2431,-2.1887],[31.3059,-2.2178],[31.3087,-2.2075],[31.3152,-2.1794],[31.3382,-2.1903],[31.3235,-2.1662],[31.3346,-2.1334],[31.308,-2.0719],[31.3225,-2.0068],[31.3604,-1.9405],[31.3218,-1.9022],[31.2228,-1.8634],[31.1883,-1.7622],[31.2172,-1.6824],[31.2574,-1.6526],[31.2533,-1.6312],[31.2777,-1.608],[31.3281,-1.6037],[31.3335,-1.6021],[31.3598,-1.5885],[31.3716,-1.567],[31.3708,-1.5475],[31.3395,-1.5428],[31.3329,-1.4962],[31.3554,-1.4362],[31.3564,-1.3796],[31.3577,-1.3558],[31.3098,-1.3412],[31.3921,-1.2432],[31.368,-1.2481],[31.3611,-1.271],[31.3437,-1.244],[31.3062,-1.2492],[31.305,-1.2667],[31.2607,-1.2414],[31.2619,-1.2251],[31.2461,-1.2316],[31.1889,-1.1901],[31.1627,-1.2002],[31.1063,-1.1877],[31.0658,-1.215],[31.0623,-1.2157],[31.0276,-1.243],[31.0163,-1.2507],[31.0006,-1.2515],[31.0036,-1.2763],[30.9858,-1.3003],[30.9778,-1.402],[30.94,-1.4524],[30.9539,-1.4804],[30.9766,-1.4838],[30.9553,-1.5162],[30.9953,-1.5368],[30.9899,-1.5615],[30.9681,-1.5763],[30.8528,-1.5863],[30.8203,-1.6247]]]]}},{"id":"feature_034","type":"Feature","properties":{"gid":"TZA.6.5_1","name":"Kyerwa","region":"Kagera","addo_count":1},"geometry":{"type":"MultiPolygon","coordinates":[[[[30.8015,-1.0016],[30.7594,-0.9882],[30.7009,-1.0132],[30.634,-1.0707],[30.5834,-1.0612],[30.5248,-1.0769],[30.4711,-1.0558],[30.4512,-1.0891],[30.4588,-1.1171],[30.4766,-1.1225],[30.4701,-1.1557],[30.5094,-1.1719],[30.5515,-1.2513],[30.569,-1.3375],[30.6144,-1.3481],[30.6279,-1.3827],[30.6609,-1.3825],[30.7361,-1.4182],[30.7461,-1.5222],[30.8203,-1.6247],[30.8528,-1.5863],[30.9681,-1.5763],[30.9899,-1.5615],[30.9953,-1.5368],[30.9553,-1.5162],[30.9766,-1.4838],[30.9539,-1.4804],[30.94,-1.4524],[30.9778,-1.402],[30.9858,-1.3003],[31.0036,-1.2763],[31.0006,-1.2515],[31.0163,-1.2507],[31.0276,-1.243],[31.0623,-1.2157],[31.0474,-1.2133],[31.0167,-1.1805],[30.9957,-1.1213],[30.9054,-1.0269],[30.8015,-1.0016]]]]}},{"id":"feature_035","type":"Feature","properties":{"gid":"TZA.6.6_1","name":"Lake Victoria","region":"Kagera","addo_count":0},"geometry":{"type":"MultiPolygon","coordinates":[[[[31.8417,-2.1719],[32.7087,-1.4841],[32.7033,-1.4841],[32.7159,-0.9974],[31.7867,-0.9968],[31.7724,-1.0713],[31.7722,-1.0776],[31.8116,-1.0673],[31.8163,-1.0405],[31.82,-1.0327],[31.823,-1.0339],[31.8295,-1.0184],[31.8439,-1.0096],[31.8379,-1.0279],[31.8507,-1.0416],[31.8656,-1.0255],[31.8773,-1.043],[31.8474,-1.0763],[31.8669,-1.1047],[31.8582,-1.1438],[31.8806,-1.1709],[31.8604,-1.2792],[31.8575,-1.2963],[31.8312,-1.339],[31.8142,-1.3553],[31.8117,-1.4045],[31.7988,-1.4861],[31.7656,-1.4591],[31.7508,-1.4713],[31.7531,-1.4948],[31.7744,-1.4959],[31.7799,-1.4987],[31.7737,-1.5106],[31.7589,-1.5101],[31.7493,-1.5183],[31.7511,-1.5942],[31.7555,-1.612],[31.7281,-1.6528],[31.715,-1.7567],[31.7009,-1.8063],[31.6906,-1.883],[31.6834,-1.9024],[31.6383,-1.9523],[31.6253,-1.9707],[31.6205,-1.988],[31.6131,-2.0424],[31.6066,-2.0775],[31.6039,-2.0856],[31.6196,-2.088],[31.6237,-2.0812],[31.631,-2.045],[31.6666,-2.0438],[31.7019,-2.0115],[31.7029,-2.0211],[31.6938,-2.0485],[31.6928,-2.0752],[31.6929,-2.116],[31.6734,-2.1192],[31.6937,-2.1368],[31.6953,-2.1508],[31.6798,-2.2224],[31.6587,-2.2501],[31.663,-2.287],[31.6725,-2.3061],[31.8417,-2.1719]],[[31.868,-1.3024],[31.8691,-1.2983],[31.868,-1.3024],[31.868,-1.3024]],[[31.8456,-1.3563],[31.8512,-1.3569],[31.8456,-1.3563],[31.8456,-1.3563]],[[32.1145,-1.4707],[32.1304,-1.4449],[32.1247,-1.4739],[32.1014,-1.4956],[32.1145,-1.4707]],[[32.617,-1.4618],[32.6049,-1.4744],[32.617,-1.4618],[32.617,-1.4618]],[[31.9924,-1.4988],[31.9852,-1.5075],[31.9803,-1.5068],[31.9892,-1.4983],[31.9924,-1.4988]],[[32.0042,-1.5055],[32.0044,-1.5039],[32.0079,-1.502],[32.0056,-1.5055],[32.0042,-1.5055]],[[31.9899,-1.5116],[31.9889,-1.5112],[31.9899,-1.5116],[31.9899,-1.5116]],[[31.8948,-1.5504],[31.9112,-1.5351],[31.8948,-1.5504],[31.8948,-1.5504]],[[31.8696,-1.596],[31.8484,-1.5757],[31.8494,-1.5735],[31.872,-1.5952],[31.8696,-1.596]],[[31.8575,-1.6268],[31.8595,-1.6126],[31.8815,-1.6155],[31.8872,-1.6027],[31.8989,-1.6134],[31.9075,-1.6656],[31.8526,-1.7563],[31.8465,-1.7346],[31.8653,-1.7248],[31.8508,-1.6966],[31.869,-1.6923],[31.8626,-1.6764],[31.8792,-1.6621],[31.8625,-1.6542],[31.8753,-1.6488],[31.8575,-1.6268]],[[31.913,-1.6308],[31.9282,-1.6531],[31.9252,-1.6485],[31.9128,-1.6332],[31.9038,-1.6227],[31.913,-1.6308]],[[31.9425,-1.6575],[31.9422,-1.6606],[31.9425,-1.6575],[31.9425,-1.6575]],[[31.95,-1.6826],[31.9519,-1.6806],[31.95,-1.6826],[31.95,-1.6826]],[[31.8335,-1.759],[31.8476,-1.7674],[31.843,-1.7748],[31.8369,-1.7908],[31.8342,-1.7952],[31.8282,-1.8051],[31.8138,-1.8289],[31.8335,-1.759]],[[31.7929,-1.831],[31.7932,-1.8351],[31.7929,-1.831],[31.7929,-1.831]],[[31.7926,-1.9516],[31.7777,-1.9353],[31.7926,-1.9516],[31.7926,-1.9516]],[[31.8126,-1.9548],[31.8357,-1.9652],[31.8358,-1.9775],[31.8199,-1.9761],[31.8126,-1.9548]],[[31.7707,-1.9835],[31.7842,-1.9737],[31.8039,-1.9812],[31.7936,-1.9936],[31.7754,-1.9817],[31.7707,-1.9835]],[[31.795,-1.9967],[31.7998,-2.0006],[31.795,-1.9967],[31.795,-1.9967]],[[31.7932,-2.0202],[31.7823,-2.0265],[31.7764,-2.0109],[31.7919,-2.0007],[31.7932,-2.0202]],[[31.7669,-2.0204],[31.7732,-2.0153],[31.7572,-2.0286],[31.7669,-2.0204]],[[31.7615,-1.9992],[31.7638,-1.9937],[31.7684,-1.9936],[31.7677,-2.003],[31.7615,-1.9992]],[[31.7712,-1.9547],[31.7794,-1.9497],[31.7796,-1.965],[31.7712,-1.9547]],[[31.7837,-2.0373],[31.7719,-2.055],[31.7837,-2.0373],[31.7837,-2.0373]],[[31.7548,-2.1515],[31.7451,-2.1263],[31.7589,-2.0884],[31.7613,-2.075],[31.7613,-2.1231],[31.7959,-2.1398],[31.8187,-2.1235],[31.8245,-2.144],[31.7804,-2.162],[31.7548,-2.1515]],[[31.8215,-2.1541],[31.8237,-2.1532],[31.8215,-2.1541],[31.8215,-2.1541]],[[31.7289,-2.1884],[31.7376,-2.1875],[31.7289,-2.1884],[31.7289,-2.1884]],[[31.6946,-2.2841],[31.6891,-2.2758],[31.7021,-2.2656],[31.6946,-2.2841]]]]}},{"id":"feature_036","type":"Feature","properties":{"gid":"TZA.6.7_1","name":"Missenyi","region":"Kagera","addo_count":16},"geometry":{"type":"MultiPolygon","coordinates":[[[[31.3937,-1.3682],[31.4336,-1.348],[31.4548,-1.3603],[31.5034,-1.351],[31.5117,-1.331],[31.5429,-1.3223],[31.544,-1.3621],[31.5815,-1.3696],[31.6098,-1.3141],[31.6489,-1.2999],[31.6804,-1.3506],[31.7092,-1.3501],[31.7123,-1.3123],[31.7643,-1.2557],[31.7729,-1.209],[31.8126,-1.1467],[31.8073,-1.1238],[31.7684,-1.0945],[31.7724,-1.0713],[31.7867,-0.9968],[30.8015,-1.0016],[30.9054,-1.0269],[30.9957,-1.1213],[31.0167,-1.1805],[31.0474,-1.2133],[31.0658,-1.215],[31.1063,-1.1877],[31.1627,-1.2002],[31.1889,-1.1901],[31.2461,-1.2316],[31.2619,-1.2251],[31.2607,-1.2414],[31.305,-1.2667],[31.3062,-1.2492],[31.3437,-1.244],[31.3611,-1.271],[31.368,-1.2481],[31.3921,-1.2432],[31.3098,-1.3412],[31.3577,-1.3558],[31.3564,-1.3796],[31.3554,-1.4164],[31.3645,-1.412],[31.3937,-1.3682]]]]}},{"id":"feature_037","type":"Feature","properties":{"gid":"TZA.6.8_1","name":"Muleba","region":"Kagera","addo_count":11},"geometry":{"type":"MultiPolygon","coordinates":[[[[31.6088,-2.4067],[31.6564,-2.3909],[31.6409,-2.3671],[31.6626,-2.3323],[31.6655,-2.3338],[31.6733,-2.3079],[31.663,-2.287],[31.6587,-2.2501],[31.6798,-2.2224],[31.6953,-2.1508],[31.6937,-2.1368],[31.6734,-2.1192],[31.6929,-2.116],[31.6928,-2.0752],[31.6938,-2.0485],[31.7029,-2.0211],[31.7019,-2.0115],[31.6666,-2.0438],[31.631,-2.045],[31.6237,-2.0812],[31.6196,-2.088],[31.6039,-2.0856],[31.6066,-2.0775],[31.6131,-2.0424],[31.6205,-1.988],[31.6253,-1.9707],[31.6383,-1.9523],[31.6834,-1.9024],[31.6906,-1.883],[31.7009,-1.8063],[31.715,-1.7567],[31.7281,-1.6528],[31.7555,-1.612],[31.7511,-1.5942],[31.7493,-1.5183],[31.7361,-1.5142],[31.7228,-1.5132],[31.6973,-1.497],[31.673,-1.4939],[31.6585,-1.5316],[31.6461,-1.5305],[31.6388,-1.53],[31.622,-1.529],[31.5449,-1.6174],[31.5118,-1.6998],[31.4083,-1.6845],[31.3731,-1.6703],[31.3514,-1.6381],[31.3281,-1.6037],[31.2777,-1.608],[31.2533,-1.6312],[31.2574,-1.6526],[31.2172,-1.6824],[31.1883,-1.7622],[31.2228,-1.8634],[31.3218,-1.9022],[31.3604,-1.9405],[31.3225,-2.0068],[31.308,-2.0719],[31.3346,-2.1334],[31.3235,-2.1662],[31.3382,-2.1903],[31.3152,-2.1794],[31.3087,-2.2075],[31.3387,-2.2335],[31.5168,-2.2713],[31.6163,-2.375],[31.6088,-2.4067]]],[[[31.7376,-2.1875],[31.7376,-2.1875],[31.7289,-2.1884],[31.7376,-2.1875]]],[[[31.7589,-2.0884],[31.7454,-2.1243],[31.7548,-2.1515],[31.7804,-2.162],[31.8245,-2.144],[31.8187,-2.1235],[31.7959,-2.1398],[31.7613,-2.1231],[31.7613,-2.075],[31.7589,-2.0884]]],[[[31.7719,-2.055],[31.7719,-2.055],[31.7837,-2.0373],[31.7719,-2.055]]],[[[31.7732,-2.0153],[31.7669,-2.0204],[31.7572,-2.0286],[31.7732,-2.0153]]],[[[31.6891,-2.2758],[31.6946,-2.2841],[31.7021,-2.2656],[31.6891,-2.2758]]],[[[31.7919,-2.0007],[31.7762,-2.0122],[31.7823,-2.0265],[31.7932,-2.0202],[31.7919,-2.0007]]],[[[31.7615,-1.9981],[31.767,-2.0034],[31.7686,-1.9938],[31.7646,-1.9932],[31.7615,-1.9981]]],[[[31.7998,-2.0006],[31.7998,-2.0006],[31.795,-1.9967],[31.7998,-2.0006]]],[[[31.7754,-1.9817],[31.791,-1.9935],[31.8037,-1.9829],[31.7848,-1.9737],[31.7707,-1.9835],[31.7754,-1.9817]]],[[[31.8357,-1.9652],[31.8126,-1.9548],[31.8199,-1.9761],[31.8358,-1.9775],[31.8357,-1.9652]]],[[[31.7794,-1.9497],[31.7712,-1.9547],[31.7796,-1.965],[31.7794,-1.9497]]],[[[31.7777,-1.9353],[31.7777,-1.9353],[31.7926,-1.9516],[31.7777,-1.9353]]],[[[31.7932,-1.8351],[31.7932,-1.8351],[31.7929,-1.831],[31.7932,-1.8351]]],[[[31.8237,-2.1532],[31.8237,-2.1532],[31.8215,-2.1541],[31.8237,-2.1532]]],[[[31.8476,-1.7674],[31.8335,-1.759],[31.8138,-1.8289],[31.8282,-1.8051],[31.8342,-1.7952],[31.8369,-1.7908],[31.843,-1.7748],[31.8476,-1.7674]]],[[[31.9519,-1.6806],[31.9519,-1.6806],[31.95,-1.6826],[31.9519,-1.6806]]],[[[31.8815,-1.6155],[31.8602,-1.6126],[31.8575,-1.6268],[31.8753,-1.6488],[31.8625,-1.6542],[31.8792,-1.6621],[31.8626,-1.6764],[31.869,-1.6923],[31.8508,-1.6966],[31.8653,-1.7248],[31.8465,-1.7346],[31.8526,-1.7563],[31.9075,-1.6656],[31.8989,-1.6134],[31.8872,-1.6027],[31.8815,-1.6155]]],[[[31.9422,-1.6606],[31.9422,-1.6606],[31.9425,-1.6575],[31.9422,-1.6606]]],[[[31.9282,-1.6531],[31.913,-1.6308],[31.9038,-1.6227],[31.9128,-1.6332],[31.9252,-1.6485],[31.9282,-1.6531]]],[[[31.8484,-1.5757],[31.8696,-1.596],[31.872,-1.5952],[31.8494,-1.5735],[31.8484,-1.5757]]],[[[31.9112,-1.5351],[31.9112,-1.5351],[31.8948,-1.5504],[31.9112,-1.5351]]],[[[31.9889,-1.5112],[31.9889,-1.5112],[31.9899,-1.5116],[31.9889,-1.5112]]],[[[32.0041,-1.5048],[32.0056,-1.5055],[32.0082,-1.5023],[32.0068,-1.5022],[32.0041,-1.5048]]],[[[31.9928,-1.4999],[31.9892,-1.4983],[31.9801,-1.5065],[31.9845,-1.5079],[31.9928,-1.4999]]],[[[32.6049,-1.4744],[32.6049,-1.4744],[32.617,-1.4618],[32.6049,-1.4744]]],[[[32.1304,-1.4449],[32.1145,-1.4707],[32.1014,-1.4956],[32.1247,-1.4739],[32.1304,-1.4449]]]]}},{"id":"feature_038","type":"Feature","properties":{"gid":"TZA.6.9_1","name":"Ngara","region":"Kagera","addo_count":23},"geometry":{"type":"MultiPolygon","coordinates":[[[[30.8846,-2.2575],[30.8454,-2.2587],[30.8565,-2.3146],[30.7807,-2.3899],[30.7171,-2.3554],[30.6573,-2.4135],[30.6093,-2.3993],[30.5747,-2.4185],[30.5434,-2.413],[30.5072,-2.5053],[30.4833,-2.5289],[30.4848,-2.5571],[30.4202,-2.662],[30.4591,-2.6911],[30.5278,-2.653],[30.5263,-2.6792],[30.441,-2.7452],[30.4427,-2.7944],[30.4062,-2.8608],[30.4351,-2.8747],[30.4384,-2.9036],[30.4832,-2.9462],[30.5056,-2.953],[30.578,-2.8941],[30.6474,-2.9532],[30.6704,-2.9933],[30.705,-2.9696],[30.7478,-2.9972],[30.8501,-2.98],[30.8524,-2.9676],[30.9605,-2.856],[30.9852,-2.8382],[30.9515,-2.8155],[30.8953,-2.8083],[30.8877,-2.8037],[30.8701,-2.7861],[30.8396,-2.7663],[30.7999,-2.6797],[30.8333,-2.6225],[30.8442,-2.5828],[30.9009,-2.5596],[31.0051,-2.3489],[31.0662,-2.2646],[31.0093,-2.258],[30.8846,-2.2575]]]]}},{"id":"feature_039","type":"Feature","properties":{"gid":"TZA.18.1_1","name":"Micheweni","region":"Kaskazini Pemba","addo_count":0},"geometry":{"type":"MultiPolygon","coordinates":[[[[39.7675,-5.0441],[39.7972,-5.0406],[39.8308,-5.0474],[39.8348,-5.0182],[39.8476,-5.0087],[39.8679,-5.0249],[39.8754,-4.9954],[39.8662,-4.8868],[39.8512,-4.9524],[39.8382,-4.9546],[39.8462,-4.9096],[39.8363,-4.9354],[39.8149,-4.9271],[39.8301,-4.9863],[39.8201,-4.986],[39.7865,-4.9265],[39.7279,-4.9029],[39.7137,-4.911],[39.7193,-4.889],[39.7021,-4.9043],[39.6804,-4.8601],[39.669,-4.9493],[39.7096,-4.979],[39.7249,-4.988],[39.7279,-4.9969],[39.7264,-5.0469],[39.7675,-5.0441]]],[[[39.8035,-4.9499],[39.8024,-4.9487],[39.8015,-4.9501],[39.8054,-4.9504],[39.8035,-4.9499]]],[[[39.806,-4.9399],[39.8029,-4.9429],[39.8071,-4.9451],[39.8082,-4.941],[39.806,-4.9399]]],[[[39.8037,-4.929],[39.7968,-4.931],[39.8001,-4.9379],[39.8088,-4.9307],[39.8037,-4.929]]],[[[39.8082,-4.9507],[39.8063,-4.9518],[39.8096,-4.9571],[39.8121,-4.9532],[39.8082,-4.9507]]],[[[39.6779,-4.8876],[39.6738,-4.8818],[39.6724,-4.8824],[39.674,-4.8887],[39.6779,-4.8876]]]]}},{"id":"feature_040","type":"Feature","properties":{"gid":"TZA.18.2_1","name":"Wete","region":"Kaskazini Pemba","addo_count":0},"geometry":{"type":"MultiPolygon","coordinates":[[[[39.8288,-5.194],[39.8549,-5.194],[39.8643,-5.1146],[39.8454,-5.1085],[39.839,-5.1432],[39.8257,-5.1446],[39.8308,-5.0474],[39.7972,-5.0406],[39.7675,-5.0441],[39.7264,-5.0469],[39.7279,-4.9969],[39.7249,-4.988],[39.7096,-4.979],[39.679,-4.979],[39.6935,-5.0307],[39.6704,-5.0446],[39.7374,-5.0768],[39.7004,-5.0693],[39.6857,-5.1362],[39.7151,-5.1507],[39.711,-5.1749],[39.7407,-5.1479],[39.736,-5.1776],[39.7799,-5.1645],[39.7913,-5.2011],[39.7989,-5.2052],[39.8288,-5.194]]],[[[39.8385,-5.1132],[39.8387,-5.1112],[39.8368,-5.1126],[39.8385,-5.1132]]],[[[39.8363,-5.1049],[39.8632,-5.1079],[39.8715,-5.069],[39.8601,-5.0385],[39.8462,-5.0599],[39.8571,-5.0779],[39.8363,-5.1049]]],[[[39.6365,-5.159],[39.6343,-5.1585],[39.6371,-5.1618],[39.6374,-5.1601],[39.6365,-5.159]]],[[[39.6068,-5.1587],[39.6107,-5.1526],[39.6037,-5.1601],[39.6068,-5.1587]]],[[[39.6271,-5.1476],[39.6154,-5.1479],[39.6129,-5.1518],[39.6168,-5.1501],[39.6271,-5.1476]]],[[[39.6474,-5.1343],[39.6379,-5.139],[39.6371,-5.154],[39.6426,-5.1488],[39.6474,-5.1343]]],[[[39.6613,-5.1346],[39.6543,-5.1451],[39.6579,-5.1493],[39.669,-5.1401],[39.6613,-5.1346]]],[[[39.6799,-5.1351],[39.6787,-5.1337],[39.671,-5.1374],[39.6782,-5.141],[39.6799,-5.1351]]],[[[39.664,-5.1151],[39.6629,-5.114],[39.6604,-5.1146],[39.6618,-5.1157],[39.664,-5.1151]]],[[[39.6354,-5.0971],[39.6296,-5.1054],[39.6335,-5.1276],[39.646,-5.1151],[39.6354,-5.0971]]],[[[39.7054,-5.1576],[39.701,-5.1582],[39.7021,-5.1612],[39.704,-5.1615],[39.7054,-5.1576]]],[[[39.8521,-5.0426],[39.8507,-5.0418],[39.8496,-5.0443],[39.8507,-5.0449],[39.8521,-5.0426]]],[[[39.6401,-5.0965],[39.6404,-5.0946],[39.639,-5.0943],[39.6396,-5.0979],[39.6401,-5.0965]]],[[[39.6643,-5.0079],[39.6485,-5.0274],[39.634,-5.0938],[39.6449,-5.0876],[39.6643,-5.0079]]],[[[39.6743,-4.9615],[39.6571,-4.9874],[39.6638,-5.0054],[39.6785,-4.9701],[39.6743,-4.9615]]]]}},{"id":"feature_041","type":"Feature","properties":{"gid":"TZA.28.1_1","name":"Kaskazini'A'","region":"Kaskazini Unguja","addo_count":0},"geometry":{"type":"MultiPolygon","coordinates":[[[[39.3041,-5.9678],[39.3007,-5.976],[39.3124,-5.993],[39.3549,-5.9532],[39.3679,-5.9499],[39.3568,-5.7985],[39.3068,-5.7224],[39.2887,-5.7393],[39.296,-5.7915],[39.2746,-5.8649],[39.2273,-5.8947],[39.2823,-5.9097],[39.2937,-5.9383],[39.289,-5.9647],[39.3041,-5.9678]]],[[[39.2071,-5.8738],[39.2085,-5.8735],[39.2085,-5.8699],[39.2068,-5.8713],[39.2071,-5.8738]]],[[[39.2396,-5.8554],[39.2393,-5.856],[39.2418,-5.856],[39.2415,-5.8549],[39.2396,-5.8554]]],[[[39.2376,-5.844],[39.2301,-5.8196],[39.2449,-5.7963],[39.2287,-5.801],[39.221,-5.7549],[39.2149,-5.8579],[39.2329,-5.8587],[39.2376,-5.844]]],[[[39.3851,-5.8213],[39.3843,-5.8188],[39.3818,-5.8218],[39.3851,-5.8226],[39.3851,-5.8213]]],[[[39.2854,-5.7701],[39.2824,-5.7721],[39.2837,-5.7776],[39.2876,-5.7721],[39.2854,-5.7701]]],[[[39.2826,-5.7626],[39.2821,-5.7635],[39.2821,-5.7646],[39.2843,-5.7618],[39.2826,-5.7626]]],[[[39.256,-5.816],[39.2471,-5.8229],[39.2496,-5.8304],[39.2557,-5.8207],[39.256,-5.816]]],[[[39.2818,-5.779],[39.2749,-5.7854],[39.2832,-5.789],[39.2837,-5.7843],[39.2818,-5.779]]]]}},{"id":"feature_042","type":"Feature","properties":{"gid":"TZA.28.2_1","name":"Kaskazini'B'","region":"Kaskazini Unguja","addo_count":0},"geometry":{"type":"MultiPolygon","coordinates":[[[[39.2937,-5.9383],[39.2823,-5.9097],[39.2273,-5.8947],[39.2074,-5.9185],[39.2124,-5.9371],[39.2062,-5.9365],[39.2038,-5.9274],[39.2024,-5.8968],[39.1832,-5.9121],[39.184,-5.994],[39.204,-6.0377],[39.272,-6.0295],[39.3395,-6.0342],[39.399,-6.0237],[39.3679,-5.9503],[39.3549,-5.9532],[39.3124,-5.993],[39.3007,-5.976],[39.3041,-5.9678],[39.289,-5.9647],[39.2937,-5.9383]]],[[[39.206,-5.9126],[39.204,-5.9115],[39.2046,-5.9162],[39.2062,-5.9137],[39.206,-5.9126]]]]}},{"id":"feature_043","type":"Feature","properties":{"gid":"TZA.7.1_1","name":"Lake Rukwa","region":"Katavi","addo_count":0},"geometry":{"type":"MultiPolygon","coordinates":[[[[31.5722,-7.5829],[31.7856,-7.6054],[31.9871,-7.7741],[32.0433,-7.6151],[32.0014,-7.5866],[31.8739,-7.465],[31.7964,-7.4222],[31.794,-7.4507],[31.7579,-7.4463],[31.7156,-7.5035],[31.6224,-7.5176],[31.5716,-7.5553],[31.5749,-7.5711],[31.5722,-7.5829]]]]}},{"id":"feature_044","type":"Feature","properties":{"gid":"TZA.7.2_1","name":"Lake Tanganyika","region":"Katavi","addo_count":0},"geometry":{"type":"MultiPolygon","coordinates":[[[[30.2341,-7.018],[30.5048,-6.9166],[30.4872,-6.895],[30.4441,-6.8284],[30.3981,-6.8032],[30.4079,-6.7533],[30.3771,-6.7217],[30.3383,-6.6381],[30.2562,-6.5845],[30.2458,-6.5728],[29.9845,-6.7635],[30.1408,-6.8899],[30.2341,-7.018]]]]}},{"id":"feature_045","type":"Feature","properties":{"gid":"TZA.7.3_1","name":"Mlele","region":"Katavi","addo_count":26},"geometry":{"type":"MultiPolygon","coordinates":[[[[31.376,-7.4728],[31.43,-7.4685],[31.4313,-7.4236],[31.4767,-7.4101],[31.4938,-7.4504],[31.4922,-7.5105],[31.5248,-7.5312],[31.5403,-7.5688],[31.5684,-7.5805],[31.5749,-7.5711],[31.5716,-7.5553],[31.6224,-7.5176],[31.7156,-7.5035],[31.7579,-7.4463],[31.794,-7.4507],[31.7964,-7.4222],[31.8739,-7.465],[32.0014,-7.5866],[32.0436,-7.6074],[32.0831,-7.5643],[32.099,-7.5124],[32.1273,-7.5409],[32.1493,-7.5171],[32.1909,-7.5183],[32.268,-7.3651],[32.2797,-7.2716],[32.4552,-7.1503],[32.4902,-7.1528],[32.4877,-7.1339],[32.5823,-7.0923],[32.5874,-7.0008],[32.7018,-7.0007],[32.7461,-6.9998],[32.7474,-6.7605],[32.7543,-6.4091],[32.6927,-6.3877],[32.6459,-6.3318],[32.5934,-6.3378],[32.548,-6.3116],[32.4425,-6.3044],[32.3573,-6.2356],[32.2922,-6.242],[32.2102,-6.1903],[32.1802,-6.1463],[32.1884,-6.1296],[32.167,-6.1057],[32.1699,-6.0687],[32.1122,-5.9964],[32.114,-5.9579],[32.0922,-5.9512],[32.0854,-5.8541],[32.0447,-5.8248],[32.033,-5.7861],[32.0295,-5.7695],[32.0258,-5.7648],[32.0089,-5.7657],[31.9692,-5.7455],[31.9226,-5.7531],[31.9119,-5.7394],[31.895,-5.7454],[31.8856,-5.7325],[31.8366,-5.7308],[31.8272,-5.7147],[31.7917,-5.7209],[31.7189,-5.7903],[31.7052,-5.7837],[31.687,-5.8211],[31.6359,-5.8228],[31.6251,-5.8394],[31.6143,-5.8228],[31.5846,-5.8361],[31.5528,-5.8073],[31.5122,-5.8302],[31.4936,-5.8204],[31.492,-5.8354],[31.4186,-5.8286],[31.3808,-5.795],[31.32,-5.7861],[31.283,-5.8073],[31.2537,-5.7859],[31.2402,-5.7461],[31.216,-5.7561],[31.1994,-5.7402],[31.1464,-5.7687],[31.1584,-5.7272],[31.1409,-5.7011],[31.1575,-5.6805],[31.1067,-5.6184],[31.0872,-5.6093],[31.083,-5.6861],[31.0554,-5.7413],[31.0684,-5.7861],[31.0333,-5.8351],[31.0443,-5.8674],[30.9883,-5.9311],[30.9763,-6.0293],[30.9638,-6.0693],[30.9524,-6.085],[30.962,-6.1293],[31.048,-6.2015],[31.0553,-6.2227],[31.0521,-6.2574],[31.0432,-6.2686],[31.0382,-6.3065],[31.0498,-6.3186],[31.1107,-6.2776],[31.1108,-6.2885],[31.1255,-6.323],[31.1319,-6.3411],[31.1305,-6.353],[31.104,-6.3613],[31.1146,-6.3725],[31.1166,-6.386],[31.0655,-6.4134],[31.0375,-6.3946],[31.0343,-6.4058],[31.0033,-6.4232],[30.981,-6.4648],[30.946,-6.4618],[30.971,-6.5167],[30.9717,-6.5232],[30.9636,-6.5421],[30.9626,-6.5587],[30.9611,-6.6127],[30.9968,-6.691],[30.9802,-6.7093],[30.9775,-6.7567],[30.927,-6.8217],[30.9367,-6.9392],[30.9496,-6.9421],[30.9702,-6.9674],[30.9699,-7.0016],[30.9552,-7.0788],[30.9905,-7.1163],[31.0674,-7.1222],[31.1036,-7.1459],[31.1473,-7.1768],[31.1618,-7.2198],[31.2604,-7.2146],[31.2847,-7.2307],[31.3371,-7.2459],[31.3475,-7.2544],[31.3387,-7.3279],[31.376,-7.4728]]]]}},{"id":"feature_046","type":"Feature","properties":{"gid":"TZA.7.5_1","name":"Mpanda Rural","region":"Katavi","addo_count":0},"geometry":{"type":"MultiPolygon","coordinates":[[[[30.4872,-6.895],[30.5038,-6.915],[30.6836,-6.8869],[30.8511,-6.9202],[30.9367,-6.9392],[30.927,-6.8217],[30.9775,-6.7567],[30.9802,-6.7093],[30.9968,-6.691],[30.9611,-6.6127],[30.9626,-6.5587],[30.9634,-6.5449],[30.8474,-6.4979],[30.889,-6.4223],[30.9755,-6.386],[30.967,-6.3536],[30.9821,-6.3338],[31.0255,-6.3431],[31.04,-6.3228],[31.0382,-6.3065],[31.0432,-6.2686],[31.0521,-6.2574],[31.0553,-6.2227],[31.048,-6.2015],[30.962,-6.1293],[30.9524,-6.085],[30.9638,-6.0693],[30.9763,-6.0293],[30.9883,-5.9311],[31.0443,-5.8674],[31.0333,-5.8351],[31.0684,-5.7861],[31.0554,-5.7413],[31.083,-5.6861],[31.0872,-5.6093],[31.0466,-5.5767],[31.0387,-5.5554],[31.0712,-5.5211],[31.0668,-5.499],[31.1111,-5.4683],[31.1479,-5.4602],[31.1848,-5.4348],[31.1876,-5.3802],[31.1826,-5.2812],[31.0259,-5.246],[31.037,-5.2579],[31.0011,-5.262],[30.9755,-5.2908],[30.8442,-5.3274],[30.8268,-5.2952],[30.8338,-5.2725],[30.7676,-5.2431],[30.7143,-5.1792],[30.7032,-5.1395],[30.6711,-5.14],[30.6134,-5.1979],[30.6068,-5.2008],[30.5569,-5.1832],[30.5545,-5.1433],[30.2432,-5.1754],[30.2237,-5.2268],[30.1792,-5.239],[30.1693,-5.1899],[30.1181,-5.1857],[30.1057,-5.1921],[30.0981,-5.3021],[30.0798,-5.3368],[29.985,-5.3473],[29.9037,-5.3287],[29.9707,-5.4233],[30.0442,-5.459],[30.0405,-5.499],[30.0024,-5.5327],[30.0232,-5.5361],[30.0148,-5.556],[30.0332,-5.5445],[30.0262,-5.5757],[30.0831,-5.5819],[30.0889,-5.6656],[30.1467,-5.7346],[30.1462,-5.7774],[30.187,-5.8273],[30.1871,-5.9614],[30.2149,-5.9965],[30.2522,-6.1045],[30.2574,-6.1735],[30.2593,-6.4131],[30.2862,-6.4999],[30.257,-6.5521],[30.2536,-6.5726],[30.2458,-6.5728],[30.2562,-6.5845],[30.3383,-6.6381],[30.3771,-6.7217],[30.4079,-6.7533],[30.3981,-6.8032],[30.4441,-6.8284],[30.4872,-6.895]]]]}},{"id":"feature_047","type":"Feature","properties":{"gid":"TZA.7.4_1","name":"Mpanda Urban","region":"Katavi","addo_count":0},"geometry":{"type":"MultiPolygon","coordinates":[[[[31.0343,-6.4058],[31.0375,-6.3946],[31.0655,-6.4134],[31.1166,-6.386],[31.1146,-6.3725],[31.104,-6.3613],[31.1305,-6.353],[31.1319,-6.3411],[31.1255,-6.323],[31.1108,-6.2885],[31.1107,-6.2776],[31.0498,-6.3186],[31.04,-6.3228],[31.0255,-6.3431],[30.9821,-6.3338],[30.967,-6.3536],[30.9755,-6.386],[30.889,-6.4223],[30.8474,-6.4979],[30.9634,-6.5449],[30.9636,-6.5421],[30.9717,-6.5232],[30.971,-6.5167],[30.946,-6.4618],[30.981,-6.4648],[31.0033,-6.4232],[31.0343,-6.4058]]]]}},{"id":"feature_048","type":"Feature","properties":{"gid":"TZA.8.1_1","name":"Buhigwe","region":"Kigoma","addo_count":24},"geometry":{"type":"MultiPolygon","coordinates":[[[[29.9259,-4.7172],[29.9225,-4.6939],[29.9256,-4.5816],[29.9632,-4.5689],[29.9627,-4.5387],[29.9849,-4.5585],[30.0128,-4.4809],[30.0311,-4.4661],[30.0596,-4.4721],[30.0878,-4.41],[30.1404,-4.4102],[30.1541,-4.3923],[30.1722,-4.3452],[30.161,-4.3112],[30.2151,-4.2828],[30.2166,-4.2762],[30.1974,-4.2324],[30.164,-4.2242],[30.1521,-4.1192],[30.0752,-4.1725],[30.0422,-4.277],[30.0037,-4.281],[29.9987,-4.2998],[29.9693,-4.3035],[29.9425,-4.3401],[29.8873,-4.3563],[29.8743,-4.3815],[29.8142,-4.3648],[29.7671,-4.4242],[29.7596,-4.4662],[29.7575,-4.4869],[29.7824,-4.5094],[29.7911,-4.5189],[29.766,-4.5406],[29.7604,-4.592],[29.78,-4.6673],[29.8201,-4.7023],[29.8363,-4.7543],[29.8197,-4.7719],[29.8345,-4.796],[29.7996,-4.8098],[29.8108,-4.8269],[29.8008,-4.8256],[29.806,-4.842],[29.8113,-4.837],[29.8256,-4.8379],[29.8716,-4.8249],[29.876,-4.824],[29.889,-4.8181],[29.8954,-4.7993],[29.9273,-4.7567],[29.9287,-4.7396],[29.9259,-4.7172]]]]}},{"id":"feature_049","type":"Feature","properties":{"gid":"TZA.8.2_1","name":"Kakonko","region":"Kigoma","addo_count":9},"geometry":{"type":"MultiPolygon","coordinates":[[[[30.8524,-2.9676],[30.8149,-3.0429],[30.7953,-3.0542],[30.8365,-3.0946],[30.8179,-3.1468],[30.8342,-3.1431],[30.8458,-3.1626],[30.8482,-3.2071],[30.8134,-3.2242],[30.8428,-3.2541],[30.7577,-3.2926],[30.74,-3.2678],[30.7211,-3.302],[30.6669,-3.3199],[30.6344,-3.3615],[30.6469,-3.385],[30.6778,-3.3976],[30.6725,-3.4186],[30.5107,-3.5291],[30.5039,-3.5557],[30.5245,-3.5944],[30.549,-3.5424],[30.6143,-3.5126],[30.6937,-3.5022],[30.7583,-3.4592],[30.7701,-3.4556],[30.7808,-3.4929],[30.804,-3.5051],[30.897,-3.4872],[30.9427,-3.4321],[31.052,-3.3757],[31.0985,-3.4046],[31.1441,-3.4081],[31.1695,-3.4222],[31.1782,-3.4309],[31.1946,-3.4518],[31.1923,-3.4245],[31.1671,-3.4107],[31.1541,-3.3644],[31.1339,-3.3302],[31.1318,-3.3287],[31.1205,-3.2935],[31.1198,-3.2347],[31.1217,-3.2345],[31.0868,-3.1886],[31.0727,-3.1849],[31.067,-3.1832],[31.0447,-3.1888],[31.0149,-3.2162],[30.9888,-3.1819],[31.0732,-3.035],[31.0784,-2.987],[31.0814,-2.9667],[31.0088,-2.8306],[30.9907,-2.8335],[30.9852,-2.8382],[30.9605,-2.856],[30.8524,-2.9676]]]]}},{"id":"feature_050","type":"Feature","properties":{"gid":"TZA.8.4_1","name":"Kasulu","region":"Kigoma","addo_count":0},"geometry":{"type":"MultiPolygon","coordinates":[[[[30.3972,-4.872],[30.4226,-4.8653],[30.4275,-4.878],[30.458,-4.9264],[30.5642,-4.8886],[30.7194,-4.894],[30.7855,-4.9308],[30.8253,-4.9887],[30.8251,-5.0934],[30.8982,-5.0828],[30.8996,-5.0362],[30.8997,-5.0037],[30.9102,-4.9765],[30.9075,-4.9751],[30.8973,-4.9669],[30.8921,-4.9528],[30.8958,-4.9234],[30.9172,-4.9187],[30.9025,-4.9078],[30.9167,-4.8985],[30.9067,-4.8866],[30.9186,-4.8863],[30.9252,-4.8369],[30.9063,-4.8091],[30.8683,-4.7951],[30.832,-4.7158],[30.8056,-4.7189],[30.788,-4.6994],[30.7244,-4.7174],[30.7308,-4.6813],[30.6964,-4.6817],[30.7006,-4.6576],[30.6876,-4.6556],[30.7012,-4.5875],[30.6566,-4.5939],[30.6458,-4.575],[30.6719,-4.5363],[30.6387,-4.5155],[30.6537,-4.508],[30.6364,-4.4856],[30.6539,-4.4606],[30.6343,-4.4621],[30.6293,-4.4371],[30.6605,-4.4355],[30.6678,-4.4077],[30.6391,-4.375],[30.6642,-4.3667],[30.6822,-4.3837],[30.6843,-4.3476],[30.7033,-4.3342],[30.711,-4.3446],[30.7105,-4.3253],[30.7272,-4.3187],[30.7255,-4.2935],[30.7456,-4.28],[30.7436,-4.2522],[30.7211,-4.2434],[30.7373,-4.1993],[30.7218,-4.1724],[30.6918,-4.1669],[30.681,-4.109],[30.6503,-4.0937],[30.6519,-4.0772],[30.605,-4.045],[30.572,-4.0475],[30.5043,-3.9952],[30.495,-4.0069],[30.4665,-4.0008],[30.4018,-3.9344],[30.3976,-3.9254],[30.3981,-3.9218],[30.4007,-3.9166],[30.3982,-3.909],[30.4027,-3.9099],[30.4167,-3.8673],[30.3976,-3.8511],[30.4086,-3.8205],[30.3801,-3.7768],[30.3302,-3.7851],[30.3088,-3.8453],[30.2566,-3.8839],[30.2142,-3.9909],[30.2279,-4.0178],[30.1521,-4.1192],[30.164,-4.2242],[30.1974,-4.2324],[30.2166,-4.2762],[30.2151,-4.2828],[30.161,-4.3112],[30.1722,-4.3452],[30.1541,-4.3923],[30.148,-4.4064],[30.1815,-4.4571],[30.2323,-4.4846],[30.2467,-4.5186],[30.2599,-4.5983],[30.2373,-4.6285],[30.2424,-4.6678],[30.1894,-4.6832],[30.1939,-4.6983],[30.218,-4.7136],[30.1482,-4.7296],[30.1053,-4.7329],[30.0937,-4.6391],[30.0606,-4.6456],[30.0391,-4.63],[30.0084,-4.7593],[29.9515,-4.7456],[29.9273,-4.7567],[29.8954,-4.7993],[29.8965,-4.8184],[29.9047,-4.8194],[29.9154,-4.8529],[29.929,-4.8497],[29.9355,-4.8916],[29.9825,-4.9071],[30.0149,-4.9031],[30.1776,-5.0522],[30.2594,-4.9179],[30.3972,-4.872]]]]}},{"id":"feature_051","type":"Feature","properties":{"gid":"TZA.8.3_1","name":"Kasulu Town","region":"Kigoma","addo_count":0},"geometry":{"type":"MultiPolygon","coordinates":[[[[30.1939,-4.6983],[30.1894,-4.6832],[30.2424,-4.6678],[30.2373,-4.6285],[30.2599,-4.5983],[30.2467,-4.5186],[30.2323,-4.4846],[30.1815,-4.4571],[30.148,-4.4064],[30.1404,-4.4102],[30.0878,-4.41],[30.0596,-4.4721],[30.0311,-4.4661],[30.0128,-4.4809],[29.9849,-4.5585],[29.9627,-4.5387],[29.9632,-4.5689],[29.9256,-4.5816],[29.9225,-4.6939],[29.9259,-4.7172],[29.9287,-4.7396],[29.9515,-4.7456],[30.0084,-4.7593],[30.0391,-4.63],[30.0606,-4.6456],[30.0937,-4.6391],[30.1053,-4.7329],[30.1482,-4.7296],[30.218,-4.7136],[30.1939,-4.6983]]]]}},{"id":"feature_052","type":"Feature","properties":{"gid":"TZA.8.5_1","name":"Kibondo","region":"Kigoma","addo_count":15},"geometry":{"type":"MultiPolygon","coordinates":[[[[31.4612,-4.4599],[31.4586,-4.4595],[31.4585,-4.4596],[31.4619,-4.4621],[31.4612,-4.4599]]],[[[31.428,-4.4622],[31.4186,-4.3696],[31.396,-4.3197],[31.3647,-4.2943],[31.3693,-4.2387],[31.348,-4.2265],[31.3481,-4.1765],[31.329,-4.1446],[31.3473,-4.0638],[31.3615,-4.063],[31.3582,-4.0424],[31.3811,-4.0222],[31.3541,-3.8646],[31.2948,-3.7336],[31.229,-3.6878],[31.2282,-3.6829],[31.2124,-3.6279],[31.2142,-3.531],[31.2027,-3.5243],[31.1998,-3.4999],[31.2131,-3.4756],[31.1943,-3.4526],[31.1782,-3.4309],[31.1695,-3.4222],[31.1441,-3.4081],[31.0985,-3.4046],[31.052,-3.3757],[30.9427,-3.4321],[30.897,-3.4872],[30.804,-3.5051],[30.7808,-3.4929],[30.7708,-3.4575],[30.7583,-3.4592],[30.6937,-3.5022],[30.6143,-3.5126],[30.549,-3.5424],[30.5245,-3.5944],[30.5039,-3.5557],[30.5107,-3.5291],[30.4921,-3.5206],[30.4461,-3.5681],[30.4571,-3.6063],[30.4301,-3.6246],[30.387,-3.7143],[30.4106,-3.7665],[30.4086,-3.8205],[30.3976,-3.8511],[30.4167,-3.8673],[30.4027,-3.9099],[30.3982,-3.909],[30.4007,-3.9166],[30.3981,-3.9218],[30.3976,-3.9254],[30.4018,-3.9344],[30.4665,-4.0008],[30.495,-4.0069],[30.5043,-3.9952],[30.572,-4.0475],[30.605,-4.045],[30.6519,-4.0772],[30.6503,-4.0937],[30.681,-4.109],[30.6918,-4.1669],[30.7218,-4.1724],[30.7373,-4.1993],[30.7211,-4.2434],[30.7436,-4.2522],[30.7456,-4.28],[30.7255,-4.2935],[30.7272,-4.3187],[30.7105,-4.3253],[30.711,-4.3446],[30.7033,-4.3342],[30.6843,-4.3476],[30.6822,-4.3837],[30.6642,-4.3667],[30.6391,-4.375],[30.6678,-4.4077],[30.6605,-4.4355],[30.6293,-4.4371],[30.6343,-4.4621],[30.6539,-4.4606],[30.6364,-4.4856],[30.6537,-4.508],[30.6387,-4.5155],[30.6719,-4.5363],[30.6458,-4.575],[30.6566,-4.5939],[30.7012,-4.5875],[30.6876,-4.6556],[30.7006,-4.6576],[30.6964,-4.6817],[30.7308,-4.6813],[30.7244,-4.7174],[30.788,-4.6994],[30.8056,-4.7189],[30.832,-4.7158],[30.8683,-4.7951],[30.9063,-4.8091],[30.9252,-4.8369],[30.9186,-4.8863],[30.9067,-4.8866],[30.9167,-4.8985],[30.9025,-4.9078],[30.9172,-4.9187],[30.8958,-4.9234],[30.8921,-4.9528],[30.8973,-4.9669],[30.9075,-4.9751],[30.9211,-4.9613],[30.9762,-4.9753],[31.099,-4.9435],[31.1415,-4.9866],[31.1798,-4.9578],[31.2082,-4.9739],[31.2323,-4.9933],[31.2345,-4.9962],[31.2344,-4.9593],[31.2401,-4.9424],[31.3079,-4.9212],[31.3764,-4.8107],[31.3982,-4.8085],[31.3869,-4.7316],[31.3954,-4.719],[31.409,-4.7012],[31.4321,-4.7078],[31.467,-4.684],[31.4933,-4.6249],[31.4786,-4.5747],[31.4762,-4.5616],[31.4665,-4.5254],[31.4587,-4.5152],[31.4676,-4.4812],[31.4546,-4.4636],[31.4464,-4.4597],[31.4375,-4.4707],[31.428,-4.4622]]]]}},{"id":"feature_053","type":"Feature","properties":{"gid":"TZA.8.6_1","name":"Kigoma Rural","region":"Kigoma","addo_count":0},"geometry":{"type":"MultiPolygon","coordinates":[[[[29.743,-4.8674],[29.7416,-4.8551],[29.7679,-4.862],[29.7906,-4.839],[29.7961,-4.8423],[29.7971,-4.911],[29.8254,-4.9233],[29.8395,-4.887],[29.8812,-4.9019],[29.9005,-4.9368],[29.9508,-4.9514],[29.9855,-4.9601],[29.9885,-4.9578],[29.9891,-4.9375],[29.9729,-4.9208],[29.9819,-4.9092],[29.9825,-4.9071],[29.9355,-4.8916],[29.929,-4.8497],[29.9145,-4.8516],[29.9047,-4.8194],[29.8965,-4.8184],[29.889,-4.8181],[29.876,-4.824],[29.8716,-4.8249],[29.8256,-4.8379],[29.8113,-4.837],[29.806,-4.842],[29.8008,-4.8256],[29.8108,-4.8269],[29.7996,-4.8098],[29.8345,-4.796],[29.8197,-4.7719],[29.8363,-4.7543],[29.8201,-4.7023],[29.78,-4.6673],[29.7604,-4.592],[29.766,-4.5406],[29.7911,-4.5189],[29.7824,-4.5094],[29.7575,-4.4869],[29.7596,-4.4662],[29.6726,-4.4468],[29.6551,-4.4755],[29.639,-4.6209],[29.6017,-4.7483],[29.6089,-4.8559],[29.6313,-4.8432],[29.6389,-4.8216],[29.6524,-4.8279],[29.6759,-4.8662],[29.7,-4.8895],[29.704,-4.8822],[29.743,-4.8674]]]]}},{"id":"feature_054","type":"Feature","properties":{"gid":"TZA.8.7_1","name":"Kigoma Urban","region":"Kigoma","addo_count":0},"geometry":{"type":"MultiPolygon","coordinates":[[[[29.7075,-4.8965],[29.6759,-4.8662],[29.6524,-4.8279],[29.6389,-4.8216],[29.6313,-4.8432],[29.6156,-4.8635],[29.6303,-4.8748],[29.5902,-4.9112],[29.681,-4.9239],[29.7314,-4.9714],[29.7144,-4.8999],[29.7075,-4.8965]]]]}},{"id":"feature_055","type":"Feature","properties":{"gid":"TZA.8.8_1","name":"Lake Tanganyika","region":"Kigoma","addo_count":0},"geometry":{"type":"MultiPolygon","coordinates":[[[[29.6551,-4.4755],[29.655,-4.4454],[29.3915,-4.4453],[29.3864,-4.5407],[29.3272,-4.6989],[29.3372,-4.8536],[29.3731,-5.0169],[29.5297,-5.4151],[29.599,-5.664],[29.607,-5.768],[29.5782,-5.9629],[29.578,-6.1017],[29.612,-6.304],[29.6549,-6.413],[29.7466,-6.5535],[29.827,-6.643],[29.9845,-6.7635],[30.2458,-6.5728],[30.1422,-6.4497],[30.0013,-6.4815],[29.9501,-6.5068],[29.9559,-6.4892],[29.9557,-6.4756],[29.8935,-6.4415],[29.8892,-6.4326],[29.8172,-6.3629],[29.736,-6.2442],[29.7238,-6.2418],[29.7424,-6.2006],[29.7322,-6.0402],[29.7714,-6.0078],[29.8086,-5.998],[29.8019,-5.9936],[29.8004,-5.9969],[29.8044,-5.9964],[29.8293,-5.9995],[29.8398,-5.9789],[29.9468,-5.9145],[29.9489,-5.7984],[29.8409,-5.5546],[29.7491,-5.4633],[29.7482,-5.4039],[29.7665,-5.3959],[29.7904,-5.3358],[29.7987,-5.2857],[29.7852,-5.2792],[29.7961,-5.2747],[29.8098,-5.2767],[29.8132,-5.261],[29.8068,-5.2359],[29.8103,-5.2355],[29.816,-5.2299],[29.819,-5.2229],[29.8182,-5.1878],[29.8262,-5.1468],[29.8245,-5.1434],[29.8235,-5.1292],[29.7709,-5.0412],[29.7841,-5.0224],[29.7681,-5.0137],[29.7708,-5.0012],[29.7635,-4.9945],[29.75,-4.9719],[29.7314,-4.9714],[29.681,-4.9239],[29.5902,-4.9112],[29.6303,-4.8748],[29.6156,-4.8635],[29.6089,-4.8559],[29.6017,-4.7483],[29.639,-4.6209],[29.6551,-4.4755]]]]}},{"id":"feature_056","type":"Feature","properties":{"gid":"TZA.8.9_1","name":"Uvinza","region":"Kigoma","addo_count":48},"geometry":{"type":"MultiPolygon","coordinates":[[[[29.736,-6.2442],[29.8172,-6.3629],[29.8892,-6.4326],[29.8935,-6.4415],[29.9557,-6.4756],[29.9559,-6.4892],[29.9512,-6.507],[30.0013,-6.4815],[30.1422,-6.4497],[30.2458,-6.5728],[30.2536,-6.5726],[30.257,-6.5521],[30.2862,-6.4999],[30.2593,-6.4131],[30.2574,-6.1735],[30.2522,-6.1045],[30.2149,-5.9965],[30.1871,-5.9614],[30.187,-5.8273],[30.1462,-5.7774],[30.1467,-5.7346],[30.0889,-5.6656],[30.0831,-5.5819],[30.0262,-5.5757],[30.0332,-5.5445],[30.0148,-5.556],[30.0232,-5.5361],[30.0024,-5.5327],[30.0405,-5.499],[30.0442,-5.459],[29.9707,-5.4233],[29.9037,-5.3287],[29.985,-5.3473],[30.0798,-5.3368],[30.0981,-5.3021],[30.1057,-5.1921],[30.1181,-5.1857],[30.1693,-5.1899],[30.1792,-5.239],[30.2237,-5.2268],[30.2432,-5.1754],[30.5545,-5.1433],[30.5569,-5.1832],[30.6068,-5.2008],[30.6134,-5.1979],[30.6711,-5.14],[30.7032,-5.1395],[30.7143,-5.1792],[30.7676,-5.2431],[30.8338,-5.2725],[30.8268,-5.2952],[30.8442,-5.3274],[30.9755,-5.2908],[31.0011,-5.262],[31.037,-5.2579],[31.0259,-5.246],[31.1826,-5.2812],[31.1809,-5.2567],[31.247,-5.2432],[31.204,-5.2106],[31.2036,-5.1929],[31.2216,-5.1711],[31.2054,-5.1527],[31.2112,-5.1114],[31.2476,-5.0579],[31.2594,-5.0086],[31.2345,-4.9962],[31.2323,-4.9933],[31.2082,-4.9739],[31.1798,-4.9578],[31.1415,-4.9866],[31.099,-4.9435],[30.9762,-4.9753],[30.9211,-4.9613],[30.9102,-4.9765],[30.8997,-5.0037],[30.8996,-5.0362],[30.8982,-5.0828],[30.8251,-5.0934],[30.8253,-4.9887],[30.7855,-4.9308],[30.7194,-4.894],[30.5642,-4.8886],[30.458,-4.9264],[30.4275,-4.878],[30.4226,-4.8653],[30.3972,-4.872],[30.2594,-4.9179],[30.1776,-5.0522],[30.0149,-4.9031],[29.9819,-4.9092],[29.9729,-4.9208],[29.9891,-4.9375],[29.9885,-4.9578],[29.9855,-4.9601],[29.9508,-4.9514],[29.9005,-4.9368],[29.8812,-4.9019],[29.8395,-4.887],[29.8254,-4.9233],[29.7971,-4.911],[29.7961,-4.8423],[29.7906,-4.839],[29.7679,-4.862],[29.7416,-4.8551],[29.743,-4.8674],[29.704,-4.8822],[29.7,-4.8895],[29.7075,-4.8965],[29.7144,-4.8999],[29.7315,-4.9705],[29.75,-4.9719],[29.7635,-4.9945],[29.7708,-5.0012],[29.7681,-5.0137],[29.7841,-5.0224],[29.7709,-5.0412],[29.8235,-5.1292],[29.8245,-5.1434],[29.8262,-5.1468],[29.8182,-5.1878],[29.819,-5.2229],[29.816,-5.2299],[29.8103,-5.2355],[29.8068,-5.2359],[29.8132,-5.261],[29.8098,-5.2767],[29.7961,-5.2747],[29.7852,-5.2792],[29.7987,-5.2857],[29.7904,-5.3358],[29.7665,-5.3959],[29.7482,-5.4039],[29.7491,-5.4633],[29.8409,-5.5546],[29.9489,-5.7984],[29.9468,-5.9145],[29.8398,-5.9789],[29.8276,-6.0003],[29.8044,-5.9964],[29.8004,-5.9969],[29.8019,-5.9936],[29.8086,-5.998],[29.7714,-6.0078],[29.7322,-6.0402],[29.7424,-6.2006],[29.7238,-6.2418],[29.736,-6.2442]]]]}},{"id":"feature_057","type":"Feature","properties":{"gid":"TZA.9.1_1","name":"Hai","region":"Kilimanjaro","addo_count":45},"geometry":{"type":"MultiPolygon","coordinates":[[[[37.2611,-3.2584],[37.2589,-3.2299],[37.321,-3.094],[37.309,-3.0806],[37.2812,-3.0342],[37.2649,-2.9767],[37.1446,-3.1916],[37.1075,-3.2244],[37.1033,-3.2588],[37.1319,-3.3158],[37.1185,-3.3459],[37.1017,-3.3535],[37.055,-3.3733],[37.0617,-3.4791],[37.0612,-3.4925],[37.0722,-3.4882],[37.1105,-3.4766],[37.139,-3.4874],[37.1646,-3.4547],[37.1836,-3.4606],[37.1949,-3.4509],[37.2169,-3.4632],[37.2211,-3.4684],[37.2456,-3.4952],[37.2497,-3.4936],[37.2621,-3.4978],[37.2864,-3.4986],[37.306,-3.5059],[37.2901,-3.4765],[37.2889,-3.4717],[37.2899,-3.4683],[37.3133,-3.4243],[37.3195,-3.4106],[37.3179,-3.408],[37.3039,-3.3983],[37.3044,-3.3933],[37.3052,-3.3667],[37.2906,-3.349],[37.2816,-3.3273],[37.2806,-3.3172],[37.2582,-3.3155],[37.2579,-3.3026],[37.2541,-3.2978],[37.2529,-3.2761],[37.2611,-3.2584]]]]}},{"id":"feature_058","type":"Feature","properties":{"gid":"TZA.9.2_1","name":"Moshi Rural","region":"Kilimanjaro","addo_count":0},"geometry":{"type":"MultiPolygon","coordinates":[[[[37.3631,-3.385],[37.3313,-3.3848],[37.3186,-3.3817],[37.3044,-3.3933],[37.3039,-3.3983],[37.3179,-3.408],[37.3195,-3.4106],[37.3133,-3.4243],[37.2899,-3.4683],[37.2889,-3.4717],[37.2901,-3.4765],[37.303,-3.5173],[37.3064,-3.5626],[37.3422,-3.6308],[37.4001,-3.6724],[37.4178,-3.6654],[37.4616,-3.59],[37.468,-3.5839],[37.4695,-3.5633],[37.5234,-3.5364],[37.5546,-3.476],[37.5488,-3.4546],[37.5845,-3.4337],[37.5905,-3.4346],[37.6164,-3.4056],[37.607,-3.39],[37.6009,-3.2685],[37.5838,-3.2464],[37.4428,-3.2372],[37.3343,-3.1069],[37.321,-3.094],[37.2589,-3.2299],[37.2611,-3.2584],[37.2529,-3.2761],[37.2541,-3.2978],[37.2579,-3.3026],[37.2582,-3.3155],[37.2806,-3.3172],[37.2816,-3.3273],[37.2873,-3.3427],[37.318,-3.3124],[37.3238,-3.3127],[37.3493,-3.3211],[37.3534,-3.3249],[37.355,-3.3257],[37.3581,-3.3298],[37.3853,-3.3371],[37.3991,-3.3373],[37.3979,-3.3535],[37.3837,-3.3707],[37.3576,-3.3743],[37.3631,-3.385]]]]}},{"id":"feature_059","type":"Feature","properties":{"gid":"TZA.9.3_1","name":"Moshi Urban","region":"Kilimanjaro","addo_count":0},"geometry":{"type":"MultiPolygon","coordinates":[[[[37.3313,-3.3848],[37.3631,-3.385],[37.3576,-3.3743],[37.3837,-3.3707],[37.3979,-3.3535],[37.3997,-3.3377],[37.3853,-3.3371],[37.3581,-3.3298],[37.355,-3.3257],[37.3534,-3.3249],[37.3493,-3.3211],[37.3238,-3.3127],[37.318,-3.3124],[37.2873,-3.3427],[37.2906,-3.349],[37.3052,-3.3667],[37.3186,-3.3817],[37.3313,-3.3848]]]]}},{"id":"feature_060","type":"Feature","properties":{"gid":"TZA.9.4_1","name":"Mwanga","region":"Kilimanjaro","addo_count":29},"geometry":{"type":"MultiPolygon","coordinates":[[[[37.9537,-3.7949],[37.7858,-3.6771],[37.7441,-3.5441],[37.6737,-3.509],[37.6265,-3.5308],[37.6036,-3.5206],[37.6271,-3.4673],[37.5854,-3.4621],[37.5905,-3.4346],[37.5845,-3.4337],[37.5488,-3.4546],[37.5546,-3.476],[37.5234,-3.5364],[37.4695,-3.5633],[37.468,-3.5839],[37.4616,-3.59],[37.4178,-3.6654],[37.4088,-3.669],[37.4282,-3.7503],[37.4631,-3.8035],[37.4587,-3.8415],[37.4596,-3.9295],[37.4634,-3.9364],[37.6437,-3.933],[37.6867,-3.9361],[37.702,-3.909],[37.8201,-3.9063],[37.8989,-3.863],[37.9537,-3.7949]]]]}},{"id":"feature_061","type":"Feature","properties":{"gid":"TZA.9.5_1","name":"Rombo","region":"Kilimanjaro","addo_count":26},"geometry":{"type":"MultiPolygon","coordinates":[[[[37.607,-3.39],[37.6151,-3.4036],[37.6808,-3.3571],[37.6856,-3.3236],[37.7114,-3.3055],[37.6726,-3.0677],[37.4864,-2.9386],[37.4096,-2.9053],[37.3147,-2.867],[37.2518,-2.8521],[37.2512,-2.9274],[37.2812,-3.0342],[37.309,-3.0806],[37.3343,-3.1069],[37.4428,-3.2372],[37.5838,-3.2464],[37.6009,-3.2685],[37.607,-3.39]]]]}},{"id":"feature_062","type":"Feature","properties":{"gid":"TZA.9.6_1","name":"Same","region":"Kilimanjaro","addo_count":37},"geometry":{"type":"MultiPolygon","coordinates":[[[[38.006,-4.5937],[38.0382,-4.5958],[38.0506,-4.616],[38.1097,-4.5984],[38.1112,-4.5927],[38.1195,-4.5749],[38.1209,-4.5329],[38.3596,-4.1795],[38.4045,-4.1111],[37.9537,-3.7949],[37.8989,-3.863],[37.8201,-3.9063],[37.702,-3.909],[37.6867,-3.9361],[37.6437,-3.933],[37.4634,-3.9364],[37.467,-3.9459],[37.4708,-4.0117],[37.491,-4.0252],[37.5126,-4.1219],[37.5131,-4.1375],[37.4965,-4.1723],[37.5137,-4.2803],[37.4945,-4.3085],[37.5077,-4.3399],[37.4987,-4.3513],[37.4938,-4.3686],[37.5137,-4.4257],[37.5533,-4.4661],[37.571,-4.4705],[37.6187,-4.5136],[37.6231,-4.5183],[37.6399,-4.5202],[37.6624,-4.5215],[37.7574,-4.6089],[37.763,-4.5978],[37.7918,-4.6074],[37.8443,-4.5723],[37.8744,-4.5882],[37.9338,-4.5763],[37.935,-4.5995],[37.9947,-4.613],[38.0024,-4.6091],[38.006,-4.5937]]]]}},{"id":"feature_063","type":"Feature","properties":{"gid":"TZA.9.7_1","name":"Siha","region":"Kilimanjaro","addo_count":15},"geometry":{"type":"MultiPolygon","coordinates":[[[[37.0636,-3.3465],[37.064,-3.3696],[37.1017,-3.3535],[37.1185,-3.3459],[37.1319,-3.3158],[37.1033,-3.2588],[37.1075,-3.2244],[37.1446,-3.1916],[37.2649,-2.9767],[37.2512,-2.9274],[37.2518,-2.8521],[37.1265,-2.8601],[37.0355,-2.9634],[36.9801,-2.9749],[36.9357,-2.984],[36.9353,-3.0424],[36.916,-3.0798],[36.8904,-3.1353],[36.9093,-3.1875],[36.9358,-3.1842],[36.9408,-3.2078],[36.98,-3.2093],[36.9807,-3.2305],[36.9974,-3.2314],[37.0006,-3.2561],[37.0307,-3.258],[37.0452,-3.2971],[37.0636,-3.3465]]]]}},{"id":"feature_064","type":"Feature","properties":{"gid":"TZA.19.1_1","name":"Chake","region":"Kusini Pemba","addo_count":0},"geometry":{"type":"MultiPolygon","coordinates":[[[[39.7989,-5.2052],[39.7913,-5.2011],[39.7799,-5.1645],[39.7559,-5.1658],[39.7343,-5.1876],[39.7407,-5.2049],[39.7235,-5.1982],[39.7196,-5.2112],[39.6743,-5.214],[39.6471,-5.1882],[39.6707,-5.2196],[39.6982,-5.2162],[39.7521,-5.2424],[39.7549,-5.2576],[39.7274,-5.2421],[39.6862,-5.2535],[39.7083,-5.3145],[39.7282,-5.3243],[39.7319,-5.3203],[39.755,-5.3203],[39.7991,-5.3263],[39.8088,-5.3354],[39.8363,-5.2768],[39.8257,-5.2779],[39.8312,-5.2704],[39.8393,-5.2735],[39.8276,-5.2574],[39.8415,-5.2526],[39.8546,-5.1941],[39.8288,-5.194],[39.7989,-5.2052]]],[[[39.6085,-5.2357],[39.5985,-5.2393],[39.5954,-5.2524],[39.6126,-5.2415],[39.6085,-5.2357]]]]}},{"id":"feature_065","type":"Feature","properties":{"gid":"TZA.19.2_1","name":"Mkoani","region":"Kusini Pemba","addo_count":0},"geometry":{"type":"MultiPolygon","coordinates":[[[[39.5857,-5.411],[39.5699,-5.4143],[39.6338,-5.4824],[39.6507,-5.4868],[39.6587,-5.4615],[39.6693,-5.4699],[39.6596,-5.4501],[39.619,-5.4507],[39.6176,-5.4276],[39.6051,-5.4343],[39.6001,-5.4118],[39.5857,-5.411]]],[[[39.7282,-5.3243],[39.71,-5.3183],[39.6904,-5.2771],[39.6818,-5.291],[39.6546,-5.2876],[39.6851,-5.341],[39.6635,-5.3374],[39.6549,-5.3185],[39.6299,-5.4082],[39.6376,-5.4346],[39.6821,-5.4335],[39.7018,-5.4554],[39.7157,-5.4479],[39.7029,-5.4354],[39.7204,-5.4326],[39.7329,-5.4454],[39.7185,-5.4562],[39.7238,-5.4735],[39.7976,-5.3913],[39.7921,-5.3785],[39.7607,-5.4124],[39.7946,-5.3699],[39.8096,-5.3635],[39.7991,-5.3263],[39.755,-5.3203],[39.7319,-5.3203],[39.7282,-5.3243]]],[[[39.5676,-5.3985],[39.5624,-5.4032],[39.5732,-5.409],[39.5721,-5.4026],[39.5676,-5.3985]]],[[[39.6699,-5.4718],[39.6674,-5.471],[39.6662,-5.4721],[39.669,-5.4743],[39.6699,-5.4718]]],[[[39.6157,-5.3676],[39.604,-5.3771],[39.6288,-5.3896],[39.6329,-5.3826],[39.6157,-5.3676]]],[[[39.5832,-5.3668],[39.5801,-5.3668],[39.5799,-5.3712],[39.5832,-5.3715],[39.5832,-5.3668]]],[[[39.586,-5.3615],[39.5849,-5.3601],[39.5815,-5.3632],[39.5854,-5.3651],[39.586,-5.3615]]]]}},{"id":"feature_066","type":"Feature","properties":{"gid":"TZA.29.1_1","name":"Kati","region":"Kusini Unguja","addo_count":0},"geometry":{"type":"MultiPolygon","coordinates":[[[[39.3104,-6.231],[39.4182,-6.4126],[39.4162,-6.3451],[39.3905,-6.3104],[39.3895,-6.2541],[39.466,-6.2634],[39.4703,-6.2452],[39.5037,-6.1912],[39.4762,-6.1874],[39.4751,-6.1707],[39.4568,-6.2015],[39.444,-6.1793],[39.4146,-6.191],[39.4146,-6.189],[39.419,-6.1818],[39.4382,-6.1718],[39.4257,-6.1374],[39.4315,-6.0629],[39.4104,-6.0538],[39.399,-6.0237],[39.3395,-6.0342],[39.2797,-6.0301],[39.2759,-6.0886],[39.2735,-6.1291],[39.2734,-6.1373],[39.272,-6.1455],[39.2723,-6.1582],[39.2769,-6.1625],[39.2754,-6.1829],[39.2859,-6.195],[39.3077,-6.2251],[39.3104,-6.231]]],[[[39.5079,-6.1787],[39.5301,-6.1743],[39.5107,-6.1262],[39.4946,-6.1224],[39.4888,-6.149],[39.5079,-6.1787]]]]}},{"id":"feature_067","type":"Feature","properties":{"gid":"TZA.29.2_1","name":"Kusini","region":"Kusini Unguja","addo_count":0},"geometry":{"type":"MultiPolygon","coordinates":[[[[39.3905,-6.3104],[39.4038,-6.3226],[39.4121,-6.3126],[39.444,-6.4093],[39.4851,-6.4724],[39.5332,-6.4679],[39.5638,-6.4385],[39.5818,-6.3857],[39.5371,-6.2837],[39.5304,-6.178],[39.5057,-6.1824],[39.4703,-6.2452],[39.466,-6.2634],[39.3895,-6.2541],[39.3905,-6.3104]]]]}},{"id":"feature_068","type":"Feature","properties":{"gid":"TZA.10.1_1","name":"Kilwa","region":"Lindi","addo_count":29},"geometry":{"type":"MultiPolygon","coordinates":[[[[39.2286,-9.5643],[39.2413,-9.563],[39.2554,-9.5886],[39.3138,-9.5851],[39.3619,-9.5461],[39.3685,-9.5673],[39.3849,-9.5577],[39.4091,-9.5629],[39.4278,-9.5608],[39.4425,-9.5643],[39.4445,-9.6045],[39.4743,-9.6182],[39.4993,-9.6031],[39.4934,-9.5752],[39.5115,-9.5797],[39.5757,-9.5409],[39.5848,-9.5026],[39.6484,-9.4645],[39.6293,-9.4218],[39.586,-9.4368],[39.5612,-9.424],[39.5629,-9.4065],[39.6043,-9.4124],[39.6582,-9.3615],[39.6482,-9.2696],[39.6279,-9.2571],[39.6426,-9.2429],[39.6432,-9.1974],[39.6046,-9.1237],[39.6162,-9.0651],[39.6293,-9.0651],[39.5474,-9.029],[39.5551,-9.0846],[39.5999,-9.1049],[39.6032,-9.1507],[39.5654,-9.0971],[39.5471,-9.0915],[39.5187,-9.1165],[39.4813,-9.0968],[39.5124,-9.0687],[39.4899,-9.0557],[39.5049,-9.0346],[39.4818,-8.9565],[39.5135,-8.9479],[39.5187,-8.9282],[39.559,-8.9282],[39.5199,-8.9007],[39.4979,-8.8126],[39.4863,-8.8257],[39.4651,-8.8168],[39.436,-8.7418],[39.4135,-8.7449],[39.3885,-8.7179],[39.3613,-8.7221],[39.3729,-8.7112],[39.3568,-8.6774],[39.3643,-8.6207],[39.3393,-8.5807],[39.351,-8.5688],[39.2938,-8.5099],[39.2885,-8.4521],[39.3093,-8.4257],[39.2974,-8.4013],[39.3121,-8.3746],[39.2893,-8.3646],[39.2657,-8.319],[39.311,-8.2996],[39.2774,-8.2679],[39.242,-8.2735],[39.2155,-8.2592],[39.1987,-8.2632],[39.1677,-8.2743],[39.1437,-8.3005],[39.1336,-8.3064],[39.0937,-8.3321],[39.0138,-8.3342],[38.9509,-8.3702],[38.8565,-8.3942],[38.7977,-8.427],[38.7427,-8.4966],[38.7299,-8.5027],[38.6787,-8.5877],[38.6773,-8.5966],[38.6721,-8.6143],[38.6619,-8.6347],[38.6541,-8.6812],[38.6488,-8.755],[38.6073,-8.8172],[38.5826,-8.9157],[38.4472,-9.0514],[38.4371,-9.1067],[38.4619,-9.1271],[38.49,-9.2066],[38.4821,-9.237],[38.5026,-9.2624],[38.5014,-9.299],[38.4788,-9.3332],[38.4773,-9.377],[38.5218,-9.4494],[38.5787,-9.6797],[38.6705,-9.8066],[38.7086,-9.9121],[38.714,-9.9209],[38.8313,-9.8733],[38.8539,-9.8278],[38.8965,-9.8363],[38.9031,-9.7867],[38.9451,-9.774],[39.008,-9.722],[39.0155,-9.7204],[39.0388,-9.7235],[39.0812,-9.6957],[39.1236,-9.7055],[39.1496,-9.678],[39.1699,-9.6721],[39.1701,-9.6779],[39.1994,-9.6766],[39.2008,-9.6649],[39.2061,-9.6558],[39.2088,-9.6423],[39.2111,-9.6347],[39.2045,-9.5859],[39.2286,-9.5643]]],[[[39.5774,-9.4054],[39.576,-9.4068],[39.5779,-9.4074],[39.5782,-9.4065],[39.5774,-9.4054]]],[[[39.5771,-9.0929],[39.5737,-9.0921],[39.5707,-9.094],[39.5801,-9.0938],[39.5771,-9.0929]]],[[[39.626,-9.0779],[39.6215,-9.079],[39.6226,-9.0851],[39.6257,-9.081],[39.626,-9.0779]]],[[[39.6263,-9.0738],[39.6215,-9.0735],[39.6215,-9.0754],[39.6271,-9.0765],[39.6263,-9.0738]]],[[[39.6282,-9.0726],[39.6288,-9.071],[39.6274,-9.0707],[39.6263,-9.0721],[39.6282,-9.0726]]],[[[39.5187,-9.0871],[39.5082,-9.0996],[39.511,-9.1071],[39.5135,-9.0979],[39.5187,-9.0871]]],[[[39.5454,-9.089],[39.5449,-9.0874],[39.5429,-9.0887],[39.5432,-9.0893],[39.5454,-9.089]]],[[[39.5488,-9.0771],[39.5479,-9.0757],[39.5474,-9.0757],[39.5493,-9.0785],[39.5488,-9.0771]]],[[[39.5304,-9.0454],[39.5221,-9.0518],[39.5254,-9.0604],[39.5368,-9.0549],[39.5304,-9.0454]]],[[[39.5029,-9.0521],[39.5029,-9.051],[39.5013,-9.0507],[39.5015,-9.0529],[39.5029,-9.0521]]],[[[39.5288,-8.9493],[39.4896,-8.9612],[39.5174,-9.0149],[39.546,-9.0021],[39.5276,-8.981],[39.5288,-8.9493]]],[[[39.5718,-8.5671],[39.5679,-8.5663],[39.5657,-8.5749],[39.569,-8.5726],[39.5718,-8.5671]]],[[[39.5393,-8.5457],[39.5354,-8.5457],[39.5321,-8.5521],[39.5371,-8.5501],[39.5393,-8.5457]]],[[[39.4346,-8.3032],[39.4324,-8.3026],[39.4318,-8.3035],[39.4349,-8.3057],[39.4346,-8.3032]]],[[[39.5276,-8.5435],[39.5251,-8.5465],[39.5299,-8.5476],[39.5301,-8.5451],[39.5276,-8.5435]]],[[[39.4957,-8.5065],[39.4837,-8.5132],[39.5238,-8.5574],[39.5185,-8.5304],[39.4957,-8.5065]]],[[[39.576,-8.3804],[39.5715,-8.3804],[39.5718,-8.3832],[39.5774,-8.3843],[39.576,-8.3804]]],[[[39.5893,-8.2787],[39.5924,-8.279],[39.5946,-8.2765],[39.5893,-8.2776],[39.5893,-8.2787]]]]}},{"id":"feature_069","type":"Feature","properties":{"gid":"TZA.10.2_1","name":"Lindi Rural","region":"Lindi","addo_count":0},"geometry":{"type":"MultiPolygon","coordinates":[[[[39.7095,-10.5474],[39.7304,-10.5341],[39.7031,-10.4802],[39.7176,-10.4592],[39.6918,-10.3768],[39.6926,-10.3266],[39.7733,-10.2672],[39.894,-10.2643],[39.8967,-10.2304],[39.9178,-10.2228],[39.9549,-10.2027],[39.9746,-10.199],[39.9824,-10.1776],[39.9615,-10.1482],[39.9757,-10.1282],[39.9593,-10.0926],[39.9415,-10.1007],[39.9454,-10.0812],[39.904,-10.0332],[39.8299,-10.0065],[39.8075,-9.9829],[39.8042,-10.0304],[39.7923,-10.0931],[39.7795,-10.1098],[39.7412,-10.0895],[39.717,-10.0961],[39.6676,-10.1111],[39.6377,-10.1489],[39.6147,-10.1393],[39.5433,-10.083],[39.4783,-10.0784],[39.4666,-9.9835],[39.4167,-9.9537],[39.39,-9.9097],[39.5202,-9.8786],[39.6687,-9.8693],[39.6081,-9.7952],[39.6742,-9.7769],[39.7386,-9.7808],[39.7624,-9.7804],[39.7529,-9.7496],[39.716,-9.7368],[39.7504,-9.7057],[39.7307,-9.6915],[39.7479,-9.6526],[39.719,-9.6404],[39.7315,-9.5987],[39.681,-9.4907],[39.639,-9.4857],[39.6421,-9.4785],[39.6554,-9.4785],[39.6545,-9.4549],[39.6484,-9.4645],[39.5848,-9.5026],[39.5757,-9.5409],[39.5115,-9.5797],[39.4934,-9.5752],[39.4993,-9.6031],[39.4743,-9.6182],[39.4445,-9.6045],[39.4422,-9.5639],[39.4278,-9.5608],[39.4091,-9.5629],[39.3849,-9.5577],[39.3685,-9.5673],[39.3619,-9.5461],[39.3138,-9.5851],[39.2554,-9.5886],[39.2413,-9.563],[39.2286,-9.5643],[39.2045,-9.5859],[39.2111,-9.6347],[39.2088,-9.6423],[39.2061,-9.6558],[39.2008,-9.6649],[39.1994,-9.6766],[39.1916,-9.6924],[39.1814,-9.9862],[39.0814,-10.0685],[39.0186,-10.1571],[39.0275,-10.1889],[39.0751,-10.1981],[39.115,-10.3759],[39.1399,-10.3751],[39.1586,-10.3845],[39.1739,-10.3926],[39.2323,-10.3537],[39.2604,-10.3549],[39.2785,-10.351],[39.3288,-10.3294],[39.3559,-10.3512],[39.4057,-10.3392],[39.4811,-10.3826],[39.4837,-10.3919],[39.5065,-10.4765],[39.5625,-10.5276],[39.5808,-10.5998],[39.6211,-10.5996],[39.6244,-10.6183],[39.6458,-10.6178],[39.6672,-10.5773],[39.7095,-10.5474]]],[[[39.7621,-9.7579],[39.7615,-9.756],[39.7601,-9.761],[39.7618,-9.7599],[39.7621,-9.7579]]],[[[39.7435,-9.7174],[39.7454,-9.7165],[39.746,-9.7149],[39.7421,-9.716],[39.7435,-9.7174]]],[[[39.7574,-9.7118],[39.7579,-9.7071],[39.7562,-9.7071],[39.7557,-9.7118],[39.7574,-9.7118]]],[[[39.7351,-9.6418],[39.7318,-9.641],[39.7315,-9.6424],[39.7337,-9.6429],[39.7351,-9.6418]]]]}},{"id":"feature_070","type":"Feature","properties":{"gid":"TZA.10.3_1","name":"Lindi Urban","region":"Lindi","addo_count":0},"geometry":{"type":"MultiPolygon","coordinates":[[[[39.6147,-10.1393],[39.6377,-10.1489],[39.6676,-10.1111],[39.717,-10.0961],[39.7412,-10.0895],[39.7795,-10.1098],[39.7923,-10.0931],[39.8042,-10.0304],[39.8075,-9.9829],[39.7415,-9.9799],[39.7188,-10.0293],[39.6768,-10.0535],[39.7151,-10.0151],[39.7124,-9.9554],[39.7874,-9.9254],[39.7568,-9.8907],[39.7898,-9.8818],[39.7943,-9.8926],[39.8074,-9.8635],[39.8021,-9.8157],[39.7604,-9.7807],[39.7386,-9.7808],[39.6742,-9.7769],[39.6081,-9.7952],[39.6687,-9.8693],[39.5202,-9.8786],[39.39,-9.9097],[39.4167,-9.9537],[39.4666,-9.9835],[39.4783,-10.0784],[39.5433,-10.083],[39.6147,-10.1393]]],[[[39.6865,-10.0501],[39.6896,-10.0454],[39.6843,-10.0471],[39.6865,-10.0501]]],[[[39.6965,-10.0438],[39.6921,-10.0435],[39.689,-10.049],[39.6935,-10.0476],[39.6965,-10.0438]]],[[[39.7051,-10.0296],[39.7079,-10.0282],[39.7124,-10.0204],[39.7074,-10.0254],[39.7051,-10.0296]]]]}},{"id":"feature_071","type":"Feature","properties":{"gid":"TZA.10.4_1","name":"Liwale","region":"Lindi","addo_count":8},"geometry":{"type":"MultiPolygon","coordinates":[[[[37.5108,-10.442],[37.7601,-10.3929],[37.7649,-10.3802],[37.8103,-10.3984],[37.8926,-10.3604],[37.9215,-10.3832],[37.9636,-10.3854],[38.0405,-10.363],[38.146,-10.2888],[38.2022,-10.3152],[38.2354,-10.2658],[38.2876,-10.2387],[38.4473,-10.0775],[38.5114,-10.0639],[38.5453,-10.0121],[38.601,-9.9972],[38.6624,-9.9345],[38.714,-9.9209],[38.7086,-9.9121],[38.6705,-9.8066],[38.5787,-9.6797],[38.5218,-9.4494],[38.4773,-9.377],[38.4788,-9.3332],[38.5014,-9.299],[38.5026,-9.2624],[38.4821,-9.237],[38.49,-9.2066],[38.4619,-9.1271],[38.4371,-9.1067],[38.4472,-9.0514],[38.5826,-8.9157],[38.6073,-8.8172],[38.6488,-8.755],[38.6541,-8.6812],[38.6619,-8.6347],[38.6721,-8.6143],[38.6773,-8.5966],[38.6787,-8.5877],[38.7186,-8.5145],[38.5171,-8.5031],[38.5131,-8.3587],[38.4834,-8.3164],[38.1302,-8.1272],[37.8887,-8.0329],[37.8429,-8.0061],[37.8406,-7.9695],[37.8087,-7.9473],[37.8019,-7.9345],[37.7205,-7.9806],[37.6611,-8.0969],[37.6337,-8.2182],[37.5579,-8.3982],[37.501,-8.4801],[37.4418,-8.5166],[37.4355,-8.5424],[37.4016,-8.693],[37.4134,-8.823],[37.3813,-9.1036],[37.3402,-9.2088],[37.3284,-9.2579],[37.3381,-9.2681],[37.3211,-9.274],[37.3328,-9.2869],[37.2751,-9.3778],[37.2935,-9.3929],[37.2783,-9.4079],[37.2858,-9.4399],[37.274,-9.4579],[37.2866,-9.4651],[37.2689,-9.4866],[37.2866,-9.492],[37.1396,-9.5868],[37.142,-9.5863],[37.1332,-9.5993],[37.1243,-9.6284],[37.0881,-9.7225],[37.0151,-9.8034],[36.9702,-9.8887],[36.8909,-9.9415],[36.869,-10.0517],[36.8855,-10.0983],[36.8925,-10.106],[37.0171,-10.274],[37.1497,-10.3001],[37.2366,-10.3464],[37.5049,-10.4386],[37.5108,-10.442]]]]}},{"id":"feature_072","type":"Feature","properties":{"gid":"TZA.10.5_1","name":"Nachingwea","region":"Lindi","addo_count":14},"geometry":{"type":"MultiPolygon","coordinates":[[[[38.2782,-10.6486],[38.2781,-10.61],[38.4247,-10.6065],[38.5587,-10.5501],[38.6212,-10.5059],[38.6888,-10.5022],[38.7057,-10.4775],[38.7604,-10.5466],[38.8688,-10.5447],[38.8792,-10.5403],[38.8859,-10.5283],[38.8915,-10.4409],[38.9262,-10.449],[38.9279,-10.3729],[38.8606,-10.3447],[38.8643,-10.3188],[38.835,-10.2532],[38.8998,-10.2415],[38.8966,-10.1988],[38.8714,-10.1996],[38.8368,-10.1738],[38.8424,-10.083],[38.7593,-10.006],[38.7564,-9.9704],[38.7329,-9.9672],[38.714,-9.9209],[38.6624,-9.9345],[38.601,-9.9972],[38.5453,-10.0121],[38.5114,-10.0639],[38.4473,-10.0775],[38.2876,-10.2387],[38.2354,-10.2658],[38.2022,-10.3152],[38.146,-10.2888],[38.0405,-10.363],[37.9636,-10.3854],[37.9215,-10.3832],[37.8926,-10.3604],[37.8103,-10.3984],[37.7649,-10.3802],[37.7601,-10.3929],[37.5108,-10.442],[37.529,-10.4532],[37.5526,-10.4666],[37.5911,-10.4813],[37.615,-10.5084],[37.6466,-10.5144],[37.7061,-10.5374],[37.8373,-10.5439],[37.866,-10.5529],[37.857,-10.5761],[37.8847,-10.6281],[37.8865,-10.7363],[37.9612,-10.7353],[37.9958,-10.727],[38.023,-10.7192],[38.1221,-10.6853],[38.249,-10.6926],[38.2734,-10.6763],[38.2782,-10.6486]]]]}},{"id":"feature_073","type":"Feature","properties":{"gid":"TZA.10.6_1","name":"Ruangwa","region":"Lindi","addo_count":14},"geometry":{"type":"MultiPolygon","coordinates":[[[[38.714,-9.9209],[38.7329,-9.9672],[38.7564,-9.9704],[38.7593,-10.006],[38.8424,-10.083],[38.8368,-10.1738],[38.8714,-10.1996],[38.8966,-10.1988],[38.8998,-10.2415],[38.835,-10.2532],[38.8643,-10.3188],[38.8606,-10.3447],[38.9279,-10.3729],[38.9262,-10.449],[38.8915,-10.4409],[38.8865,-10.5139],[38.9781,-10.4768],[38.9964,-10.4632],[39.0497,-10.4536],[39.1467,-10.3989],[39.1568,-10.4012],[39.1399,-10.3751],[39.115,-10.3759],[39.0751,-10.1981],[39.0275,-10.1889],[39.0186,-10.1571],[39.0814,-10.0685],[39.1814,-9.9862],[39.1916,-9.6924],[39.1701,-9.6779],[39.1699,-9.6721],[39.1496,-9.678],[39.1236,-9.7055],[39.0812,-9.6957],[39.0388,-9.7235],[39.0155,-9.7204],[39.008,-9.722],[38.9451,-9.774],[38.9031,-9.7867],[38.8965,-9.8363],[38.8539,-9.8278],[38.8313,-9.8733],[38.714,-9.9209]]]]}},{"id":"feature_074","type":"Feature","properties":{"gid":"TZA.11.2_1","name":"Babati","region":"Manyara","addo_count":0},"geometry":{"type":"MultiPolygon","coordinates":[[[[35.6173,-3.9851],[35.608,-4.0178],[35.5588,-4.0652],[35.5088,-4.0953],[35.4214,-4.1169],[35.4047,-4.1532],[35.3516,-4.1633],[35.339,-4.1894],[35.3034,-4.191],[35.292,-4.2045],[35.2083,-4.2556],[35.1984,-4.2686],[35.243,-4.3228],[35.3742,-4.3789],[35.4412,-4.3631],[35.471,-4.3976],[35.4972,-4.3591],[35.4965,-4.2832],[35.568,-4.2704],[35.5915,-4.3262],[35.5892,-4.3744],[35.6132,-4.4189],[35.6062,-4.4537],[35.6524,-4.4833],[35.6533,-4.4959],[35.6837,-4.4835],[35.7644,-4.4068],[35.8176,-4.3906],[35.8185,-4.3151],[36.0007,-4.397],[36.2505,-4.4149],[36.3062,-4.4278],[36.2964,-4.1694],[36.2984,-4.1452],[36.2816,-4.1502],[36.1492,-3.8711],[36.0008,-3.6889],[35.9812,-3.6566],[35.9423,-3.6372],[35.8818,-3.6436],[35.8739,-3.6281],[35.8721,-3.6713],[35.7813,-3.7829],[35.7569,-3.8015],[35.7353,-3.7454],[35.7591,-3.6769],[35.7392,-3.6129],[35.779,-3.5624],[35.7786,-3.5613],[35.7443,-3.5731],[35.716,-3.5569],[35.6883,-3.7388],[35.6815,-3.8098],[35.6813,-3.8473],[35.6819,-3.8719],[35.6991,-3.8852],[35.6173,-3.9851]],[[35.7621,-4.35],[35.7198,-4.3514],[35.7185,-4.3478],[35.7212,-4.3331],[35.7293,-4.2946],[35.6808,-4.2792],[35.6871,-4.2501],[35.6623,-4.2368],[35.6252,-4.2398],[35.6082,-4.1766],[35.6453,-4.1771],[35.6992,-4.1223],[35.6975,-4.0754],[35.8322,-4.0989],[35.8166,-4.1334],[35.8414,-4.1761],[35.841,-4.278],[35.7995,-4.2784],[35.7803,-4.3142],[35.7685,-4.3388],[35.7621,-4.35]]]]}},{"id":"feature_075","type":"Feature","properties":{"gid":"TZA.11.1_1","name":"Babati Urban","region":"Manyara","addo_count":0},"geometry":{"type":"MultiPolygon","coordinates":[[[[35.7803,-4.3142],[35.7995,-4.2784],[35.841,-4.278],[35.8414,-4.1761],[35.8166,-4.1334],[35.8322,-4.0989],[35.6975,-4.0754],[35.6992,-4.1223],[35.6453,-4.1771],[35.6082,-4.1766],[35.6252,-4.2398],[35.6623,-4.2368],[35.6871,-4.2501],[35.6808,-4.2792],[35.7293,-4.2946],[35.7212,-4.3331],[35.7185,-4.3478],[35.7198,-4.3514],[35.7621,-4.35],[35.7685,-4.3388],[35.7803,-4.3142]]]]}},{"id":"feature_076","type":"Feature","properties":{"gid":"TZA.11.3_1","name":"Hanang","region":"Manyara","addo_count":3},"geometry":{"type":"MultiPolygon","coordinates":[[[[35.3859,-4.866],[35.4606,-4.8495],[35.5067,-4.8195],[35.5388,-4.7405],[35.5952,-4.7033],[35.6093,-4.6862],[35.6656,-4.5815],[35.6566,-4.5647],[35.6598,-4.5383],[35.6566,-4.5086],[35.6524,-4.4833],[35.6062,-4.4537],[35.6132,-4.4189],[35.5892,-4.3744],[35.5915,-4.3262],[35.568,-4.2704],[35.4965,-4.2832],[35.4972,-4.3591],[35.471,-4.3976],[35.4412,-4.3631],[35.3742,-4.3789],[35.243,-4.3228],[35.1984,-4.2686],[35.1765,-4.2678],[35.1508,-4.2494],[35.1301,-4.2476],[34.9687,-4.268],[34.9162,-4.2734],[34.8665,-4.362],[34.8671,-4.3941],[34.8755,-4.4136],[34.9663,-4.4557],[35.0377,-4.5383],[35.0738,-4.6185],[35.1285,-4.6309],[35.1537,-4.7539],[35.2842,-4.8064],[35.3233,-4.8714],[35.3412,-4.8791],[35.3509,-4.8584],[35.3859,-4.866]]]]}},{"id":"feature_077","type":"Feature","properties":{"gid":"TZA.11.4_1","name":"Kiteto","region":"Manyara","addo_count":20},"geometry":{"type":"MultiPolygon","coordinates":[[[[36.9246,-5.929],[36.9648,-5.9274],[36.9961,-5.9159],[37.0121,-5.9078],[37.0227,-5.9005],[37.0278,-5.8883],[37.0198,-5.8789],[37.0374,-5.8496],[37.1027,-5.7712],[37.1483,-5.7434],[37.2052,-5.7541],[37.2062,-5.7169],[37.1661,-5.7182],[37.2244,-5.6299],[37.2424,-5.629],[37.2574,-5.6052],[37.2383,-5.5729],[37.2506,-5.54],[37.3309,-5.4515],[37.3875,-5.264],[37.3598,-5.2187],[37.3816,-5.1955],[37.3079,-5.0726],[36.987,-5.1393],[36.9906,-4.9914],[36.9396,-4.6985],[36.9398,-4.6238],[36.8182,-4.4691],[36.795,-4.4394],[36.6879,-4.4395],[36.5034,-4.6104],[36.4275,-4.5973],[36.3896,-4.5658],[36.2999,-4.5575],[36.297,-4.5731],[36.2935,-4.6994],[36.3088,-4.8148],[36.3269,-4.8388],[36.3374,-4.8477],[36.338,-4.8898],[36.3276,-4.9205],[36.3174,-5.0565],[36.3245,-5.0911],[36.2704,-5.1993],[36.3007,-5.2076],[36.2741,-5.2329],[36.294,-5.3024],[36.2989,-5.4179],[36.2839,-5.4141],[36.2472,-5.4109],[36.2586,-5.4644],[36.3049,-5.5185],[36.4184,-5.6039],[36.4426,-5.6439],[36.4319,-5.6701],[36.4444,-5.6722],[36.5136,-5.6921],[36.5344,-5.7285],[36.5786,-5.7458],[36.6007,-5.7996],[36.6769,-5.8649],[36.7158,-5.9463],[36.7948,-5.9385],[36.8549,-5.9535],[36.9246,-5.929]]]]}},{"id":"feature_078","type":"Feature","properties":{"gid":"TZA.11.5_1","name":"Lake Manyara","region":"Manyara","addo_count":0},"geometry":{"type":"MultiPolygon","coordinates":[[[[35.779,-3.5624],[35.7392,-3.6129],[35.7591,-3.6769],[35.7353,-3.7454],[35.7569,-3.8015],[35.7813,-3.7829],[35.8721,-3.6713],[35.8731,-3.6258],[35.779,-3.5624]]]]}},{"id":"feature_079","type":"Feature","properties":{"gid":"TZA.11.6_1","name":"Mbulu","region":"Manyara","addo_count":10},"geometry":{"type":"MultiPolygon","coordinates":[[[[35.292,-4.2045],[35.3034,-4.191],[35.339,-4.1894],[35.3516,-4.1633],[35.4047,-4.1532],[35.4214,-4.1169],[35.5088,-4.0953],[35.5588,-4.0652],[35.5876,-4.0464],[35.6173,-3.9851],[35.6991,-3.8852],[35.6819,-3.8719],[35.6813,-3.8473],[35.6815,-3.8098],[35.6797,-3.7665],[35.592,-3.7753],[35.6249,-3.6979],[35.607,-3.6927],[35.5407,-3.692],[35.386,-3.6172],[35.3293,-3.6909],[35.2929,-3.6897],[35.1408,-3.8036],[35.0184,-3.8714],[34.9838,-3.8633],[34.9103,-3.8983],[34.892,-3.9088],[34.9121,-3.971],[34.9369,-3.9947],[34.991,-3.9908],[34.9667,-4.0924],[34.9708,-4.2081],[34.9351,-4.2557],[34.9277,-4.2664],[34.9687,-4.268],[35.1301,-4.2476],[35.1508,-4.2494],[35.1765,-4.2678],[35.2083,-4.2556],[35.292,-4.2045]]]]}},{"id":"feature_080","type":"Feature","properties":{"gid":"TZA.11.7_1","name":"Simanjiro","region":"Manyara","addo_count":4},"geometry":{"type":"MultiPolygon","coordinates":[[[[37.6399,-4.5202],[37.6231,-4.5183],[37.6187,-4.5136],[37.571,-4.4705],[37.5533,-4.4661],[37.5137,-4.4257],[37.4938,-4.3686],[37.4987,-4.3513],[37.5077,-4.3399],[37.4945,-4.3085],[37.5137,-4.2803],[37.4965,-4.1723],[37.5131,-4.1375],[37.5126,-4.1219],[37.491,-4.0252],[37.4708,-4.0117],[37.467,-3.9459],[37.4596,-3.9295],[37.4587,-3.8415],[37.4631,-3.8035],[37.4282,-3.7503],[37.4088,-3.669],[37.4001,-3.6724],[37.3422,-3.6308],[37.3064,-3.5626],[37.303,-3.5173],[37.2864,-3.4986],[37.2621,-3.4978],[37.2497,-3.4936],[37.2456,-3.4952],[37.2211,-3.4684],[37.2169,-3.4632],[37.1941,-3.4509],[37.1836,-3.4606],[37.1646,-3.4547],[37.139,-3.4874],[37.1105,-3.4766],[37.0722,-3.4882],[37.0613,-3.493],[37.021,-3.5026],[36.9662,-3.5728],[36.9203,-3.5707],[36.8934,-3.598],[36.8856,-3.5843],[36.8618,-3.5859],[36.8558,-3.6057],[36.8368,-3.6491],[36.8031,-3.6556],[36.7305,-3.56],[36.7159,-3.5534],[36.7035,-3.5789],[36.6908,-3.593],[36.7025,-3.6115],[36.6668,-3.6139],[36.6584,-3.6295],[36.6479,-3.6375],[36.6456,-3.6349],[36.6353,-3.6367],[36.6357,-3.6391],[36.6186,-3.649],[36.6178,-3.6508],[36.6178,-3.6725],[36.6144,-3.673],[36.611,-3.6851],[36.6056,-3.6876],[36.6031,-3.6922],[36.5384,-3.7273],[36.5339,-3.7309],[36.5038,-3.7552],[36.4896,-3.771],[36.2986,-3.8054],[36.2961,-4.1263],[36.2964,-4.1694],[36.3062,-4.4278],[36.3462,-4.4375],[36.3086,-4.5225],[36.2999,-4.5575],[36.3896,-4.5658],[36.4275,-4.5973],[36.5034,-4.6104],[36.6879,-4.4395],[36.7956,-4.4399],[36.8182,-4.4691],[36.9398,-4.6238],[36.9396,-4.6985],[36.9906,-4.9914],[36.987,-5.1393],[37.3079,-5.0726],[37.3816,-5.1955],[37.4835,-5.0741],[37.5851,-5.0072],[37.6864,-5.0415],[37.7661,-5.0115],[37.7922,-5.032],[37.8117,-5.0243],[37.8291,-5.015],[37.8324,-5.0039],[37.8341,-4.9991],[37.8402,-4.988],[37.8432,-4.9895],[37.8435,-4.9855],[37.9025,-4.9723],[37.925,-4.9697],[37.95,-4.9649],[38.0007,-4.994],[37.9983,-4.7797],[37.9869,-4.7644],[37.9945,-4.7103],[37.9994,-4.6136],[37.9947,-4.613],[37.935,-4.5995],[37.9338,-4.5763],[37.8744,-4.5882],[37.8443,-4.5723],[37.7918,-4.6074],[37.763,-4.5978],[37.7574,-4.6089],[37.6624,-4.5215],[37.6399,-4.5202]]]]}},{"id":"feature_081","type":"Feature","properties":{"gid":"TZA.12.1_1","name":"Bunda","region":"Mara","addo_count":17},"geometry":{"type":"MultiPolygon","coordinates":[[[[33.3382,-2.286],[33.3382,-2.286],[33.3343,-2.2889],[33.3382,-2.286]]],[[[33.4482,-2.2135],[33.4481,-2.2104],[33.4418,-2.212],[33.4444,-2.2164],[33.4482,-2.2135]]],[[[33.2935,-2.181],[33.2922,-2.1914],[33.2709,-2.1991],[33.2697,-2.2195],[33.3008,-2.2163],[33.3084,-2.1828],[33.2935,-2.181]]],[[[33.4233,-2.1977],[33.4233,-2.1977],[33.4251,-2.2005],[33.4233,-2.1977]]],[[[33.4533,-2.2073],[33.4533,-2.2073],[33.4647,-2.2129],[33.4533,-2.2073]]],[[[33.5961,-2.0377],[33.5791,-2.0409],[33.5599,-2.0254],[33.5529,-2.0143],[33.5271,-2.0289],[33.5206,-2.014],[33.4857,-2.0258],[33.4135,-1.9719],[33.3823,-1.9808],[33.4058,-2.0414],[33.3787,-2.049],[33.3418,-2.0133],[33.3254,-2.0213],[33.3284,-2.0467],[33.3117,-2.0475],[33.2973,-1.9967],[33.2733,-1.9994],[33.2892,-2.0227],[33.2936,-2.0101],[33.3065,-2.0726],[33.2989,-2.076],[33.2721,-2.0445],[33.2412,-2.0564],[33.219,-2.0343],[33.2132,-2.0494],[33.2347,-2.0714],[33.2206,-2.0822],[33.2167,-2.0883],[33.2136,-2.0904],[33.2075,-2.1075],[33.2095,-2.1294],[33.2212,-2.1477],[33.2233,-2.129],[33.274,-2.0975],[33.2883,-2.1142],[33.3075,-2.1097],[33.3574,-2.1749],[33.4251,-2.1534],[33.5715,-2.1694],[33.6136,-2.1907],[33.6407,-2.149],[33.7124,-2.1169],[33.7439,-2.0788],[33.7798,-2.0686],[33.8033,-2.0803],[33.8005,-2.0835],[33.8156,-2.1118],[33.8222,-2.1166],[33.8274,-2.1197],[33.8318,-2.1564],[33.8331,-2.1895],[33.8367,-2.1953],[33.9898,-2.1844],[34.0182,-2.205],[34.0473,-2.2152],[34.0915,-2.2633],[34.128,-2.2705],[34.1644,-2.2571],[34.2131,-2.2994],[34.2162,-2.3013],[34.239,-2.1973],[34.2414,-2.0528],[34.2461,-2.0317],[34.3153,-1.9694],[34.3232,-1.9364],[34.2956,-1.9118],[34.3157,-1.8743],[34.2675,-1.8074],[34.2268,-1.7854],[34.1953,-1.7755],[34.1372,-1.8042],[34.0202,-1.8296],[34.0023,-1.905],[33.9333,-1.9548],[33.8837,-1.9261],[33.8622,-1.9154],[33.8114,-1.8847],[33.779,-1.867],[33.7722,-1.8961],[33.7561,-1.89],[33.7591,-1.952],[33.6779,-1.9762],[33.5961,-2.0377]]]]}},{"id":"feature_082","type":"Feature","properties":{"gid":"TZA.12.2_1","name":"Butiama","region":"Mara","addo_count":14},"geometry":{"type":"MultiPolygon","coordinates":[[[[33.8622,-1.9154],[33.8837,-1.9261],[33.9333,-1.9548],[34.0023,-1.905],[34.0202,-1.8296],[34.1372,-1.8042],[34.1953,-1.7755],[34.2268,-1.7854],[34.2472,-1.7887],[34.2457,-1.7649],[34.2467,-1.7033],[34.248,-1.6899],[34.257,-1.6614],[34.2505,-1.6022],[34.2681,-1.5371],[34.2905,-1.5064],[34.2919,-1.5011],[34.3071,-1.4772],[34.3059,-1.4693],[34.3032,-1.4677],[34.2959,-1.4697],[34.1825,-1.493],[34.1666,-1.4988],[34.1813,-1.5164],[34.1841,-1.5253],[34.1362,-1.5734],[34.0771,-1.5409],[34.0476,-1.5376],[34.0344,-1.5423],[33.9926,-1.5402],[33.9879,-1.5384],[33.9353,-1.5184],[33.9171,-1.5394],[33.8583,-1.5328],[33.8495,-1.5459],[33.8479,-1.5574],[33.7888,-1.5718],[33.7913,-1.5581],[33.7516,-1.5265],[33.7431,-1.4934],[33.7093,-1.4918],[33.687,-1.4697],[33.6478,-1.4806],[33.668,-1.5154],[33.6914,-1.5119],[33.6898,-1.5396],[33.6785,-1.5598],[33.628,-1.561],[33.6166,-1.567],[33.6265,-1.5793],[33.6291,-1.5655],[33.6463,-1.5718],[33.6627,-1.5958],[33.6768,-1.5961],[33.6913,-1.6014],[33.697,-1.6111],[33.6966,-1.6306],[33.6739,-1.6357],[33.6899,-1.6456],[33.71,-1.6468],[33.7126,-1.658],[33.7157,-1.6594],[33.7277,-1.6713],[33.754,-1.6806],[33.7534,-1.7008],[33.7424,-1.7161],[33.7679,-1.7538],[33.7724,-1.8189],[33.7542,-1.8325],[33.7429,-1.844],[33.7571,-1.8521],[33.7776,-1.8668],[33.8114,-1.8847],[33.8622,-1.9154]]],[[[33.6152,-1.508],[33.6152,-1.508],[33.6208,-1.5086],[33.6152,-1.508]]],[[[33.7175,-1.4184],[33.7175,-1.4184],[33.7163,-1.4115],[33.7175,-1.4184]]],[[[33.7107,-1.4038],[33.7089,-1.3914],[33.6944,-1.3985],[33.7107,-1.4038]]],[[[33.6984,-1.3912],[33.6984,-1.3912],[33.6936,-1.391],[33.6984,-1.3912]]]]}},{"id":"feature_083","type":"Feature","properties":{"gid":"TZA.12.3_1","name":"Lake Victoria","region":"Mara","addo_count":0},"geometry":{"type":"MultiPolygon","coordinates":[[[[34.0772,-1.0445],[34.0891,-1.0344],[34.0775,-1.0262],[34.0332,-1.0451],[34.0165,-1.004],[33.9312,-1.0042],[33.9309,-0.9932],[32.7159,-0.9974],[32.7033,-1.4841],[33.4659,-1.4732],[33.4582,-1.7692],[33.4216,-1.7598],[33.3558,-1.7755],[33.2911,-1.8486],[33.1888,-2.0313],[33.2023,-2.1837],[33.288,-2.3184],[33.43,-2.3132],[33.6957,-2.2043],[33.8316,-2.1951],[33.8331,-2.1895],[33.8318,-2.1564],[33.8274,-2.1197],[33.8222,-2.1166],[33.8156,-2.1118],[33.8005,-2.0835],[33.8033,-2.0803],[33.7798,-2.0686],[33.7439,-2.0788],[33.7124,-2.1169],[33.6407,-2.149],[33.6136,-2.1907],[33.5715,-2.1694],[33.4251,-2.1534],[33.3574,-2.1749],[33.3075,-2.1097],[33.2883,-2.1142],[33.274,-2.0975],[33.2233,-2.129],[33.2203,-2.1477],[33.2095,-2.1294],[33.2075,-2.1075],[33.2136,-2.0904],[33.2167,-2.0883],[33.2206,-2.0822],[33.2347,-2.0714],[33.2132,-2.0494],[33.219,-2.0343],[33.2412,-2.0564],[33.2721,-2.0445],[33.2989,-2.076],[33.3065,-2.0726],[33.2936,-2.0101],[33.2892,-2.0227],[33.2733,-1.9994],[33.2973,-1.9967],[33.3117,-2.0475],[33.3284,-2.0467],[33.3254,-2.0213],[33.3418,-2.0133],[33.3787,-2.049],[33.4058,-2.0414],[33.3823,-1.9808],[33.4135,-1.9719],[33.4857,-2.0258],[33.5206,-2.014],[33.5271,-2.0289],[33.5609,-2.0055],[33.5319,-1.9778],[33.5323,-1.9807],[33.5391,-1.9741],[33.5283,-1.9622],[33.5322,-1.9649],[33.5252,-1.9663],[33.4674,-1.9609],[33.4889,-1.921],[33.4406,-1.8825],[33.4305,-1.9018],[33.3531,-1.9239],[33.3266,-1.9509],[33.2885,-1.9357],[33.3189,-1.9026],[33.3318,-1.8349],[33.3743,-1.7992],[33.424,-1.8122],[33.448,-1.7917],[33.4442,-1.839],[33.4764,-1.8474],[33.558,-1.8063],[33.5747,-1.763],[33.5994,-1.764],[33.6274,-1.7821],[33.6495,-1.7864],[33.6586,-1.7655],[33.6028,-1.7388],[33.5946,-1.7298],[33.5387,-1.6839],[33.5519,-1.6775],[33.6025,-1.6853],[33.6343,-1.6691],[33.6475,-1.6755],[33.6876,-1.6834],[33.7044,-1.6822],[33.7126,-1.658],[33.71,-1.6468],[33.6899,-1.6456],[33.6739,-1.6357],[33.6966,-1.6306],[33.697,-1.6111],[33.6913,-1.6014],[33.6768,-1.5961],[33.6627,-1.5958],[33.6463,-1.5718],[33.6291,-1.5655],[33.6265,-1.5793],[33.6166,-1.567],[33.628,-1.561],[33.6785,-1.5598],[33.6898,-1.5396],[33.6914,-1.5119],[33.668,-1.5154],[33.6478,-1.4806],[33.687,-1.4697],[33.7093,-1.4918],[33.7322,-1.4983],[33.7389,-1.4835],[33.7455,-1.4858],[33.765,-1.4913],[33.7759,-1.502],[33.7805,-1.497],[33.8057,-1.4859],[33.8032,-1.4761],[33.8082,-1.4808],[33.8121,-1.4968],[33.8552,-1.534],[33.8583,-1.5328],[33.9171,-1.5394],[33.9353,-1.5184],[33.9411,-1.4974],[33.9088,-1.5005],[33.899,-1.5096],[33.888,-1.4767],[33.8726,-1.488],[33.8411,-1.4327],[33.8241,-1.4405],[33.8112,-1.4382],[33.79,-1.4415],[33.783,-1.4237],[33.7799,-1.4053],[33.8057,-1.3917],[33.8174,-1.4168],[33.8542,-1.407],[33.8244,-1.3969],[33.8219,-1.391],[33.8123,-1.3529],[33.7947,-1.3433],[33.8,-1.3284],[33.869,-1.3271],[33.8681,-1.3234],[33.9803,-1.3516],[33.9817,-1.3534],[33.9852,-1.3302],[33.9676,-1.323],[33.9677,-1.3225],[33.9376,-1.2893],[33.8973,-1.2931],[33.8613,-1.2538],[33.8795,-1.2193],[33.9563,-1.1903],[33.9655,-1.184],[34.0089,-1.1416],[34.0078,-1.1308],[33.9706,-1.1256],[33.9719,-1.1075],[33.996,-1.1123],[34.008,-1.0927],[34.0255,-1.1125],[34.032,-1.0892],[34.0507,-1.0893],[34.0592,-1.0804],[34.0657,-1.0671],[34.0741,-1.067],[34.08,-1.0477],[34.0772,-1.0445]],[[33.4481,-2.2104],[33.4497,-2.2161],[33.4421,-2.2155],[33.442,-2.2114],[33.4481,-2.2104]],[[33.4647,-2.2129],[33.4533,-2.2073],[33.4647,-2.2129],[33.4647,-2.2129]],[[33.4251,-2.2005],[33.4233,-2.1977],[33.4251,-2.2005],[33.4251,-2.2005]],[[33.3343,-2.2889],[33.3382,-2.286],[33.3343,-2.2889],[33.3343,-2.2889]],[[33.2922,-2.1914],[33.2935,-2.181],[33.3084,-2.1828],[33.3008,-2.2163],[33.2697,-2.2195],[33.2709,-2.1991],[33.2922,-2.1914]],[[33.6208,-1.5086],[33.6152,-1.508],[33.6208,-1.5086],[33.6208,-1.5086]],[[33.7163,-1.4115],[33.7175,-1.4184],[33.7163,-1.4115],[33.7163,-1.4115]],[[33.7089,-1.3914],[33.7107,-1.4038],[33.6944,-1.3985],[33.7089,-1.3914]],[[33.6936,-1.391],[33.6984,-1.3912],[33.6936,-1.391],[33.6936,-1.391]],[[33.7632,-1.3847],[33.7781,-1.3863],[33.7632,-1.3847],[33.7632,-1.3847]],[[33.768,-1.4106],[33.7726,-1.3996],[33.768,-1.4106],[33.768,-1.4106]],[[33.8497,-1.4737],[33.8475,-1.4742],[33.8484,-1.469],[33.8521,-1.4716],[33.8497,-1.4737]],[[33.5447,-1.6134],[33.5453,-1.6118],[33.5447,-1.6134],[33.5447,-1.6134]],[[33.5516,-1.6158],[33.5496,-1.6163],[33.5516,-1.6158],[33.5516,-1.6158]],[[33.5677,-1.6226],[33.5701,-1.6229],[33.5701,-1.6246],[33.5682,-1.6256],[33.5677,-1.6226]]]]}},{"id":"feature_084","type":"Feature","properties":{"gid":"TZA.12.4_1","name":"Musoma Rural","region":"Mara","addo_count":0},"geometry":{"type":"MultiPolygon","coordinates":[[[[33.5961,-2.0377],[33.6779,-1.9762],[33.7591,-1.952],[33.7561,-1.89],[33.7722,-1.8961],[33.7776,-1.8668],[33.7571,-1.8521],[33.7422,-1.8417],[33.7542,-1.8325],[33.7724,-1.8189],[33.7679,-1.7538],[33.7424,-1.7161],[33.7534,-1.7008],[33.754,-1.6806],[33.7277,-1.6713],[33.7157,-1.6594],[33.7126,-1.658],[33.7044,-1.6822],[33.6876,-1.6834],[33.6475,-1.6755],[33.6343,-1.6691],[33.6025,-1.6853],[33.5519,-1.6775],[33.5387,-1.6839],[33.5946,-1.7298],[33.6028,-1.7388],[33.6586,-1.7655],[33.6495,-1.7864],[33.6274,-1.7821],[33.5994,-1.764],[33.5747,-1.763],[33.558,-1.8063],[33.4764,-1.8474],[33.4442,-1.839],[33.448,-1.7917],[33.424,-1.8122],[33.3743,-1.7992],[33.3318,-1.8349],[33.3189,-1.9026],[33.2885,-1.9357],[33.3266,-1.9509],[33.3531,-1.9239],[33.4305,-1.9018],[33.4406,-1.8825],[33.4889,-1.921],[33.4674,-1.9609],[33.5252,-1.9663],[33.5322,-1.9649],[33.5283,-1.9622],[33.5391,-1.9741],[33.5323,-1.9807],[33.5319,-1.9778],[33.5609,-2.0055],[33.5599,-2.0254],[33.5791,-2.0409],[33.5961,-2.0377]]],[[[33.5684,-1.6225],[33.5667,-1.6235],[33.5684,-1.6257],[33.5702,-1.6238],[33.5684,-1.6225]]],[[[33.5496,-1.6163],[33.5496,-1.6163],[33.5516,-1.6158],[33.5496,-1.6163]]],[[[33.5453,-1.6118],[33.5453,-1.6118],[33.5447,-1.6134],[33.5453,-1.6118]]]]}},{"id":"feature_085","type":"Feature","properties":{"gid":"TZA.12.5_1","name":"Musoma Urban","region":"Mara","addo_count":0},"geometry":{"type":"MultiPolygon","coordinates":[[[[33.7913,-1.5581],[33.7883,-1.5714],[33.8479,-1.5574],[33.8495,-1.5459],[33.8552,-1.534],[33.8121,-1.4968],[33.8057,-1.4859],[33.7805,-1.497],[33.7759,-1.502],[33.765,-1.4913],[33.7455,-1.4858],[33.7389,-1.4835],[33.7431,-1.4934],[33.7516,-1.5265],[33.7913,-1.5581]]]]}},{"id":"feature_086","type":"Feature","properties":{"gid":"TZA.12.6_1","name":"Rorya","region":"Mara","addo_count":39},"geometry":{"type":"MultiPolygon","coordinates":[[[[33.9926,-1.5402],[34.0344,-1.5423],[34.0476,-1.5376],[34.0771,-1.5409],[34.1362,-1.5734],[34.1841,-1.5253],[34.1813,-1.5164],[34.1666,-1.4988],[34.1685,-1.4888],[34.165,-1.4714],[34.1764,-1.4296],[34.2067,-1.3935],[34.2902,-1.3844],[34.315,-1.3661],[34.3015,-1.332],[34.2875,-1.3257],[34.2668,-1.3425],[34.2418,-1.3226],[34.2663,-1.3174],[34.2448,-1.2628],[34.2585,-1.244],[34.241,-1.2268],[34.2933,-1.2382],[34.2996,-1.1925],[34.3421,-1.2136],[34.3769,-1.193],[34.1719,-1.0734],[34.0889,-1.0325],[34.0772,-1.0445],[34.08,-1.0477],[34.0741,-1.067],[34.0657,-1.0671],[34.0592,-1.0804],[34.0507,-1.0893],[34.0317,-1.0892],[34.0255,-1.1125],[34.008,-1.0927],[33.996,-1.1123],[33.9719,-1.1075],[33.9706,-1.1256],[34.0078,-1.1308],[34.0089,-1.1416],[33.9655,-1.184],[33.9563,-1.1903],[33.8795,-1.2193],[33.8613,-1.2538],[33.8973,-1.2931],[33.9376,-1.2893],[33.9677,-1.3225],[33.9676,-1.323],[33.9852,-1.3302],[33.9817,-1.3534],[33.9803,-1.3516],[33.8681,-1.3234],[33.869,-1.3271],[33.8,-1.3284],[33.7947,-1.3433],[33.8123,-1.3529],[33.8219,-1.391],[33.8244,-1.3969],[33.8542,-1.407],[33.8174,-1.4168],[33.8057,-1.3917],[33.7799,-1.4053],[33.783,-1.4237],[33.7885,-1.4408],[33.8112,-1.4382],[33.8241,-1.4405],[33.8411,-1.4327],[33.8726,-1.488],[33.888,-1.4767],[33.899,-1.5096],[33.9088,-1.5005],[33.9411,-1.4974],[33.9339,-1.5147],[33.9879,-1.5384],[33.9926,-1.5402]]],[[[33.848,-1.4747],[33.8521,-1.4716],[33.8488,-1.4689],[33.8467,-1.4713],[33.848,-1.4747]]],[[[33.7726,-1.3996],[33.7726,-1.3996],[33.768,-1.4106],[33.7726,-1.3996]]],[[[33.7781,-1.3863],[33.7781,-1.3863],[33.7632,-1.3847],[33.7781,-1.3863]]]]}},{"id":"feature_087","type":"Feature","properties":{"gid":"TZA.12.7_1","name":"Serengeti","region":"Mara","addo_count":44},"geometry":{"type":"MultiPolygon","coordinates":[[[[35.161,-2.394],[35.2667,-2.3579],[35.2666,-2.3025],[35.2113,-2.069],[35.2567,-1.6937],[34.7816,-1.4249],[34.7095,-1.4606],[34.6993,-1.5416],[34.6767,-1.5632],[34.6496,-1.5732],[34.6444,-1.5806],[34.5887,-1.6084],[34.5754,-1.5744],[34.5403,-1.5865],[34.5365,-1.5745],[34.5423,-1.5648],[34.5484,-1.5568],[34.5573,-1.5085],[34.5527,-1.5112],[34.4414,-1.4902],[34.3662,-1.5122],[34.3508,-1.5005],[34.3471,-1.5172],[34.326,-1.4827],[34.3186,-1.4693],[34.3068,-1.4672],[34.3071,-1.4772],[34.2919,-1.5011],[34.2905,-1.5064],[34.2681,-1.5371],[34.2505,-1.6022],[34.257,-1.6614],[34.248,-1.6899],[34.2467,-1.7033],[34.2457,-1.7649],[34.2675,-1.8074],[34.3157,-1.8743],[34.2956,-1.9118],[34.3232,-1.9364],[34.3153,-1.9694],[34.2461,-2.0317],[34.2414,-2.0528],[34.239,-2.1973],[34.2162,-2.3013],[34.2201,-2.3018],[34.287,-2.3078],[34.2988,-2.3146],[34.326,-2.3678],[34.4,-2.4005],[34.4889,-2.4919],[34.7436,-2.4806],[35.2189,-2.5008],[35.2072,-2.4876],[35.161,-2.394]]]]}},{"id":"feature_088","type":"Feature","properties":{"gid":"TZA.12.8_1","name":"Tarime","region":"Mara","addo_count":19},"geometry":{"type":"MultiPolygon","coordinates":[[[[34.5365,-1.5745],[34.5403,-1.5865],[34.5754,-1.5744],[34.5887,-1.6084],[34.6444,-1.5806],[34.6496,-1.5732],[34.6767,-1.5632],[34.6993,-1.5416],[34.7095,-1.4606],[34.7816,-1.4249],[34.3769,-1.193],[34.3421,-1.2136],[34.2996,-1.1925],[34.2933,-1.2382],[34.241,-1.2268],[34.2585,-1.244],[34.2448,-1.2628],[34.2663,-1.3174],[34.2418,-1.3226],[34.2668,-1.3425],[34.2875,-1.3257],[34.3015,-1.332],[34.315,-1.3661],[34.2902,-1.3844],[34.2067,-1.3935],[34.1764,-1.4296],[34.165,-1.4714],[34.1685,-1.4888],[34.1825,-1.493],[34.2959,-1.4697],[34.3032,-1.4677],[34.3059,-1.4693],[34.3068,-1.4672],[34.3186,-1.4693],[34.326,-1.4827],[34.3471,-1.5172],[34.3508,-1.5005],[34.3662,-1.5122],[34.4414,-1.4902],[34.5527,-1.5112],[34.5573,-1.5085],[34.5484,-1.5568],[34.5423,-1.5648],[34.5365,-1.5745]]]]}},{"id":"feature_089","type":"Feature","properties":{"gid":"TZA.13.1_1","name":"Chunya","region":"Mbeya","addo_count":42},"geometry":{"type":"MultiPolygon","coordinates":[[[[33.2534,-8.7399],[33.3813,-8.7394],[33.3593,-8.7298],[33.3474,-8.6779],[33.4374,-8.638],[33.5061,-8.6967],[33.6227,-8.6835],[33.6352,-8.6605],[33.6689,-8.6176],[33.6629,-8.5671],[33.6796,-8.481],[33.7102,-8.4354],[33.712,-8.3765],[33.6703,-8.3198],[33.6131,-8.2864],[33.615,-8.1894],[33.6432,-8.1435],[33.6585,-8.072],[33.8163,-7.946],[33.8211,-7.8783],[33.828,-7.8236],[33.8584,-7.798],[34.2246,-7.7702],[34.2493,-7.7536],[34.2719,-7.6207],[34.2706,-7.6195],[34.2684,-7.592],[34.2,-7.4965],[34.1946,-7.3728],[34.0311,-7.4112],[34.0103,-7.425],[34.0162,-7.476],[33.9837,-7.5305],[33.8019,-7.5261],[33.8187,-7.456],[33.7878,-7.3238],[33.7959,-7.2494],[33.8024,-7.1828],[33.8081,-7.1469],[33.7912,-7.1188],[33.6961,-7.0834],[33.6761,-7.0453],[33.5747,-6.995],[33.5491,-6.9571],[33.515,-6.9593],[33.4633,-6.9473],[33.3685,-6.9608],[33.3155,-6.9442],[33.2048,-6.9549],[33.1202,-6.9134],[33.0766,-6.8709],[32.9961,-6.8672],[32.9825,-6.8688],[32.8995,-6.9208],[32.8973,-7.1504],[32.8958,-7.4513],[32.9194,-7.5498],[32.9852,-7.5303],[33.0399,-7.5376],[33.0404,-7.7573],[32.9927,-7.7563],[32.9329,-7.8739],[33.0458,-7.8733],[33.0873,-7.8711],[33.0774,-7.8891],[33.0205,-7.9863],[33.0299,-8.028],[32.9714,-8.1781],[32.982,-8.2403],[32.9704,-8.2767],[32.976,-8.2939],[32.9964,-8.2937],[33.0344,-8.2562],[33.1207,-8.2593],[33.1533,-8.2732],[33.1638,-8.3118],[33.1046,-8.3763],[33.0632,-8.388],[33.0531,-8.4405],[33.048,-8.4581],[33.0931,-8.4915],[33.1263,-8.4957],[33.1313,-8.5794],[33.2003,-8.6521],[33.2139,-8.695],[33.2256,-8.7019],[33.2316,-8.7091],[33.2273,-8.7263],[33.2534,-8.7399]]]]}},{"id":"feature_090","type":"Feature","properties":{"gid":"TZA.13.3_1","name":"Kyela","region":"Mbeya","addo_count":54},"geometry":{"type":"MultiPolygon","coordinates":[[[[33.6726,-9.5872],[33.6713,-9.6088],[33.7018,-9.6184],[33.7187,-9.582],[33.7761,-9.5877],[33.8778,-9.68],[33.912,-9.6923],[33.9038,-9.708],[33.9389,-9.7117],[33.9671,-9.627],[33.9453,-9.5722],[33.9648,-9.5284],[34.0363,-9.4919],[34.0778,-9.5287],[34.0905,-9.5094],[34.0682,-9.4985],[33.9954,-9.402],[33.9814,-9.3806],[33.9798,-9.3703],[33.9631,-9.38],[33.8958,-9.4387],[33.861,-9.4178],[33.8587,-9.4537],[33.8205,-9.4499],[33.7883,-9.4678],[33.7667,-9.4958],[33.7474,-9.4872],[33.7272,-9.4898],[33.7141,-9.4821],[33.7032,-9.4627],[33.6711,-9.4731],[33.6909,-9.5393],[33.6689,-9.5496],[33.6726,-9.5872]]]]}},{"id":"feature_091","type":"Feature","properties":{"gid":"TZA.13.5_1","name":"Mbarali","region":"Mbeya","addo_count":76},"geometry":{"type":"MultiPolygon","coordinates":[[[[34.0561,-8.8793],[34.0566,-8.8444],[34.0953,-8.8404],[34.159,-8.8605],[34.2008,-8.9397],[34.2373,-8.938],[34.2862,-8.9215],[34.2911,-8.8707],[34.2963,-8.8255],[34.3923,-8.8307],[34.5121,-8.8121],[34.5464,-8.7893],[34.5906,-8.6927],[34.6749,-8.6669],[34.7,-8.6662],[34.7186,-8.6374],[34.7167,-8.6089],[34.7219,-8.5354],[34.7193,-8.5021],[34.684,-8.4519],[34.6982,-8.4215],[34.7273,-8.3935],[34.9541,-8.1173],[34.9689,-8.1017],[34.9558,-8.0985],[34.8514,-7.9026],[34.7523,-7.8274],[34.6818,-7.7417],[34.5099,-7.7135],[34.3655,-7.7357],[34.3371,-7.7109],[34.2719,-7.6207],[34.2493,-7.7536],[34.2246,-7.7702],[33.8584,-7.798],[33.828,-7.8236],[33.8211,-7.8783],[33.8163,-7.946],[33.6585,-8.072],[33.6432,-8.1435],[33.615,-8.1894],[33.6131,-8.2864],[33.6703,-8.3198],[33.712,-8.3765],[33.7102,-8.4354],[33.6796,-8.481],[33.6629,-8.5671],[33.6689,-8.6176],[33.6352,-8.6605],[33.598,-8.6986],[33.5761,-8.7262],[33.5509,-8.8233],[33.556,-8.8368],[33.5907,-8.8342],[33.6308,-8.8321],[33.6485,-8.7957],[33.6762,-8.7796],[33.7917,-8.8234],[33.8141,-8.8751],[33.8189,-8.9105],[33.8461,-8.8459],[33.9007,-8.8415],[33.9017,-8.8766],[33.9928,-8.8688],[33.9938,-8.8882],[34.0393,-8.9007],[34.0561,-8.8793]]]]}},{"id":"feature_092","type":"Feature","properties":{"gid":"TZA.13.6_1","name":"Mbeya Rural","region":"Mbeya","addo_count":0},"geometry":{"type":"MultiPolygon","coordinates":[[[[33.4349,-9.0796],[33.4382,-9.0677],[33.441,-9.068],[33.4498,-9.058],[33.4561,-8.9991],[33.5112,-8.9805],[33.5261,-8.9947],[33.643,-9.0009],[33.6724,-9.0405],[33.7392,-9.0208],[33.7805,-9.0301],[33.829,-9.0316],[33.826,-8.9623],[33.8141,-8.8751],[33.7917,-8.8234],[33.6762,-8.7796],[33.6485,-8.7957],[33.6308,-8.8321],[33.5907,-8.8342],[33.5893,-8.839],[33.5695,-8.8783],[33.571,-8.8916],[33.5855,-8.9317],[33.5652,-8.9293],[33.5773,-8.9642],[33.5669,-8.9809],[33.5452,-8.9272],[33.5252,-8.9309],[33.5301,-8.9722],[33.4948,-8.9641],[33.5004,-8.9535],[33.4798,-8.9373],[33.4377,-8.942],[33.3966,-8.9543],[33.3827,-8.9423],[33.3615,-8.9225],[33.3849,-8.8863],[33.3773,-8.8712],[33.3772,-8.8492],[33.4185,-8.8591],[33.4729,-8.8328],[33.538,-8.8715],[33.5598,-8.847],[33.5509,-8.8233],[33.5761,-8.7262],[33.598,-8.6986],[33.6227,-8.6835],[33.5061,-8.6967],[33.4374,-8.638],[33.3474,-8.6779],[33.3593,-8.7298],[33.3813,-8.7394],[33.2534,-8.7399],[33.2128,-8.7196],[33.1679,-8.706],[33.1429,-8.6903],[33.101,-8.6201],[33.0852,-8.6114],[33.0706,-8.612],[33.0108,-8.7115],[33.0328,-8.7417],[33.1418,-8.8169],[33.1709,-8.8222],[33.1853,-8.8728],[33.2291,-8.8987],[33.2102,-8.9115],[33.2275,-8.9552],[33.2141,-9.0419],[33.2355,-9.0899],[33.2117,-9.1331],[33.267,-9.1566],[33.2542,-9.1908],[33.1982,-9.1933],[33.1638,-9.2227],[33.148,-9.2466],[33.1315,-9.2426],[33.1183,-9.2711],[33.1299,-9.288],[33.1509,-9.2994],[33.2102,-9.2997],[33.2542,-9.2512],[33.3039,-9.2379],[33.3229,-9.2406],[33.3455,-9.2898],[33.3705,-9.2861],[33.3853,-9.3268],[33.4197,-9.3358],[33.4377,-9.2761],[33.4356,-9.1661],[33.441,-9.1539],[33.4535,-9.122],[33.434,-9.1047],[33.4349,-9.0796]]]]}},{"id":"feature_093","type":"Feature","properties":{"gid":"TZA.13.7_1","name":"Mbeya Urban","region":"Mbeya","addo_count":0},"geometry":{"type":"MultiPolygon","coordinates":[[[[33.3827,-8.9423],[33.3966,-8.9543],[33.4377,-8.942],[33.4798,-8.9373],[33.5004,-8.9535],[33.4948,-8.9641],[33.5301,-8.9722],[33.5252,-8.9309],[33.5452,-8.9272],[33.5669,-8.9809],[33.5773,-8.9642],[33.5652,-8.9293],[33.5855,-8.9317],[33.571,-8.8916],[33.5695,-8.8783],[33.5893,-8.839],[33.556,-8.8368],[33.5598,-8.847],[33.538,-8.8715],[33.4729,-8.8328],[33.4185,-8.8591],[33.3752,-8.85],[33.3773,-8.8712],[33.3849,-8.8863],[33.3615,-8.9225],[33.3827,-8.9423]]]]}},{"id":"feature_094","type":"Feature","properties":{"gid":"TZA.13.10_1","name":"Rungwe","region":"Mbeya","addo_count":31},"geometry":{"type":"MultiPolygon","coordinates":[[[[33.7474,-9.4872],[33.7667,-9.4958],[33.7883,-9.4678],[33.8205,-9.4499],[33.8587,-9.4537],[33.861,-9.4178],[33.8958,-9.4387],[33.9631,-9.38],[33.9848,-9.3613],[33.9827,-9.33],[33.949,-9.2892],[33.9221,-9.2523],[33.8716,-9.2363],[33.8385,-9.1967],[33.8601,-9.1596],[33.8484,-9.1039],[33.8118,-9.066],[33.824,-9.0498],[33.7805,-9.0301],[33.7392,-9.0208],[33.6724,-9.0405],[33.643,-9.0009],[33.5261,-8.9947],[33.5112,-8.9805],[33.4561,-8.9991],[33.4498,-9.058],[33.441,-9.068],[33.4382,-9.0677],[33.4349,-9.0796],[33.434,-9.1047],[33.4535,-9.122],[33.441,-9.1539],[33.449,-9.1629],[33.467,-9.2134],[33.4552,-9.2449],[33.4793,-9.3034],[33.5878,-9.3734],[33.6253,-9.4516],[33.6693,-9.4585],[33.6717,-9.469],[33.7032,-9.4627],[33.7141,-9.4821],[33.7272,-9.4898],[33.7474,-9.4872]]]]}},{"id":"feature_095","type":"Feature","properties":{"gid":"TZA.30.3_1","name":"Magharibi A","region":"Mjini Magharibi","addo_count":0},"geometry":{"type":"MultiPolygon","coordinates":[[[[39.2375,-6.1728],[39.2527,-6.1754],[39.2592,-6.1743],[39.2769,-6.1625],[39.2723,-6.1582],[39.272,-6.1455],[39.2734,-6.1373],[39.2735,-6.1291],[39.2759,-6.0886],[39.2873,-6.0529],[39.272,-6.0295],[39.204,-6.0377],[39.2154,-6.143],[39.2216,-6.1439],[39.2255,-6.1731],[39.2375,-6.1728]]],[[[39.1251,-6.1882],[39.1246,-6.1899],[39.1274,-6.1896],[39.1274,-6.1887],[39.1251,-6.1882]]],[[[39.1351,-6.1468],[39.1276,-6.151],[39.1251,-6.159],[39.136,-6.1526],[39.1351,-6.1468]]],[[[39.1907,-6.1243],[39.1871,-6.1257],[39.196,-6.1296],[39.1935,-6.1262],[39.1907,-6.1243]]],[[[39.1651,-6.1174],[39.1635,-6.1199],[39.169,-6.1215],[39.169,-6.1193],[39.1651,-6.1174]]]]}},{"id":"feature_096","type":"Feature","properties":{"gid":"TZA.30.4_1","name":"Magharibi B","region":"Mjini Magharibi","addo_count":0},"geometry":{"type":"MultiPolygon","coordinates":[[[[39.3365,-6.4179],[39.3321,-6.4237],[39.3421,-6.4382],[39.3413,-6.4224],[39.3365,-6.4179]]],[[[39.3268,-6.4113],[39.3249,-6.4107],[39.3274,-6.4132],[39.3268,-6.4113]]],[[[39.2885,-6.3732],[39.2818,-6.376],[39.2957,-6.3868],[39.2899,-6.3785],[39.2885,-6.3732]]],[[[39.2893,-6.3649],[39.2876,-6.3629],[39.286,-6.3668],[39.2882,-6.3679],[39.2893,-6.3649]]],[[[39.3513,-6.3529],[39.3493,-6.3571],[39.3563,-6.3626],[39.3565,-6.3563],[39.3513,-6.3529]]],[[[39.3088,-6.3529],[39.3071,-6.3546],[39.3101,-6.356],[39.3101,-6.3532],[39.3088,-6.3529]]],[[[39.3054,-6.3518],[39.3043,-6.3501],[39.3065,-6.3543],[39.3063,-6.3526],[39.3054,-6.3518]]],[[[39.3332,-6.3399],[39.3326,-6.3454],[39.3387,-6.3476],[39.3382,-6.3435],[39.3332,-6.3399]]],[[[39.2255,-6.1731],[39.1982,-6.2232],[39.2824,-6.321],[39.3001,-6.319],[39.2807,-6.2582],[39.3088,-6.2757],[39.2982,-6.2501],[39.3104,-6.231],[39.3077,-6.2251],[39.2859,-6.195],[39.2754,-6.1829],[39.2592,-6.1743],[39.2527,-6.1754],[39.2375,-6.1728],[39.2255,-6.1731]]],[[[39.3179,-6.3126],[39.3168,-6.3113],[39.3182,-6.3146],[39.3185,-6.3135],[39.3179,-6.3126]]],[[[39.2263,-6.2937],[39.2268,-6.2993],[39.2296,-6.3004],[39.2296,-6.2987],[39.2263,-6.2937]]],[[[39.2207,-6.2854],[39.2204,-6.2843],[39.2196,-6.2837],[39.2196,-6.2857],[39.2207,-6.2854]]],[[[39.1779,-6.2763],[39.1751,-6.2796],[39.179,-6.2829],[39.1793,-6.281],[39.1779,-6.2763]]]]}},{"id":"feature_097","type":"Feature","properties":{"gid":"TZA.30.2_1","name":"Mjini","region":"Mjini Magharibi","addo_count":0},"geometry":{"type":"MultiPolygon","coordinates":[[[[39.2154,-6.143],[39.186,-6.1626],[39.2169,-6.1977],[39.2216,-6.1439],[39.2154,-6.143]]]]}},{"id":"feature_098","type":"Feature","properties":{"gid":"TZA.14.1_1","name":"Gairo","region":"Morogoro","addo_count":26},"geometry":{"type":"MultiPolygon","coordinates":[[[[36.7646,-6.4185],[36.7503,-6.4345],[36.7261,-6.4607],[36.7225,-6.494],[36.7455,-6.5004],[36.7505,-6.5373],[36.749,-6.5565],[36.7739,-6.5601],[36.7865,-6.5811],[36.8686,-6.5816],[36.8844,-6.5987],[36.9618,-6.5072],[37.031,-6.5084],[37.0393,-6.444],[37.0204,-6.423],[37.042,-6.4054],[36.9919,-6.3805],[36.9908,-6.3112],[37.0097,-6.283],[36.9353,-6.2938],[36.9081,-6.2063],[36.9219,-6.1834],[36.9556,-6.1806],[36.9522,-6.1469],[36.9813,-6.0976],[37.0814,-6.082],[37.1001,-6.0444],[37.1815,-6.1222],[37.2623,-6.1499],[37.2654,-6.1559],[37.3034,-6.2062],[37.3102,-6.2123],[37.3526,-6.1495],[37.3705,-6.1161],[37.3677,-6.0661],[37.3843,-6.0535],[37.3882,-5.9959],[37.362,-5.9815],[37.3462,-5.9767],[37.3283,-5.9837],[37.3173,-5.9816],[37.3033,-5.9813],[37.2827,-5.9941],[37.1762,-6.0027],[37.147,-5.9919],[37.0718,-5.8643],[37.0227,-5.9005],[37.0121,-5.9078],[36.9961,-5.9159],[36.9648,-5.9274],[36.9416,-5.9757],[36.8689,-6.0099],[36.817,-6.0566],[36.8502,-6.3588],[36.7646,-6.4185]]]]}},{"id":"feature_099","type":"Feature","properties":{"gid":"TZA.14.2_1","name":"Kilombero","region":"Morogoro","addo_count":91},"geometry":{"type":"MultiPolygon","coordinates":[[[[35.6266,-8.7448],[35.6209,-8.7348],[35.6024,-8.7027],[35.5773,-8.6899],[35.4755,-8.6589],[35.4165,-8.6645],[35.3554,-8.6892],[35.3505,-8.7164],[35.3318,-8.7226],[35.3318,-8.7268],[35.3279,-8.7419],[35.3559,-8.7791],[35.358,-8.8244],[35.3241,-8.871],[35.3498,-8.8798],[35.3493,-8.8908],[35.3641,-8.9399],[35.3889,-8.9467],[35.4153,-8.9656],[35.3846,-9.0126],[35.4652,-9.039],[35.524,-9.0687],[35.5008,-9.1786],[35.5011,-9.4913],[35.5239,-9.4742],[35.5462,-9.4655],[35.6322,-9.2745],[35.6828,-9.2541],[35.7013,-9.2865],[35.7564,-9.2959],[35.7746,-9.3221],[35.8629,-9.2584],[35.8648,-9.2496],[35.9066,-9.1993],[35.916,-9.1962],[35.9115,-9.1543],[35.9077,-9.1333],[35.8761,-9.0177],[35.9114,-8.9757],[35.9116,-8.9399],[35.9562,-8.8268],[35.9584,-8.8163],[36.0015,-8.7131],[36.0047,-8.6993],[36.0085,-8.6908],[36.0313,-8.6671],[36.075,-8.6168],[36.1623,-8.5576],[36.216,-8.4573],[36.2641,-8.4651],[36.328,-8.4164],[36.3404,-8.4027],[36.3562,-8.3949],[36.3535,-8.3889],[36.3579,-8.363],[36.3584,-8.3577],[36.3781,-8.3388],[36.3856,-8.3377],[36.4851,-8.2864],[36.4791,-8.2716],[36.498,-8.2604],[36.5343,-8.2784],[36.5452,-8.2487],[36.557,-8.2538],[36.5543,-8.2346],[36.6018,-8.221],[36.6078,-8.2063],[36.654,-8.2159],[36.674,-8.1947],[36.6805,-8.1782],[36.6893,-8.1891],[36.8146,-8.1747],[36.8315,-8.1727],[36.8363,-8.1742],[36.8725,-8.1704],[36.903,-8.1866],[36.9066,-8.1975],[36.9012,-8.2114],[36.8987,-8.2462],[36.9602,-8.2827],[36.9623,-8.3002],[37.0617,-8.3112],[37.0718,-8.4228],[37.0952,-8.4439],[37.1111,-8.4182],[37.1532,-8.4289],[37.1548,-8.5694],[37.207,-8.5969],[37.2263,-8.591],[37.2556,-8.5756],[37.2703,-8.5372],[37.4384,-8.5304],[37.4418,-8.5166],[37.501,-8.4801],[37.5579,-8.3982],[37.6337,-8.2182],[37.6611,-8.0969],[37.7205,-7.9806],[37.8019,-7.9345],[37.7998,-7.9311],[37.798,-7.9223],[37.7978,-7.9168],[37.7615,-7.9046],[37.74,-7.876],[37.6404,-7.9025],[37.6178,-7.8755],[37.5739,-7.8885],[37.53,-7.8764],[37.508,-7.85],[37.4798,-7.8639],[37.4623,-7.8477],[37.4341,-7.8495],[37.4014,-7.8861],[37.3377,-7.8551],[37.3066,-7.8734],[37.2852,-7.8588],[37.2527,-7.8576],[37.1484,-7.8652],[37.1457,-7.8638],[37.1301,-7.8747],[37.1182,-7.8334],[37.123,-7.7869],[37.1115,-7.7806],[37.0986,-7.7454],[37.0522,-7.7274],[37.0492,-7.7229],[37.0568,-7.7125],[37.0187,-7.679],[36.9437,-7.6416],[36.8968,-7.6391],[36.8533,-7.6371],[36.8456,-7.649],[36.8349,-7.7781],[36.7023,-7.981],[36.7123,-8.0258],[36.4648,-8.0286],[36.4642,-7.9817],[36.3022,-8.0856],[36.1901,-8.1805],[36.1072,-8.2897],[36.0072,-8.3738],[35.9633,-8.419],[35.8893,-8.4608],[35.8726,-8.541],[35.8502,-8.5676],[35.69,-8.6655],[35.7128,-8.6737],[35.6935,-8.6881],[35.7001,-8.7637],[35.6652,-8.7424],[35.646,-8.7708],[35.6407,-8.7671],[35.6266,-8.7448]]]]}},{"id":"feature_100","type":"Feature","properties":{"gid":"TZA.14.3_1","name":"Kilosa","region":"Morogoro","addo_count":79},"geometry":{"type":"MultiPolygon","coordinates":[[[[36.7877,-7.6447],[36.8968,-7.6391],[36.9437,-7.6416],[37.0187,-7.679],[37.0568,-7.7125],[37.0492,-7.7229],[37.0522,-7.7274],[37.0986,-7.7454],[37.1115,-7.7806],[37.123,-7.7869],[37.1182,-7.8334],[37.1301,-7.8747],[37.1457,-7.8638],[37.1381,-7.8598],[37.3333,-7.5138],[37.3082,-7.5005],[37.3021,-7.428],[37.3198,-7.4113],[37.2938,-7.383],[37.2932,-7.3782],[37.2951,-7.2571],[37.271,-7.2219],[37.2586,-7.2165],[37.224,-7.2087],[37.2306,-7.1302],[37.1968,-7.1038],[37.1975,-7.0825],[37.198,-6.956],[37.3099,-6.8655],[37.3115,-6.8192],[37.3506,-6.7983],[37.3749,-6.7459],[37.4051,-6.7208],[37.4632,-6.582],[37.4461,-6.5263],[37.4986,-6.4842],[37.399,-6.3418],[37.3468,-6.3191],[37.3043,-6.2262],[37.3034,-6.2062],[37.2654,-6.1559],[37.2623,-6.1499],[37.1815,-6.1222],[37.1001,-6.0444],[37.0814,-6.082],[36.9813,-6.0976],[36.9522,-6.1469],[36.9556,-6.1806],[36.9219,-6.1834],[36.9081,-6.2063],[36.9353,-6.2938],[37.0097,-6.283],[36.9908,-6.3112],[36.9919,-6.3805],[37.042,-6.4054],[37.0204,-6.423],[37.0393,-6.444],[37.031,-6.5084],[36.9618,-6.5072],[36.8844,-6.5987],[36.8686,-6.5816],[36.7865,-6.5811],[36.7739,-6.5601],[36.749,-6.5565],[36.7495,-6.5592],[36.7286,-6.5728],[36.6641,-6.7073],[36.6317,-6.7399],[36.6456,-6.7691],[36.6461,-7.0232],[36.617,-7.0371],[36.5664,-7.0547],[36.5483,-7.0925],[36.5357,-7.1305],[36.5153,-7.1585],[36.5106,-7.171],[36.5132,-7.1718],[36.5126,-7.1786],[36.5079,-7.2301],[36.5109,-7.2395],[36.5347,-7.3279],[36.5311,-7.3382],[36.4822,-7.3794],[36.482,-7.3937],[36.5237,-7.5199],[36.6442,-7.5299],[36.6934,-7.5793],[36.7863,-7.594],[36.7877,-7.6447]]]]}},{"id":"feature_101","type":"Feature","properties":{"gid":"TZA.14.4_1","name":"Morogoro Rural","region":"Morogoro","addo_count":0},"geometry":{"type":"MultiPolygon","coordinates":[[[[37.2852,-7.8588],[37.3066,-7.8734],[37.3377,-7.8551],[37.4014,-7.8861],[37.4341,-7.8495],[37.4623,-7.8477],[37.4798,-7.8639],[37.508,-7.85],[37.53,-7.8764],[37.5739,-7.8885],[37.6178,-7.8755],[37.6404,-7.9025],[37.74,-7.876],[37.7615,-7.9046],[37.7978,-7.9168],[37.7979,-7.9133],[37.8047,-7.8942],[37.8377,-7.8762],[37.8437,-7.8622],[37.8341,-7.8403],[37.8227,-7.7949],[37.8187,-7.7847],[37.8208,-7.762],[37.8236,-7.6981],[37.8842,-7.6273],[37.8993,-7.6016],[37.9728,-7.5405],[37.9863,-7.5287],[38.0069,-7.5426],[38.0442,-7.5605],[38.101,-7.6327],[38.2505,-7.5952],[38.305,-7.5809],[38.307,-7.5372],[38.3059,-7.2686],[38.3803,-7.1798],[38.4002,-7.1935],[38.4316,-7.1837],[38.4561,-7.1215],[38.4743,-7.1174],[38.4916,-7.0658],[38.5156,-7.0488],[38.5067,-7.0261],[38.4786,-7.0256],[38.4142,-7.031],[38.398,-7.0159],[38.3892,-7.0159],[38.361,-7.0169],[38.3385,-7.0176],[38.3176,-7.0091],[38.3117,-6.9798],[38.306,-6.9761],[38.2992,-6.9728],[38.2933,-6.9751],[38.2808,-6.9864],[38.2753,-6.9756],[38.2638,-6.9213],[38.2644,-6.7866],[38.247,-6.7038],[38.2411,-6.7029],[38.2315,-6.7014],[38.2048,-6.7014],[38.1123,-6.6676],[38.0374,-6.6519],[38.0234,-6.6354],[38.0155,-6.6117],[38.0018,-6.6022],[38.0024,-6.2498],[38.0029,-6.2278],[37.9876,-6.2318],[37.9757,-6.2653],[37.8676,-6.2644],[37.8389,-6.2509],[37.8153,-6.2038],[37.7909,-6.1907],[37.7032,-6.2547],[37.7158,-6.2782],[37.6902,-6.306],[37.6737,-6.3876],[37.6795,-6.3971],[37.7237,-6.4342],[37.7508,-6.5741],[37.781,-6.5784],[37.7504,-6.6538],[37.7342,-6.6576],[37.6816,-6.6649],[37.6593,-6.6958],[37.7258,-6.6953],[37.7251,-6.7526],[37.7521,-6.8045],[37.7387,-6.8074],[37.7371,-6.832],[37.6922,-6.8339],[37.6782,-6.8567],[37.6853,-6.8786],[37.6658,-6.891],[37.6604,-6.8916],[37.658,-6.9016],[37.6781,-6.9171],[37.6464,-6.9703],[37.6593,-7.0548],[37.6223,-7.1779],[37.5289,-7.3077],[37.5144,-7.3994],[37.4781,-7.3536],[37.4796,-7.3191],[37.4641,-7.3157],[37.4728,-7.2726],[37.4589,-7.2412],[37.2938,-7.2267],[37.271,-7.2219],[37.2951,-7.2571],[37.2932,-7.3782],[37.2938,-7.383],[37.3198,-7.4113],[37.3021,-7.428],[37.3082,-7.5005],[37.3333,-7.5138],[37.1381,-7.8598],[37.1484,-7.8652],[37.2527,-7.8576],[37.2852,-7.8588]]]]}},{"id":"feature_102","type":"Feature","properties":{"gid":"TZA.14.5_1","name":"Morogoro Urban","region":"Morogoro","addo_count":0},"geometry":{"type":"MultiPolygon","coordinates":[[[[37.6658,-6.891],[37.6868,-6.8741],[37.6782,-6.8567],[37.6922,-6.8339],[37.7371,-6.832],[37.7387,-6.8074],[37.7521,-6.8045],[37.7251,-6.7526],[37.7258,-6.6953],[37.6593,-6.6958],[37.6816,-6.6649],[37.6817,-6.6612],[37.6181,-6.6598],[37.6298,-6.7403],[37.6046,-6.743],[37.5841,-6.7878],[37.6007,-6.8006],[37.6007,-6.853],[37.6196,-6.8317],[37.6457,-6.8397],[37.6185,-6.8783],[37.6168,-6.9168],[37.6503,-6.9029],[37.6604,-6.8916],[37.6658,-6.891]]]]}},{"id":"feature_103","type":"Feature","properties":{"gid":"TZA.14.6_1","name":"Mvomero","region":"Morogoro","addo_count":60},"geometry":{"type":"MultiPolygon","coordinates":[[[[37.1975,-7.0825],[37.1968,-7.1038],[37.2306,-7.1302],[37.224,-7.2087],[37.2586,-7.2165],[37.2938,-7.2267],[37.4589,-7.2412],[37.4728,-7.2726],[37.4641,-7.3157],[37.4796,-7.3191],[37.4781,-7.3536],[37.5144,-7.3994],[37.5289,-7.3077],[37.6223,-7.1779],[37.6593,-7.0548],[37.6464,-6.9703],[37.6781,-6.9171],[37.658,-6.9016],[37.6503,-6.9029],[37.6168,-6.9168],[37.6185,-6.8783],[37.6457,-6.8397],[37.6196,-6.8317],[37.6007,-6.853],[37.6007,-6.8006],[37.5841,-6.7878],[37.6046,-6.743],[37.6298,-6.7403],[37.6181,-6.6598],[37.6817,-6.6612],[37.7342,-6.6576],[37.7504,-6.6538],[37.781,-6.5784],[37.7508,-6.5741],[37.7237,-6.4342],[37.6795,-6.3971],[37.6737,-6.3876],[37.6902,-6.306],[37.7158,-6.2782],[37.7032,-6.2547],[37.7909,-6.1907],[37.8153,-6.2038],[37.8389,-6.2509],[37.8676,-6.2644],[37.9757,-6.2653],[37.9876,-6.2318],[38.0029,-6.2278],[38.012,-6.2222],[38.04,-6.2075],[38.0802,-6.2173],[38.0583,-6.1846],[37.9613,-6.1657],[37.9755,-6.1592],[37.9555,-6.117],[37.8856,-6.097],[37.8675,-6.0191],[37.8439,-5.9938],[37.8654,-5.9518],[37.8039,-5.8971],[37.7938,-5.8929],[37.776,-5.9007],[37.7553,-5.8907],[37.7567,-5.876],[37.7203,-5.8658],[37.6896,-5.9155],[37.6359,-5.9524],[37.6091,-5.8584],[37.565,-5.8439],[37.5414,-5.8137],[37.4887,-5.8269],[37.4488,-5.8023],[37.3968,-5.8619],[37.3953,-5.9307],[37.362,-5.9815],[37.3882,-5.9959],[37.3843,-6.0535],[37.3677,-6.0661],[37.3705,-6.1161],[37.3526,-6.1495],[37.3102,-6.2123],[37.3043,-6.2262],[37.3468,-6.3191],[37.399,-6.3418],[37.4986,-6.4842],[37.4461,-6.5263],[37.4632,-6.582],[37.4051,-6.7208],[37.3749,-6.7459],[37.3506,-6.7983],[37.3115,-6.8192],[37.3099,-6.8655],[37.198,-6.956],[37.1975,-7.0825]]]]}},{"id":"feature_104","type":"Feature","properties":{"gid":"TZA.14.7_1","name":"Ulanga","region":"Morogoro","addo_count":73},"geometry":{"type":"MultiPolygon","coordinates":[[[[35.8648,-9.2496],[35.8996,-9.2504],[35.9181,-9.2677],[35.9194,-9.3433],[35.9299,-9.3677],[35.9467,-9.429],[35.9343,-9.4561],[35.8963,-9.4753],[35.8877,-9.485],[35.8459,-9.557],[35.8117,-9.676],[35.6966,-9.7951],[35.6811,-9.8156],[35.6761,-9.8213],[35.6822,-9.8391],[35.6874,-9.8703],[35.7381,-9.8982],[35.7563,-9.9184],[35.845,-9.8877],[35.9243,-9.8052],[36.036,-9.7538],[36.0511,-9.7392],[36.0632,-9.7392],[36.0778,-9.7631],[36.0987,-9.7861],[36.1421,-9.7866],[36.1677,-9.7633],[36.2894,-9.7755],[36.325,-9.7575],[36.3343,-9.7246],[36.3984,-9.7],[36.4685,-9.6072],[36.4524,-9.6717],[36.4992,-9.7146],[36.5112,-9.8186],[36.5387,-9.8145],[36.6054,-9.7595],[36.767,-9.7559],[36.9942,-9.6358],[37.1163,-9.5937],[37.1396,-9.5868],[37.2866,-9.492],[37.2689,-9.4866],[37.2866,-9.4651],[37.274,-9.4579],[37.2858,-9.4399],[37.2783,-9.4079],[37.2935,-9.3929],[37.2751,-9.3778],[37.3328,-9.2869],[37.3211,-9.274],[37.3381,-9.2681],[37.3284,-9.2579],[37.3402,-9.2088],[37.3813,-9.1036],[37.4134,-8.823],[37.4016,-8.693],[37.4355,-8.5424],[37.4384,-8.5304],[37.2703,-8.5372],[37.2556,-8.5756],[37.2263,-8.591],[37.207,-8.5969],[37.1548,-8.5694],[37.1532,-8.4289],[37.1111,-8.4182],[37.0952,-8.4439],[37.0718,-8.4228],[37.0617,-8.3112],[36.9623,-8.3002],[36.9602,-8.2827],[36.8987,-8.2462],[36.9012,-8.2114],[36.9066,-8.1975],[36.903,-8.1866],[36.8725,-8.1704],[36.8363,-8.1742],[36.8315,-8.1727],[36.8146,-8.1747],[36.6893,-8.1891],[36.6813,-8.178],[36.674,-8.1947],[36.654,-8.2159],[36.6078,-8.2063],[36.6018,-8.221],[36.5543,-8.2346],[36.557,-8.2538],[36.5452,-8.2487],[36.5343,-8.2784],[36.498,-8.2604],[36.4791,-8.2716],[36.4851,-8.2864],[36.3856,-8.3377],[36.3781,-8.3388],[36.3584,-8.3577],[36.3579,-8.363],[36.3535,-8.3889],[36.3562,-8.3949],[36.3404,-8.4027],[36.328,-8.4164],[36.2641,-8.4651],[36.216,-8.4573],[36.1623,-8.5576],[36.075,-8.6168],[36.0313,-8.6671],[36.0085,-8.6908],[36.0047,-8.6993],[36.0015,-8.7131],[35.9584,-8.8163],[35.9562,-8.8268],[35.9116,-8.9399],[35.9114,-8.9757],[35.8761,-9.0177],[35.9077,-9.1333],[35.9115,-9.1543],[35.916,-9.1962],[35.9066,-9.1993],[35.8648,-9.2496]]]]}},{"id":"feature_105","type":"Feature","properties":{"gid":"TZA.15.2_1","name":"Masasi","region":"Mtwara","addo_count":0},"geometry":{"type":"MultiPolygon","coordinates":[[[[38.8814,-11.1776],[39.0451,-11.1745],[39.1358,-11.1511],[39.2417,-11.1799],[39.3795,-11.0786],[39.3157,-11.0106],[39.2677,-11.0176],[39.2776,-10.9929],[39.2579,-10.9915],[39.2249,-10.9491],[39.1974,-10.852],[39.1232,-10.7915],[39.1319,-10.7717],[39.1481,-10.7562],[39.1533,-10.7541],[39.1327,-10.7483],[39.1214,-10.7385],[39.1046,-10.7013],[39.0879,-10.7168],[39.0676,-10.714],[39.0107,-10.7101],[38.9945,-10.7505],[38.9537,-10.7502],[38.9618,-10.8003],[38.9495,-10.8214],[38.9177,-10.8624],[38.8879,-10.8607],[38.8843,-10.8779],[38.8481,-10.9447],[38.7473,-11.0059],[38.7334,-11.048],[38.7654,-11.0841],[38.8451,-11.1236],[38.8814,-11.1776]]],[[[38.61,-10.8022],[38.6801,-10.7968],[38.6854,-10.7638],[38.706,-10.7502],[38.6881,-10.6599],[38.7301,-10.6607],[38.7209,-10.6256],[38.8317,-10.6688],[38.8309,-10.631],[38.8597,-10.6268],[38.9792,-10.6538],[39.076,-10.6461],[39.0683,-10.6272],[39.0116,-10.5607],[39.0709,-10.543],[39.0954,-10.5537],[39.1486,-10.5396],[39.259,-10.4532],[39.2704,-10.352],[39.2604,-10.3549],[39.2323,-10.3537],[39.1739,-10.3926],[39.1586,-10.3845],[39.1467,-10.3989],[39.0497,-10.4536],[38.9964,-10.4632],[38.9781,-10.4768],[38.8865,-10.5139],[38.8859,-10.5283],[38.8792,-10.5403],[38.8688,-10.5447],[38.7604,-10.5466],[38.7057,-10.4775],[38.6888,-10.5022],[38.6212,-10.5059],[38.5587,-10.5501],[38.4247,-10.6065],[38.2781,-10.61],[38.2782,-10.6486],[38.2734,-10.6763],[38.2651,-10.6856],[38.3082,-10.7224],[38.5184,-10.8091],[38.61,-10.8022]]]]}},{"id":"feature_106","type":"Feature","properties":{"gid":"TZA.15.1_1","name":"Masasi Town","region":"Mtwara","addo_count":0},"geometry":{"type":"MultiPolygon","coordinates":[[[[38.8299,-10.8303],[38.8544,-10.8224],[38.8759,-10.8535],[38.8879,-10.8607],[38.9177,-10.8624],[38.9495,-10.8214],[38.9618,-10.8003],[38.9537,-10.7502],[38.9945,-10.7505],[39.0107,-10.7101],[39.0676,-10.714],[39.0879,-10.7168],[39.1046,-10.7013],[39.1018,-10.6883],[39.0971,-10.6639],[39.0949,-10.6505],[39.09,-10.6467],[39.076,-10.6461],[38.9792,-10.6538],[38.8597,-10.6268],[38.8309,-10.631],[38.8317,-10.6688],[38.7209,-10.6256],[38.7301,-10.6607],[38.6881,-10.6599],[38.706,-10.7502],[38.6854,-10.7638],[38.6801,-10.7968],[38.6549,-10.7987],[38.6587,-10.8105],[38.7312,-10.8108],[38.7607,-10.8391],[38.7442,-10.867],[38.7484,-10.8801],[38.8299,-10.8303]]]]}},{"id":"feature_107","type":"Feature","properties":{"gid":"TZA.15.3_1","name":"Mtwara Rural","region":"Mtwara","addo_count":0},"geometry":{"type":"MultiPolygon","coordinates":[[[[39.9166,-10.8356],[39.9914,-10.8161],[40.0299,-10.7892],[40.2335,-10.6074],[40.2843,-10.5798],[40.3586,-10.5657],[40.4362,-10.4712],[40.4124,-10.4457],[40.3812,-10.461],[40.4099,-10.441],[40.4199,-10.4465],[40.4162,-10.4263],[40.386,-10.4362],[40.3907,-10.4507],[40.3657,-10.4493],[40.3754,-10.4432],[40.3815,-10.4437],[40.3688,-10.4263],[40.3849,-10.3996],[40.3543,-10.4151],[40.3543,-10.411],[40.3593,-10.4051],[40.369,-10.3993],[40.4418,-10.3643],[40.4443,-10.3476],[40.4043,-10.2968],[40.3815,-10.3268],[40.4132,-10.3279],[40.4049,-10.3582],[40.386,-10.3685],[40.3279,-10.3546],[40.2918,-10.2685],[40.2443,-10.2449],[40.2382,-10.2038],[40.191,-10.2607],[40.224,-10.2487],[40.2568,-10.2724],[40.2218,-10.2724],[40.2176,-10.2852],[40.2372,-10.3167],[40.1892,-10.3753],[40.1449,-10.3812],[40.12,-10.3541],[40.1155,-10.3373],[40.0606,-10.3343],[40.0632,-10.325],[40.0808,-10.2973],[40.0933,-10.2718],[40.1142,-10.2618],[40.131,-10.2549],[40.1232,-10.2074],[40.1368,-10.1871],[40.0004,-10.1251],[39.9846,-10.1224],[39.9715,-10.1462],[39.9938,-10.1707],[39.9879,-10.2115],[39.9549,-10.2027],[39.9178,-10.2228],[39.8967,-10.2304],[39.894,-10.2643],[39.7733,-10.2672],[39.6926,-10.3266],[39.6918,-10.3768],[39.7176,-10.4592],[39.7031,-10.4802],[39.7302,-10.5382],[39.7095,-10.5474],[39.6672,-10.5773],[39.6455,-10.6179],[39.7021,-10.6689],[39.7179,-10.685],[39.7259,-10.7279],[39.7624,-10.7153],[39.8085,-10.7529],[39.8623,-10.7736],[39.9,-10.7838],[39.9101,-10.8138],[39.9166,-10.8356]]],[[[40.4043,-10.424],[40.3915,-10.4238],[40.3782,-10.4387],[40.3832,-10.4432],[40.4043,-10.424]]],[[[40.4221,-10.3879],[40.3921,-10.3996],[40.3704,-10.4271],[40.4085,-10.4301],[40.4221,-10.3879]]],[[[40.3751,-10.2749],[40.3715,-10.2754],[40.3693,-10.2951],[40.3804,-10.289],[40.3751,-10.2749]]],[[[40.3282,-10.2382],[40.3085,-10.254],[40.3518,-10.2704],[40.3443,-10.2474],[40.3282,-10.2382]]]]}},{"id":"feature_108","type":"Feature","properties":{"gid":"TZA.15.4_1","name":"Mtwara Urban","region":"Mtwara","addo_count":0},"geometry":{"type":"MultiPolygon","coordinates":[[[[40.12,-10.3541],[40.1449,-10.3812],[40.1892,-10.3753],[40.2372,-10.3167],[40.2176,-10.2852],[40.2296,-10.304],[40.2254,-10.3038],[40.2154,-10.2907],[40.2165,-10.2774],[40.1865,-10.2618],[40.1879,-10.2515],[40.1507,-10.2654],[40.1587,-10.2871],[40.1321,-10.2604],[40.1357,-10.2774],[40.1138,-10.2796],[40.1142,-10.2618],[40.0933,-10.2718],[40.0808,-10.2973],[40.0632,-10.325],[40.0606,-10.3343],[40.1155,-10.3373],[40.12,-10.3541]]]]}},{"id":"feature_109","type":"Feature","properties":{"gid":"TZA.15.5_1","name":"Nanyumbu","region":"Mtwara","addo_count":0},"geometry":{"type":"MultiPolygon","coordinates":[[[[38.1152,-11.2607],[38.2619,-11.2884],[38.2826,-11.3243],[38.3291,-11.3293],[38.3782,-11.383],[38.4803,-11.4168],[38.6264,-11.2941],[38.6667,-11.2758],[38.7442,-11.2783],[38.8814,-11.1776],[38.8451,-11.1236],[38.7654,-11.0841],[38.7334,-11.048],[38.7473,-11.0059],[38.8481,-10.9447],[38.8843,-10.8779],[38.8881,-10.8564],[38.8759,-10.8535],[38.8544,-10.8224],[38.8299,-10.8303],[38.7484,-10.8801],[38.7442,-10.867],[38.7607,-10.8391],[38.7312,-10.8108],[38.61,-10.8022],[38.5184,-10.8091],[38.3082,-10.7224],[38.2651,-10.6856],[38.249,-10.6926],[38.1221,-10.6853],[38.023,-10.7192],[38.0004,-10.7255],[38.0432,-10.7221],[38.0472,-10.7297],[38.0488,-10.7706],[38.0343,-10.7831],[38.0286,-10.8007],[38.001,-10.8538],[38.0079,-10.8673],[38.0172,-11.0176],[38.0518,-11.0832],[38.0499,-11.136],[38.0763,-11.1539],[38.0702,-11.184],[38.1152,-11.2607]]]]}},{"id":"feature_110","type":"Feature","properties":{"gid":"TZA.15.6_1","name":"Newala","region":"Mtwara","addo_count":0},"geometry":{"type":"MultiPolygon","coordinates":[[[[39.3795,-11.0786],[39.5145,-10.9968],[39.4755,-10.99],[39.4548,-10.9883],[39.4461,-10.9646],[39.4501,-10.97],[39.4626,-10.971],[39.4562,-10.951],[39.3831,-10.8598],[39.4236,-10.8235],[39.4021,-10.7701],[39.4486,-10.7337],[39.4474,-10.6486],[39.4165,-10.5576],[39.3517,-10.5174],[39.3326,-10.4731],[39.3235,-10.3635],[39.34,-10.3339],[39.3288,-10.3294],[39.2785,-10.351],[39.2704,-10.352],[39.259,-10.4532],[39.1486,-10.5396],[39.0979,-10.5537],[39.0709,-10.543],[39.0116,-10.5607],[39.0683,-10.6272],[39.09,-10.6467],[39.0949,-10.6505],[39.0971,-10.6639],[39.1018,-10.6883],[39.1214,-10.7385],[39.1327,-10.7483],[39.1533,-10.7541],[39.1481,-10.7562],[39.1319,-10.7717],[39.1232,-10.7915],[39.1974,-10.852],[39.2249,-10.9491],[39.2579,-10.9915],[39.2776,-10.9929],[39.2677,-11.0176],[39.3157,-11.0106],[39.3795,-11.0786]]]]}},{"id":"feature_111","type":"Feature","properties":{"gid":"TZA.15.7_1","name":"Tandahimba","region":"Mtwara","addo_count":0},"geometry":{"type":"MultiPolygon","coordinates":[[[[39.5145,-10.9968],[39.6291,-10.9496],[39.7248,-10.9358],[39.9166,-10.8356],[39.9101,-10.8138],[39.9,-10.7838],[39.8623,-10.7736],[39.8085,-10.7529],[39.7624,-10.7153],[39.7259,-10.7279],[39.7179,-10.685],[39.7021,-10.6689],[39.6455,-10.6179],[39.6244,-10.6183],[39.6211,-10.5996],[39.5808,-10.5998],[39.5625,-10.5276],[39.5065,-10.4765],[39.4837,-10.3919],[39.4811,-10.3826],[39.4057,-10.3392],[39.3559,-10.3512],[39.3394,-10.3341],[39.3235,-10.3635],[39.3326,-10.4731],[39.3517,-10.5174],[39.4165,-10.5576],[39.4474,-10.6486],[39.4486,-10.7337],[39.4021,-10.7701],[39.4236,-10.8235],[39.3831,-10.8598],[39.4562,-10.951],[39.462,-10.9718],[39.4501,-10.97],[39.4461,-10.9646],[39.4523,-10.9856],[39.4755,-10.99],[39.5145,-10.9968]]]]}},{"id":"feature_112","type":"Feature","properties":{"gid":"TZA.16.1_1","name":"Ilemela","region":"Mwanza","addo_count":27},"geometry":{"type":"MultiPolygon","coordinates":[[[[32.9291,-2.5294],[32.9916,-2.5391],[33.0122,-2.5669],[33.0175,-2.5528],[33.039,-2.5001],[33.0252,-2.4732],[33.0797,-2.3977],[33.0707,-2.3756],[32.9715,-2.3851],[32.9158,-2.426],[32.8992,-2.4508],[32.9109,-2.471],[32.8752,-2.4722],[32.8786,-2.4925],[32.8987,-2.5149],[32.9022,-2.5026],[32.9092,-2.5009],[32.9292,-2.5136],[32.9291,-2.5294]]],[[[33.0055,-2.3661],[33.0055,-2.3661],[32.9967,-2.3655],[33.0055,-2.3661]]],[[[32.9216,-2.3642],[32.9212,-2.3657],[32.9221,-2.3674],[32.9235,-2.3642],[32.9216,-2.3642]]],[[[33.1515,-2.2831],[33.1515,-2.2831],[33.1572,-2.2866],[33.1515,-2.2831]]],[[[33.1187,-2.2816],[33.1187,-2.2816],[33.1294,-2.2871],[33.1187,-2.2816]]],[[[33.0444,-2.2585],[33.0444,-2.2585],[33.046,-2.2614],[33.0444,-2.2585]]]]}},{"id":"feature_113","type":"Feature","properties":{"gid":"TZA.16.2_1","name":"Kwimba","region":"Mwanza","addo_count":24},"geometry":{"type":"MultiPolygon","coordinates":[[[[33.1576,-3.4086],[33.2174,-3.3927],[33.2884,-3.3997],[33.3002,-3.3866],[33.3309,-3.3238],[33.3436,-3.3143],[33.4138,-3.3141],[33.4438,-3.2769],[33.4393,-3.2598],[33.4363,-3.2168],[33.448,-3.1975],[33.4781,-3.1815],[33.4853,-3.1436],[33.491,-3.0931],[33.4853,-3.0459],[33.5243,-2.9939],[33.5018,-2.8923],[33.5468,-2.8599],[33.5501,-2.8365],[33.5765,-2.8431],[33.5769,-2.8266],[33.616,-2.8158],[33.6186,-2.7991],[33.5484,-2.6937],[33.4774,-2.7069],[33.4476,-2.677],[33.4019,-2.7199],[33.3702,-2.6807],[33.3732,-2.6528],[33.329,-2.6427],[33.2369,-2.6497],[33.2275,-2.6456],[33.2241,-2.6509],[33.2037,-2.6825],[33.2119,-2.7332],[33.1572,-2.7411],[33.1679,-2.7562],[33.1557,-2.8042],[33.1609,-2.8146],[33.2784,-2.8203],[33.2933,-2.8608],[33.2636,-2.9075],[33.2099,-2.927],[33.2408,-2.959],[33.2358,-2.9799],[33.169,-3.0261],[33.1924,-3.1036],[33.1417,-3.131],[33.0943,-3.1152],[33.1125,-3.1495],[33.0642,-3.1703],[33.0579,-3.1878],[33.0206,-3.1917],[32.9596,-3.1683],[32.9683,-3.213],[32.9307,-3.2292],[32.9173,-3.3049],[32.9181,-3.3347],[32.9482,-3.3382],[33.0167,-3.3918],[33.0622,-3.3946],[33.1002,-3.4351],[33.1536,-3.4233],[33.1561,-3.4174],[33.1544,-3.417],[33.1576,-3.4086]]]]}},{"id":"feature_114","type":"Feature","properties":{"gid":"TZA.16.3_1","name":"Lake Victoria","region":"Mwanza","addo_count":0},"geometry":{"type":"MultiPolygon","coordinates":[[[[32.1896,-2.5088],[32.1818,-2.5186],[32.1839,-2.4972],[32.1716,-2.502],[32.1555,-2.479],[32.1535,-2.4817],[32.1448,-2.4731],[32.1467,-2.4669],[32.1257,-2.4692],[32.1146,-2.4753],[32.1046,-2.469],[32.1023,-2.4623],[32.1023,-2.4454],[32.0925,-2.437],[32.0781,-2.4356],[32.0669,-2.4232],[32.055,-2.3986],[32.0694,-2.3771],[32.1044,-2.3739],[32.1402,-2.3943],[32.1675,-2.3866],[32.1982,-2.3178],[32.2341,-2.3183],[32.228,-2.2641],[32.2184,-2.2537],[32.2248,-2.2528],[32.2324,-2.2503],[32.2506,-2.284],[32.2954,-2.2779],[32.3101,-2.2595],[32.3362,-2.3282],[32.3622,-2.3249],[32.369,-2.345],[32.3197,-2.3361],[32.3414,-2.4003],[32.3673,-2.3981],[32.3785,-2.4148],[32.3611,-2.4273],[32.3673,-2.4465],[32.3674,-2.4445],[32.4413,-2.4427],[32.4239,-2.4658],[32.4301,-2.4787],[32.4612,-2.46],[32.4764,-2.4692],[32.4789,-2.4555],[32.487,-2.4516],[32.4865,-2.4753],[32.5016,-2.4827],[32.5121,-2.4577],[32.5345,-2.4597],[32.5441,-2.4452],[32.5448,-2.4893],[32.5364,-2.5042],[32.5168,-2.4979],[32.509,-2.5368],[32.516,-2.5556],[32.5276,-2.563],[32.6317,-2.4631],[32.642,-2.4009],[32.668,-2.3633],[32.661,-2.4105],[32.6983,-2.4377],[32.7071,-2.4693],[32.6657,-2.4894],[32.666,-2.4895],[32.698,-2.5095],[32.7443,-2.4937],[32.7532,-2.5349],[32.7791,-2.4902],[32.8012,-2.5063],[32.7971,-2.4883],[32.8341,-2.4914],[32.8222,-2.5075],[32.8368,-2.5086],[32.8411,-2.5383],[32.8152,-2.5493],[32.8443,-2.5613],[32.8463,-2.587],[32.833,-2.5826],[32.8397,-2.608],[32.8193,-2.6053],[32.8264,-2.6352],[32.8036,-2.6303],[32.8113,-2.6715],[32.8296,-2.6588],[32.845,-2.6769],[32.8167,-2.7018],[32.8736,-2.728],[32.865,-2.7658],[32.8757,-2.7705],[32.8692,-2.78],[32.8543,-2.7908],[32.8535,-2.8293],[32.7209,-2.8685],[32.7204,-2.8842],[32.7563,-2.8801],[32.7826,-2.8874],[32.7728,-2.8663],[32.7893,-2.8656],[32.7902,-2.8677],[32.8019,-2.8751],[32.7939,-2.8875],[32.7887,-2.8982],[32.8083,-2.9111],[32.7853,-2.9257],[32.7831,-2.9223],[32.7761,-2.9237],[32.7787,-2.928],[32.7632,-2.9376],[32.7756,-2.9575],[32.7778,-2.9695],[32.7662,-2.97],[32.7633,-2.9987],[32.7753,-3.0019],[32.7868,-2.9953],[32.8213,-2.9558],[32.8105,-2.9606],[32.811,-2.944],[32.8429,-2.8546],[32.8841,-2.833],[32.9022,-2.8218],[32.9039,-2.8015],[32.9137,-2.7961],[32.9208,-2.8191],[32.9103,-2.8377],[32.9693,-2.8675],[32.9715,-2.871],[32.9687,-2.8594],[32.9793,-2.8707],[32.9755,-2.8694],[32.9767,-2.874],[32.981,-2.8697],[33.0214,-2.8837],[33.0086,-2.8481],[32.9793,-2.858],[32.9715,-2.8254],[32.9343,-2.8261],[32.9449,-2.7967],[32.9656,-2.7927],[32.9524,-2.7705],[32.9182,-2.7612],[32.9111,-2.7503],[32.892,-2.7105],[32.883,-2.6999],[32.8889,-2.6901],[32.9067,-2.6884],[32.923,-2.6873],[32.9091,-2.6686],[32.9027,-2.658],[32.8966,-2.6498],[32.8911,-2.6496],[32.8934,-2.6457],[32.8725,-2.6436],[32.8634,-2.6293],[32.8713,-2.6047],[32.8851,-2.6078],[32.8847,-2.596],[32.8816,-2.5823],[32.8971,-2.5854],[32.895,-2.5697],[32.8879,-2.5598],[32.9035,-2.5641],[32.9067,-2.5652],[32.8996,-2.5266],[32.8895,-2.533],[32.8993,-2.509],[32.8786,-2.4925],[32.8752,-2.4722],[32.9109,-2.471],[32.8992,-2.4508],[32.9158,-2.426],[32.9715,-2.3851],[33.0707,-2.3756],[33.0799,-2.3885],[33.0957,-2.3833],[33.1082,-2.3907],[33.1181,-2.3961],[33.1326,-2.4012],[33.1271,-2.4441],[33.1427,-2.468],[33.1663,-2.4692],[33.1902,-2.5136],[33.2938,-2.5063],[33.2935,-2.5492],[33.3318,-2.5381],[33.3435,-2.4915],[33.3586,-2.5122],[33.3415,-2.5334],[33.4,-2.5246],[33.3975,-2.5567],[33.4158,-2.532],[33.4611,-2.5313],[33.4614,-2.4984],[33.4752,-2.4891],[33.5153,-2.5174],[33.5573,-2.5095],[33.5618,-2.5071],[33.5037,-2.4863],[33.3348,-2.3673],[33.3283,-2.317],[33.288,-2.3184],[33.2023,-2.1837],[33.1888,-2.0313],[33.2911,-1.8486],[33.3558,-1.7755],[33.4216,-1.7598],[33.4582,-1.7692],[33.4659,-1.4732],[32.7087,-1.4841],[31.8417,-2.1719],[31.9384,-2.3172],[31.9311,-2.3735],[31.9922,-2.3863],[32.093,-2.4911],[32.1592,-2.5225],[32.1669,-2.5212],[32.1915,-2.5174],[32.1896,-2.5088]],[[32.9212,-2.3655],[32.9213,-2.3644],[32.9235,-2.3642],[32.9226,-2.3672],[32.9212,-2.3655]],[[32.9967,-2.3655],[33.0055,-2.3661],[32.9967,-2.3655],[32.9967,-2.3655]],[[33.1572,-2.2866],[33.1515,-2.2831],[33.1572,-2.2866],[33.1572,-2.2866]],[[33.1294,-2.2871],[33.1187,-2.2816],[33.1294,-2.2871],[33.1294,-2.2871]],[[33.046,-2.2614],[33.0444,-2.2585],[33.046,-2.2614],[33.046,-2.2614]],[[32.8846,-2.0591],[32.8612,-2.0644],[32.8431,-2.0514],[32.8581,-2.0207],[32.862,-2.0201],[32.8674,-2.0079],[32.905,-1.9741],[32.8681,-1.9701],[32.8743,-1.9536],[32.8614,-1.9436],[32.8379,-1.9548],[32.8206,-1.9287],[32.8862,-1.9287],[32.9063,-1.885],[32.9496,-1.8976],[32.9275,-1.9356],[32.965,-1.9796],[33.0071,-1.9867],[33.0335,-1.9651],[33.0932,-1.9684],[33.0954,-1.9522],[33.1081,-1.9605],[33.1057,-2.0369],[33.1476,-2.0533],[33.1372,-2.0569],[33.1219,-2.0722],[33.131,-2.0824],[33.1449,-2.0943],[33.1484,-2.0967],[33.1601,-2.1087],[33.1825,-2.1425],[33.1713,-2.1404],[33.1674,-2.1325],[33.1533,-2.1313],[33.1591,-2.1692],[33.144,-2.1753],[33.1118,-2.1495],[33.0992,-2.1162],[33.0766,-2.1097],[33.0675,-2.1195],[33.063,-2.1336],[32.9331,-2.0794],[32.8832,-2.0803],[32.8846,-2.0591]],[[33.3996,-1.67],[33.3935,-1.675],[33.3996,-1.67],[33.3996,-1.67]],[[33.4245,-1.6941],[33.4182,-1.6842],[33.4277,-1.6786],[33.4245,-1.6941]],[[33.3366,-1.7253],[33.3333,-1.7068],[33.3627,-1.7114],[33.3705,-1.7424],[33.3366,-1.7253]],[[33.4091,-1.7402],[33.4061,-1.732],[33.4222,-1.7219],[33.4091,-1.7402]],[[33.0888,-1.8601],[33.0656,-1.8724],[33.0227,-1.8888],[33.007,-1.8673],[33.0063,-1.8646],[33.0082,-1.8623],[33.0078,-1.8499],[33.0118,-1.8133],[33.0089,-1.8],[33.0778,-1.8019],[33.0817,-1.7965],[33.0828,-1.7926],[33.0862,-1.7999],[33.091,-1.8022],[33.1002,-1.8176],[33.0863,-1.8248],[33.0986,-1.8475],[33.0941,-1.8624],[33.0888,-1.8601]],[[33.0575,-1.9444],[33.0514,-1.933],[33.0526,-1.915],[33.0715,-1.939],[33.0575,-1.9444]],[[33.1849,-1.9234],[33.1769,-1.9346],[33.1423,-1.924],[33.1849,-1.9234]],[[33.1919,-1.9282],[33.1955,-1.9255],[33.1981,-1.9286],[33.1963,-1.93],[33.1919,-1.9282]],[[33.217,-1.9343],[33.2111,-1.9335],[33.217,-1.9343],[33.217,-1.9343]],[[33.1935,-2.1148],[33.1878,-2.1104],[33.1935,-2.1148],[33.1935,-2.1148]],[[32.127,-2.179],[32.1288,-2.1766],[32.1335,-2.1761],[32.1328,-2.1775],[32.127,-2.179]],[[32.1524,-2.1709],[32.1388,-2.1709],[32.1572,-2.1619],[32.1524,-2.1709]],[[32.122,-2.1566],[32.1317,-2.164],[32.122,-2.1566],[32.122,-2.1566]],[[33.0539,-2.1426],[33.0557,-2.146],[33.0542,-2.1511],[33.0498,-2.1496],[33.0539,-2.1426]],[[32.891,-2.137],[32.89,-2.1247],[32.8681,-2.1094],[32.8807,-2.0953],[32.9072,-2.1136],[32.9041,-2.1357],[32.8932,-2.1334],[32.891,-2.137]],[[32.7817,-2.1161],[32.7772,-2.1203],[32.7777,-2.1145],[32.7817,-2.1161]],[[33.0081,-2.1337],[33.0062,-2.1261],[33.0081,-2.1337],[33.0081,-2.1337]],[[32.823,-1.9747],[32.8208,-1.9685],[32.8203,-1.9607],[32.8257,-1.9658],[32.823,-1.9747]],[[32.8315,-1.9686],[32.8286,-1.9667],[32.8294,-1.9648],[32.8323,-1.9655],[32.8315,-1.9686]],[[32.8833,-1.8797],[32.882,-1.8786],[32.8818,-1.876],[32.8846,-1.8791],[32.8833,-1.8797]],[[32.8539,-1.8699],[32.8406,-1.8513],[32.8661,-1.8621],[32.8646,-1.8785],[32.8539,-1.8699]],[[32.893,-1.839],[32.8888,-1.8422],[32.893,-1.839],[32.893,-1.839]],[[32.8084,-1.8382],[32.8122,-1.8421],[32.8084,-1.8382],[32.8084,-1.8382]],[[32.8382,-1.8268],[32.8323,-1.8262],[32.8382,-1.8268],[32.8382,-1.8268]],[[32.8061,-1.822],[32.8091,-1.82],[32.8116,-1.8202],[32.811,-1.8244],[32.8061,-1.822]],[[32.9013,-1.8261],[32.9037,-1.8253],[32.9013,-1.8261],[32.9013,-1.8261]],[[32.8894,-1.8297],[32.8909,-1.8318],[32.8903,-1.8331],[32.8885,-1.8321],[32.8894,-1.8297]],[[32.8153,-1.8091],[32.8141,-1.8161],[32.8153,-1.8091],[32.8153,-1.8091]],[[32.7991,-1.8087],[32.798,-1.8019],[32.7991,-1.8087],[32.7991,-1.8087]],[[32.1521,-2.1819],[32.1479,-2.1838],[32.1521,-2.1819],[32.1521,-2.1819]],[[32.2742,-2.2096],[32.2723,-2.2126],[32.2742,-2.2096],[32.2742,-2.2096]],[[32.0726,-2.213],[32.0776,-2.2129],[32.0726,-2.213],[32.0726,-2.213]],[[32.0534,-2.3289],[32.0448,-2.3447],[31.9824,-2.3719],[31.9743,-2.3423],[31.9528,-2.3584],[31.9627,-2.3283],[31.997,-2.321],[31.9785,-2.3174],[31.9885,-2.302],[31.9725,-2.2903],[31.9335,-2.2944],[31.9433,-2.2755],[31.977,-2.2718],[31.9745,-2.2521],[31.9954,-2.2611],[32.0395,-2.2196],[32.0441,-2.2457],[32.0636,-2.2378],[32.0377,-2.2756],[32.0792,-2.2705],[32.0534,-2.3289]],[[32.0717,-2.2259],[32.0642,-2.2349],[32.0675,-2.2187],[32.0717,-2.2259]],[[32.318,-2.238],[32.3248,-2.2396],[32.318,-2.238],[32.318,-2.238]],[[32.1964,-2.255],[32.2055,-2.2534],[32.1964,-2.255],[32.1964,-2.255]],[[32.1556,-2.4968],[32.1574,-2.4921],[32.1556,-2.4968],[32.1556,-2.4968]],[[32.4393,-2.4281],[32.4251,-2.3938],[32.4485,-2.3621],[32.4123,-2.3494],[32.413,-2.324],[32.4294,-2.2784],[32.4398,-2.266],[32.4337,-2.2769],[32.438,-2.285],[32.4442,-2.2977],[32.4507,-2.2875],[32.4575,-2.2776],[32.4695,-2.297],[32.4489,-2.3092],[32.4653,-2.3178],[32.4754,-2.3339],[32.5156,-2.3233],[32.5022,-2.286],[32.5133,-2.295],[32.5152,-2.2728],[32.5434,-2.2729],[32.5434,-2.3204],[32.5288,-2.3224],[32.5105,-2.3633],[32.5275,-2.3716],[32.525,-2.3926],[32.5107,-2.3842],[32.5086,-2.3962],[32.4934,-2.3946],[32.4908,-2.4136],[32.4853,-2.4104],[32.4788,-2.398],[32.4393,-2.4281]],[[32.473,-2.2802],[32.4744,-2.2747],[32.473,-2.2802],[32.473,-2.2802]],[[32.5826,-2.2936],[32.5722,-2.2842],[32.5826,-2.2936],[32.5826,-2.2936]],[[32.6048,-2.3089],[32.5871,-2.3026],[32.5863,-2.2951],[32.5935,-2.297],[32.6115,-2.2994],[32.6048,-2.3089]],[[32.682,-2.3168],[32.6856,-2.3175],[32.682,-2.3168],[32.682,-2.3168]],[[32.7006,-2.345],[32.6962,-2.3344],[32.7006,-2.345],[32.7006,-2.345]],[[32.6483,-2.3593],[32.6532,-2.3687],[32.6483,-2.3593],[32.6483,-2.3593]],[[32.7024,-2.3684],[32.7005,-2.3708],[32.6999,-2.3661],[32.7022,-2.3663],[32.7024,-2.3684]],[[32.706,-2.4375],[32.6965,-2.4295],[32.6967,-2.4209],[32.7196,-2.4444],[32.706,-2.4375]],[[32.7377,-2.4385],[32.7399,-2.4312],[32.7432,-2.4305],[32.7552,-2.4255],[32.7726,-2.4366],[32.7618,-2.4485],[32.7377,-2.4385]],[[32.7278,-2.4483],[32.7305,-2.4529],[32.7278,-2.4483],[32.7278,-2.4483]],[[32.8661,-2.5102],[32.8697,-2.5133],[32.8661,-2.5102],[32.8661,-2.5102]],[[32.8727,-2.5252],[32.8718,-2.5179],[32.8727,-2.5252],[32.8727,-2.5252]],[[32.8857,-2.556],[32.884,-2.5544],[32.8857,-2.556],[32.8857,-2.556]],[[32.875,-2.8073],[32.8802,-2.7974],[32.875,-2.8073],[32.875,-2.8073]]]]}},{"id":"feature_115","type":"Feature","properties":{"gid":"TZA.16.4_1","name":"Magu","region":"Mwanza","addo_count":14},"geometry":{"type":"MultiPolygon","coordinates":[[[[33.7883,-2.8061],[33.7771,-2.7264],[33.759,-2.7119],[33.7381,-2.697],[33.7047,-2.6865],[33.6474,-2.6449],[33.6254,-2.6332],[33.6308,-2.5836],[33.6293,-2.5583],[33.5861,-2.5692],[33.5822,-2.5432],[33.5743,-2.5201],[33.5573,-2.5095],[33.5153,-2.5174],[33.4752,-2.4891],[33.4614,-2.4984],[33.4611,-2.5313],[33.4158,-2.532],[33.3975,-2.5567],[33.4,-2.5246],[33.3415,-2.5334],[33.3586,-2.5122],[33.3435,-2.4915],[33.3318,-2.5381],[33.2935,-2.5492],[33.2938,-2.5063],[33.1902,-2.5136],[33.1663,-2.4692],[33.1427,-2.468],[33.1271,-2.4441],[33.1326,-2.4012],[33.1181,-2.3961],[33.1082,-2.3907],[33.0957,-2.3833],[33.0799,-2.3885],[33.0797,-2.3977],[33.0252,-2.4732],[33.039,-2.5001],[33.0175,-2.5528],[33.0161,-2.5839],[33.0258,-2.6009],[33.0282,-2.6131],[33.077,-2.6158],[33.0761,-2.6313],[33.1066,-2.6081],[33.1407,-2.6087],[33.2111,-2.6365],[33.2282,-2.6278],[33.2275,-2.6456],[33.2369,-2.6497],[33.329,-2.6427],[33.3732,-2.6528],[33.3702,-2.6807],[33.4019,-2.7199],[33.4476,-2.677],[33.4774,-2.7069],[33.5484,-2.6937],[33.6186,-2.7991],[33.6245,-2.8103],[33.6438,-2.825],[33.6746,-2.8358],[33.7274,-2.8149],[33.7379,-2.8257],[33.7619,-2.8329],[33.7883,-2.8061]]]]}},{"id":"feature_116","type":"Feature","properties":{"gid":"TZA.16.5_1","name":"Misungwi","region":"Mwanza","addo_count":3},"geometry":{"type":"MultiPolygon","coordinates":[[[[32.7865,-3.224],[32.7757,-3.2521],[32.8048,-3.251],[32.8428,-3.2323],[32.8561,-3.2649],[32.8852,-3.2709],[32.9164,-3.3035],[32.9173,-3.3049],[32.9307,-3.2292],[32.9683,-3.213],[32.9596,-3.1683],[33.0206,-3.1917],[33.0579,-3.1878],[33.0642,-3.1703],[33.1125,-3.1495],[33.0943,-3.1152],[33.1417,-3.131],[33.1924,-3.1036],[33.169,-3.0261],[33.2358,-2.9799],[33.2408,-2.959],[33.2099,-2.927],[33.2636,-2.9075],[33.2933,-2.8608],[33.2784,-2.8203],[33.1609,-2.8146],[33.1557,-2.8042],[33.1679,-2.7562],[33.1572,-2.7411],[33.2119,-2.7332],[33.2037,-2.6825],[33.2241,-2.6509],[33.2288,-2.6281],[33.2111,-2.6365],[33.1407,-2.6087],[33.1066,-2.6081],[33.0761,-2.6313],[33.077,-2.6158],[33.0282,-2.6131],[33.0266,-2.6243],[33.0232,-2.6276],[32.9941,-2.6345],[32.9242,-2.6553],[32.912,-2.6434],[32.8911,-2.6496],[32.8966,-2.6498],[32.9027,-2.658],[32.9091,-2.6686],[32.923,-2.6873],[32.9067,-2.6884],[32.8889,-2.6901],[32.883,-2.6999],[32.892,-2.7105],[32.9111,-2.7503],[32.9182,-2.7612],[32.9524,-2.7705],[32.9656,-2.7927],[32.9449,-2.7967],[32.9343,-2.8261],[32.9715,-2.8254],[32.9793,-2.858],[33.0086,-2.8481],[33.0214,-2.8837],[32.981,-2.8697],[32.9767,-2.874],[32.9755,-2.8694],[32.9793,-2.8707],[32.9687,-2.8594],[32.9715,-2.871],[32.9693,-2.8675],[32.9103,-2.8377],[32.9208,-2.8191],[32.9121,-2.795],[32.9039,-2.8015],[32.9022,-2.8218],[32.8841,-2.833],[32.8429,-2.8546],[32.811,-2.944],[32.8105,-2.9606],[32.8213,-2.9558],[32.7868,-2.9953],[32.7688,-3.0218],[32.7846,-3.0642],[32.7712,-3.0996],[32.7709,-3.1278],[32.7934,-3.1689],[32.7865,-3.224]]],[[[32.8802,-2.7974],[32.8802,-2.7974],[32.875,-2.8073],[32.8802,-2.7974]]]]}},{"id":"feature_117","type":"Feature","properties":{"gid":"TZA.16.6_1","name":"Nyamagana","region":"Mwanza","addo_count":18},"geometry":{"type":"MultiPolygon","coordinates":[[[[32.9941,-2.6345],[33.0232,-2.6276],[33.0266,-2.6243],[33.0258,-2.6009],[33.0161,-2.5839],[32.9916,-2.5391],[32.9291,-2.5294],[32.9292,-2.5136],[32.9092,-2.5009],[32.9022,-2.5026],[32.8895,-2.533],[32.8996,-2.5266],[32.9067,-2.5652],[32.9035,-2.5641],[32.8876,-2.5602],[32.895,-2.5697],[32.8971,-2.5854],[32.8813,-2.5827],[32.8847,-2.596],[32.8851,-2.6078],[32.8713,-2.6047],[32.8634,-2.6293],[32.8725,-2.6436],[32.8934,-2.6457],[32.912,-2.6434],[32.9242,-2.6553],[32.9941,-2.6345]]],[[[32.884,-2.5544],[32.884,-2.5544],[32.8857,-2.556],[32.884,-2.5544]]],[[[32.8718,-2.5179],[32.8718,-2.5179],[32.8727,-2.5252],[32.8718,-2.5179]]],[[[32.8697,-2.5133],[32.8697,-2.5133],[32.8661,-2.5102],[32.8697,-2.5133]]]]}},{"id":"feature_118","type":"Feature","properties":{"gid":"TZA.16.7_1","name":"Sengerema","region":"Mwanza","addo_count":32},"geometry":{"type":"MultiPolygon","coordinates":[[[[32.6893,-2.9898],[32.7047,-3.0037],[32.7513,-3.002],[32.7716,-2.9826],[32.7662,-2.97],[32.7778,-2.9695],[32.7756,-2.9575],[32.7632,-2.9376],[32.7787,-2.928],[32.7761,-2.9237],[32.7831,-2.9223],[32.7853,-2.9257],[32.8083,-2.9119],[32.7887,-2.8982],[32.7939,-2.8875],[32.8036,-2.8807],[32.7902,-2.8677],[32.7893,-2.8656],[32.7728,-2.8663],[32.7826,-2.8874],[32.7563,-2.8801],[32.7192,-2.884],[32.7209,-2.8685],[32.8535,-2.8293],[32.8543,-2.7908],[32.8692,-2.78],[32.8757,-2.7705],[32.865,-2.7658],[32.8736,-2.728],[32.8167,-2.7018],[32.845,-2.6769],[32.8296,-2.6588],[32.8113,-2.6715],[32.8036,-2.6303],[32.8264,-2.6352],[32.8193,-2.6053],[32.8397,-2.608],[32.833,-2.5826],[32.8463,-2.587],[32.8443,-2.5613],[32.8152,-2.5493],[32.8411,-2.5383],[32.8368,-2.5086],[32.8222,-2.5075],[32.8341,-2.4914],[32.7971,-2.4883],[32.8012,-2.5063],[32.7791,-2.4902],[32.7532,-2.5349],[32.7443,-2.4937],[32.698,-2.5095],[32.666,-2.4895],[32.6657,-2.4894],[32.7071,-2.4693],[32.6983,-2.4377],[32.661,-2.4105],[32.668,-2.3633],[32.642,-2.4009],[32.6317,-2.4631],[32.5276,-2.563],[32.516,-2.5556],[32.509,-2.5368],[32.5168,-2.4979],[32.5364,-2.5042],[32.5448,-2.4893],[32.5441,-2.4452],[32.5345,-2.4597],[32.5121,-2.4577],[32.5016,-2.4827],[32.4865,-2.4753],[32.487,-2.4516],[32.4789,-2.4555],[32.4764,-2.4692],[32.4612,-2.46],[32.4301,-2.4787],[32.4239,-2.4658],[32.4413,-2.4427],[32.3674,-2.4445],[32.3673,-2.4465],[32.3611,-2.4273],[32.3785,-2.4148],[32.3673,-2.3981],[32.3414,-2.4003],[32.3197,-2.3361],[32.369,-2.345],[32.3622,-2.3249],[32.3362,-2.3282],[32.3101,-2.2595],[32.2954,-2.2779],[32.2506,-2.284],[32.2324,-2.2503],[32.2248,-2.2528],[32.2184,-2.2537],[32.228,-2.2641],[32.2341,-2.3183],[32.1982,-2.3178],[32.1675,-2.3866],[32.1402,-2.3943],[32.1044,-2.3739],[32.0694,-2.3771],[32.055,-2.3986],[32.0669,-2.4232],[32.0781,-2.4356],[32.0925,-2.437],[32.1023,-2.4454],[32.1023,-2.4623],[32.1046,-2.469],[32.1146,-2.4753],[32.1257,-2.4692],[32.1467,-2.4669],[32.1448,-2.4731],[32.1535,-2.4817],[32.1555,-2.479],[32.1716,-2.502],[32.1839,-2.4972],[32.1818,-2.5186],[32.1896,-2.5088],[32.2114,-2.5021],[32.2257,-2.5445],[32.2647,-2.5764],[32.2694,-2.6077],[32.3532,-2.605],[32.4911,-2.6304],[32.5143,-2.6291],[32.5211,-2.6447],[32.5186,-2.6586],[32.4471,-2.6754],[32.4226,-2.682],[32.4052,-2.7369],[32.4292,-2.7704],[32.554,-2.7989],[32.5424,-2.8223],[32.578,-2.8681],[32.5803,-2.9161],[32.5823,-2.9314],[32.601,-2.9346],[32.6202,-2.9463],[32.6598,-2.9736],[32.6848,-2.9918],[32.6893,-2.9898]]],[[[32.1574,-2.4921],[32.1574,-2.4921],[32.1556,-2.4968],[32.1574,-2.4921]]],[[[32.0448,-2.3447],[32.0534,-2.3289],[32.0792,-2.2705],[32.0377,-2.2756],[32.0636,-2.2378],[32.0441,-2.2457],[32.0395,-2.2196],[31.9954,-2.2611],[31.9745,-2.2521],[31.977,-2.2718],[31.9433,-2.2755],[31.9335,-2.2944],[31.9725,-2.2903],[31.9885,-2.302],[31.9785,-2.3174],[31.997,-2.321],[31.9627,-2.3283],[31.9528,-2.3584],[31.9743,-2.3423],[31.9824,-2.3719],[32.0448,-2.3447]]],[[[32.2055,-2.2534],[32.2055,-2.2534],[32.1964,-2.255],[32.2055,-2.2534]]],[[[32.0675,-2.2187],[32.0638,-2.2348],[32.0717,-2.2259],[32.0675,-2.2187]]],[[[32.702,-2.3702],[32.7025,-2.3669],[32.7005,-2.3658],[32.6997,-2.369],[32.702,-2.3702]]],[[[32.6532,-2.3687],[32.6532,-2.3687],[32.6483,-2.3593],[32.6532,-2.3687]]],[[[32.6856,-2.3175],[32.6856,-2.3175],[32.682,-2.3168],[32.6856,-2.3175]]],[[[32.7305,-2.4529],[32.7305,-2.4529],[32.7278,-2.4483],[32.7305,-2.4529]]],[[[32.7399,-2.4312],[32.7377,-2.4385],[32.7618,-2.4485],[32.7726,-2.4366],[32.7552,-2.4255],[32.7432,-2.4305],[32.7399,-2.4312]]],[[[32.6965,-2.4295],[32.706,-2.4375],[32.7196,-2.4444],[32.6967,-2.4209],[32.6965,-2.4295]]],[[[32.6962,-2.3344],[32.6962,-2.3344],[32.7006,-2.345],[32.6962,-2.3344]]],[[[32.5871,-2.3026],[32.6048,-2.3089],[32.6115,-2.2994],[32.5935,-2.297],[32.5863,-2.2951],[32.5871,-2.3026]]],[[[32.5722,-2.2842],[32.5722,-2.2842],[32.5826,-2.2936],[32.5722,-2.2842]]],[[[32.4754,-2.3339],[32.4653,-2.3178],[32.4489,-2.3092],[32.4695,-2.297],[32.4575,-2.2776],[32.4507,-2.2875],[32.4448,-2.2976],[32.438,-2.285],[32.4337,-2.2769],[32.4384,-2.2653],[32.4294,-2.2784],[32.413,-2.324],[32.4123,-2.3494],[32.4485,-2.3621],[32.4251,-2.3938],[32.4393,-2.4281],[32.4788,-2.398],[32.4853,-2.4104],[32.4908,-2.4136],[32.4915,-2.3975],[32.5086,-2.3962],[32.5107,-2.3842],[32.525,-2.3926],[32.5275,-2.3716],[32.5105,-2.3633],[32.5288,-2.3224],[32.5434,-2.3204],[32.5434,-2.2729],[32.5152,-2.2728],[32.5133,-2.295],[32.5022,-2.286],[32.5156,-2.3233],[32.4754,-2.3339]]],[[[32.4744,-2.2747],[32.4744,-2.2747],[32.473,-2.2802],[32.4744,-2.2747]]],[[[32.3248,-2.2396],[32.3248,-2.2396],[32.318,-2.238],[32.3248,-2.2396]]],[[[32.0776,-2.2129],[32.0776,-2.2129],[32.0726,-2.213],[32.0776,-2.2129]]],[[[32.2723,-2.2126],[32.2723,-2.2126],[32.2742,-2.2096],[32.2723,-2.2126]]],[[[32.1479,-2.1838],[32.1479,-2.1838],[32.1521,-2.1819],[32.1479,-2.1838]]],[[[32.127,-2.178],[32.1266,-2.179],[32.1336,-2.1765],[32.1288,-2.1766],[32.127,-2.178]]],[[[32.1388,-2.1709],[32.1524,-2.1709],[32.1572,-2.1619],[32.1388,-2.1709]]],[[[32.1317,-2.164],[32.1317,-2.164],[32.122,-2.1566],[32.1317,-2.164]]]]}},{"id":"feature_119","type":"Feature","properties":{"gid":"TZA.16.8_1","name":"Ukerewe","region":"Mwanza","addo_count":26},"geometry":{"type":"MultiPolygon","coordinates":[[[[33.1449,-2.0943],[33.131,-2.0824],[33.1219,-2.0722],[33.1372,-2.0569],[33.1476,-2.0533],[33.1057,-2.0369],[33.1081,-1.9605],[33.0954,-1.9522],[33.0932,-1.9684],[33.0335,-1.9651],[33.0071,-1.9867],[32.965,-1.9796],[32.9275,-1.9356],[32.9496,-1.8976],[32.9063,-1.885],[32.8862,-1.9287],[32.8206,-1.9287],[32.8379,-1.9548],[32.8614,-1.9436],[32.8743,-1.9536],[32.8681,-1.9701],[32.905,-1.9741],[32.8674,-2.0079],[32.862,-2.0201],[32.8581,-2.0207],[32.8431,-2.0514],[32.8612,-2.0644],[32.8846,-2.0591],[32.8832,-2.0803],[32.9331,-2.0794],[33.063,-2.1336],[33.0675,-2.1195],[33.0766,-2.1097],[33.0987,-2.1148],[33.1118,-2.1495],[33.144,-2.1753],[33.1591,-2.1692],[33.1533,-2.1313],[33.1674,-2.1325],[33.1713,-2.1404],[33.1825,-2.1425],[33.1601,-2.1087],[33.1484,-2.0967],[33.1449,-2.0943]]],[[[33.1878,-2.1104],[33.1878,-2.1104],[33.1935,-2.1148],[33.1878,-2.1104]]],[[[33.0552,-2.1468],[33.0521,-2.1423],[33.0498,-2.1496],[33.0551,-2.1508],[33.0552,-2.1468]]],[[[33.2111,-1.9335],[33.2111,-1.9335],[33.217,-1.9343],[33.2111,-1.9335]]],[[[33.1769,-1.9346],[33.1849,-1.9234],[33.1423,-1.924],[33.1769,-1.9346]]],[[[33.1914,-1.9257],[33.1907,-1.9277],[33.1978,-1.9294],[33.1955,-1.9255],[33.1914,-1.9257]]],[[[33.0062,-2.1261],[33.0062,-2.1261],[33.0081,-2.1337],[33.0062,-2.1261]]],[[[32.7813,-2.1178],[32.7814,-2.1139],[32.7773,-2.115],[32.7772,-2.1203],[32.7813,-2.1178]]],[[[32.89,-2.1247],[32.891,-2.137],[32.8932,-2.1334],[32.9041,-2.1357],[32.9072,-2.1136],[32.8807,-2.0953],[32.8681,-2.1094],[32.89,-2.1247]]],[[[32.8303,-1.9674],[32.8315,-1.9686],[32.8321,-1.9652],[32.8287,-1.9656],[32.8303,-1.9674]]],[[[32.8208,-1.9685],[32.823,-1.9747],[32.8257,-1.9658],[32.8203,-1.9607],[32.8208,-1.9685]]],[[[32.882,-1.8786],[32.8846,-1.8791],[32.8829,-1.8759],[32.8816,-1.8764],[32.882,-1.8786]]],[[[32.8661,-1.8621],[32.8398,-1.8514],[32.8539,-1.8699],[32.8646,-1.8785],[32.8661,-1.8621]]],[[[32.8122,-1.8421],[32.8122,-1.8421],[32.8084,-1.8382],[32.8122,-1.8421]]],[[[32.8888,-1.8422],[32.8888,-1.8422],[32.893,-1.839],[32.8888,-1.8422]]],[[[32.8898,-1.8303],[32.8885,-1.8321],[32.8898,-1.8332],[32.8909,-1.8318],[32.8898,-1.8303]]],[[[33.0078,-1.8499],[33.0082,-1.8623],[33.0063,-1.8646],[33.007,-1.8673],[33.0227,-1.8888],[33.0656,-1.8724],[33.0888,-1.8601],[33.0941,-1.8624],[33.0986,-1.8475],[33.0863,-1.8248],[33.0999,-1.8181],[33.091,-1.8022],[33.0862,-1.7999],[33.0828,-1.7926],[33.0817,-1.7965],[33.0778,-1.8019],[33.0089,-1.8],[33.0118,-1.8133],[33.0078,-1.8499]]],[[[32.9037,-1.8253],[32.9037,-1.8253],[32.9013,-1.8261],[32.9037,-1.8253]]],[[[32.8323,-1.8262],[32.8323,-1.8262],[32.8382,-1.8268],[32.8323,-1.8262]]],[[[32.807,-1.8214],[32.8066,-1.8238],[32.8117,-1.8235],[32.8112,-1.8199],[32.807,-1.8214]]],[[[32.8141,-1.8161],[32.8141,-1.8161],[32.8153,-1.8091],[32.8141,-1.8161]]],[[[32.798,-1.8019],[32.798,-1.8019],[32.7991,-1.8087],[32.798,-1.8019]]],[[[33.0514,-1.933],[33.0575,-1.9444],[33.0715,-1.939],[33.0526,-1.915],[33.0514,-1.933]]],[[[33.4061,-1.732],[33.4091,-1.7402],[33.4222,-1.7219],[33.4061,-1.732]]],[[[33.3333,-1.7068],[33.3366,-1.7253],[33.3705,-1.7424],[33.3627,-1.7114],[33.3333,-1.7068]]],[[[33.4182,-1.6842],[33.4245,-1.6941],[33.4277,-1.6786],[33.4182,-1.6842]]],[[[33.3935,-1.675],[33.3935,-1.675],[33.3996,-1.67],[33.3935,-1.675]]]]}},{"id":"feature_120","type":"Feature","properties":{"gid":"TZA.17.1_1","name":"Ludewa","region":"Njombe","addo_count":39},"geometry":{"type":"MultiPolygon","coordinates":[[[[34.0778,-9.5287],[34.306,-9.7402],[34.3355,-9.7955],[34.5241,-10.0164],[34.539,-10.0642],[34.5225,-10.1153],[34.5548,-10.1885],[34.5708,-10.2932],[34.5416,-10.4156],[34.5756,-10.4672],[34.5485,-10.5222],[34.6029,-10.5374],[34.6129,-10.5305],[34.6834,-10.5357],[34.7042,-10.5106],[34.766,-10.4931],[34.7832,-10.4416],[34.8156,-10.4569],[34.8183,-10.49],[34.8179,-10.4919],[34.8702,-10.4569],[34.88,-10.4278],[34.9671,-10.337],[34.9787,-10.3161],[34.9904,-10.3134],[35.0093,-10.3149],[34.9922,-10.2855],[34.9967,-10.2633],[35.012,-10.2666],[34.9807,-10.2291],[34.991,-10.1916],[35.0363,-10.1868],[35.0389,-10.1639],[35.0542,-10.1707],[35.0616,-10.1526],[35.0687,-10.1725],[35.1095,-10.1762],[35.1269,-10.1608],[35.1122,-10.148],[35.13,-10.1378],[35.1319,-10.1636],[35.1444,-10.165],[35.1491,-10.163],[35.2094,-10.0378],[35.2125,-9.979],[35.168,-9.9157],[35.177,-9.8389],[35.1064,-9.7762],[35.136,-9.7653],[34.9193,-9.7025],[34.8754,-9.6692],[34.8241,-9.681],[34.7828,-9.67],[34.7283,-9.6865],[34.6502,-9.6533],[34.6238,-9.62],[34.546,-9.6475],[34.5152,-9.6336],[34.4499,-9.6793],[34.4195,-9.6769],[34.4069,-9.6768],[34.3406,-9.7092],[34.301,-9.7005],[34.2576,-9.6363],[34.1581,-9.5529],[34.0905,-9.5094],[34.0778,-9.5287]]]]}},{"id":"feature_121","type":"Feature","properties":{"gid":"TZA.17.2_1","name":"Makambako Town","region":"Njombe","addo_count":26},"geometry":{"type":"MultiPolygon","coordinates":[[[[34.8313,-8.9793],[34.8377,-8.9518],[34.8577,-8.9403],[34.8927,-8.9228],[34.9039,-8.9313],[34.933,-8.9306],[34.9417,-8.953],[34.9681,-8.9539],[35.0025,-9.0355],[35.1023,-9.0186],[35.1216,-9.0101],[35.1301,-8.977],[35.1107,-8.9419],[35.1409,-8.9033],[35.1295,-8.8798],[35.144,-8.8492],[35.1414,-8.8159],[35.1312,-8.7769],[35.0704,-8.776],[35.0425,-8.7794],[35.0385,-8.7923],[35.0025,-8.8155],[34.9795,-8.83],[34.9309,-8.819],[34.9062,-8.8117],[34.8548,-8.771],[34.8444,-8.7818],[34.8293,-8.8139],[34.7926,-8.8356],[34.7935,-8.8571],[34.6994,-8.9063],[34.7525,-8.9358],[34.7665,-8.9607],[34.6902,-9.0055],[34.6925,-9.0283],[34.7212,-9.0154],[34.7468,-9.035],[34.7538,-9.0353],[34.7748,-8.9968],[34.8244,-9.0121],[34.8313,-8.9793]]]]}},{"id":"feature_122","type":"Feature","properties":{"gid":"TZA.17.3_1","name":"Makete","region":"Njombe","addo_count":20},"geometry":{"type":"MultiPolygon","coordinates":[[[[34.2576,-9.6363],[34.3022,-9.7016],[34.3406,-9.7092],[34.4069,-9.6768],[34.3994,-9.6701],[34.3924,-9.5752],[34.4132,-9.5371],[34.4616,-9.5048],[34.4842,-9.4643],[34.4762,-9.439],[34.466,-9.4326],[34.4281,-9.3582],[34.3256,-9.2958],[34.321,-9.2697],[34.2745,-9.2432],[34.3051,-9.194],[34.352,-9.1921],[34.3648,-9.1857],[34.3746,-9.1458],[34.4018,-9.1445],[34.3988,-9.0922],[34.3523,-9.0552],[34.3371,-8.9911],[34.2983,-8.9667],[34.2826,-8.9227],[34.2373,-8.938],[34.2008,-8.9397],[34.159,-8.8605],[34.0953,-8.8404],[34.0571,-8.8439],[34.0561,-8.8793],[34.0393,-8.9007],[33.9938,-8.8882],[33.9928,-8.8688],[33.9017,-8.8766],[33.9007,-8.8415],[33.8461,-8.8459],[33.8189,-8.9105],[33.826,-8.9623],[33.829,-9.0316],[33.824,-9.0498],[33.8118,-9.066],[33.8484,-9.1039],[33.8601,-9.1596],[33.8385,-9.1967],[33.8716,-9.2363],[33.9221,-9.2523],[33.949,-9.2892],[33.9827,-9.33],[33.9848,-9.3613],[33.9798,-9.3703],[33.9814,-9.3806],[33.9954,-9.402],[34.0682,-9.4985],[34.1581,-9.5529],[34.2576,-9.6363]]]]}},{"id":"feature_123","type":"Feature","properties":{"gid":"TZA.17.5_1","name":"Njombe Rural","region":"Njombe","addo_count":0},"geometry":{"type":"MultiPolygon","coordinates":[[[[35.3012,-9.6304],[35.3075,-9.6496],[35.3301,-9.6384],[35.3685,-9.6203],[35.4737,-9.5077],[35.5011,-9.4913],[35.5008,-9.1786],[35.524,-9.0687],[35.4652,-9.039],[35.381,-9.015],[35.3072,-9.0395],[35.2914,-9.0377],[35.2458,-9.0364],[35.1996,-9.042],[35.14,-9.0319],[35.1023,-9.0186],[35.0025,-9.0355],[34.9681,-8.9539],[34.9417,-8.953],[34.933,-8.9306],[34.9039,-8.9313],[34.8927,-8.9228],[34.8577,-8.9403],[34.8389,-8.9495],[34.8313,-8.9793],[34.8244,-9.0121],[34.7748,-8.9968],[34.7538,-9.0353],[34.7608,-9.037],[34.7995,-9.0657],[34.7951,-9.1027],[34.8361,-9.1212],[34.8194,-9.1409],[34.8126,-9.1742],[34.8459,-9.182],[34.8154,-9.2914],[34.9401,-9.3145],[34.9615,-9.3497],[34.9968,-9.3513],[35.0356,-9.3817],[35.0834,-9.3456],[35.2091,-9.3677],[35.2845,-9.4564],[35.2783,-9.4653],[35.2992,-9.4718],[35.3055,-9.4889],[35.2981,-9.5073],[35.3012,-9.6304]]]]}},{"id":"feature_124","type":"Feature","properties":{"gid":"TZA.17.4_1","name":"Njombe Urban","region":"Njombe","addo_count":0},"geometry":{"type":"MultiPolygon","coordinates":[[[[34.9193,-9.7025],[35.1364,-9.7658],[35.1409,-9.7562],[35.301,-9.6517],[35.3075,-9.6496],[35.3012,-9.6304],[35.2981,-9.5073],[35.3055,-9.4889],[35.2992,-9.4718],[35.2783,-9.4653],[35.2845,-9.4564],[35.2091,-9.3677],[35.0834,-9.3456],[35.0356,-9.3817],[34.9968,-9.3513],[34.9615,-9.3497],[34.9401,-9.3145],[34.8154,-9.2914],[34.8459,-9.182],[34.8118,-9.1754],[34.8142,-9.1869],[34.7614,-9.2117],[34.7635,-9.235],[34.7267,-9.229],[34.6931,-9.2605],[34.6838,-9.4023],[34.663,-9.4035],[34.6017,-9.4098],[34.5696,-9.4189],[34.569,-9.4363],[34.5271,-9.4437],[34.4762,-9.439],[34.4842,-9.4643],[34.4616,-9.5048],[34.4132,-9.5371],[34.3924,-9.5752],[34.3994,-9.6701],[34.4195,-9.6769],[34.4499,-9.6793],[34.5152,-9.6336],[34.546,-9.6475],[34.6238,-9.62],[34.6502,-9.6533],[34.7283,-9.6865],[34.7828,-9.67],[34.8241,-9.681],[34.8754,-9.6692],[34.9193,-9.7025]]]]}},{"id":"feature_125","type":"Feature","properties":{"gid":"TZA.17.6_1","name":"Wanging'ombe","region":"Njombe","addo_count":48},"geometry":{"type":"MultiPolygon","coordinates":[[[[34.569,-9.4363],[34.5683,-9.4203],[34.6017,-9.4098],[34.663,-9.4035],[34.6838,-9.4023],[34.6931,-9.2605],[34.7267,-9.229],[34.7635,-9.235],[34.7614,-9.2117],[34.8142,-9.1869],[34.8118,-9.1754],[34.8194,-9.1409],[34.8361,-9.1212],[34.7951,-9.1027],[34.7995,-9.0657],[34.7608,-9.037],[34.7468,-9.035],[34.7212,-9.0154],[34.6925,-9.0283],[34.6902,-9.0055],[34.7665,-8.9607],[34.7525,-8.9358],[34.6994,-8.9063],[34.7935,-8.8571],[34.7926,-8.8356],[34.8293,-8.8139],[34.8444,-8.7818],[34.87,-8.7533],[34.8766,-8.7332],[34.8959,-8.7291],[34.8648,-8.6924],[34.8604,-8.6881],[34.7061,-8.6651],[34.6749,-8.6669],[34.5906,-8.6927],[34.5464,-8.7893],[34.5121,-8.8121],[34.3923,-8.8307],[34.2963,-8.8255],[34.2911,-8.8707],[34.2826,-8.9227],[34.2983,-8.9667],[34.3371,-8.9911],[34.3523,-9.0552],[34.3988,-9.0922],[34.4018,-9.1445],[34.3746,-9.1458],[34.3648,-9.1857],[34.352,-9.1921],[34.3051,-9.194],[34.2745,-9.2432],[34.321,-9.2697],[34.3256,-9.2958],[34.4281,-9.3582],[34.466,-9.4326],[34.5271,-9.4437],[34.569,-9.4363]]]]}},{"id":"feature_126","type":"Feature","properties":{"gid":"TZA.20.1_1","name":"Bagamoyo","region":"Pwani","addo_count":0},"geometry":{"type":"MultiPolygon","coordinates":[[[[38.78,-6.5966],[38.7818,-6.5887],[38.8043,-6.5723],[38.8035,-6.5646],[38.8135,-6.565],[38.8103,-6.6486],[38.8452,-6.6634],[38.8528,-6.6623],[38.8472,-6.62],[38.8674,-6.6187],[38.9438,-6.5489],[38.9712,-6.5539],[39.0045,-6.568],[39.0031,-6.6241],[39.0598,-6.6231],[39.0727,-6.6341],[39.0807,-6.6029],[39.1089,-6.5798],[39.1213,-6.566],[39.0324,-6.4671],[38.9776,-6.4546],[39.0376,-6.4734],[39.0204,-6.4938],[38.9604,-6.4546],[38.9212,-6.451],[38.901,-6.4054],[38.871,-6.3821],[38.8571,-6.386],[38.8693,-6.3993],[38.8532,-6.4074],[38.8679,-6.3993],[38.8521,-6.3893],[38.8657,-6.3729],[38.841,-6.3151],[38.8646,-6.1762],[38.8149,-6.124],[38.781,-6.0538],[38.801,-5.9622],[38.7601,-5.9554],[38.7312,-5.9554],[38.7047,-5.9477],[38.7002,-5.9608],[38.6612,-5.9549],[38.6439,-5.9684],[38.6324,-5.9869],[38.5971,-5.9835],[38.5626,-6.0179],[38.5447,-5.9989],[38.4834,-6.0017],[38.4709,-6.02],[38.4489,-6.0103],[38.4156,-6.0082],[38.4041,-5.9804],[38.3921,-5.9957],[38.3798,-5.9837],[38.3425,-5.9893],[38.3195,-5.9367],[38.2327,-5.9243],[38.2199,-5.8962],[38.199,-5.8962],[38.2005,-5.8766],[38.1689,-5.8713],[38.1647,-5.8573],[38.1357,-5.8678],[38.074,-5.8499],[38.0584,-5.8655],[38.0099,-5.8611],[38.0025,-5.8758],[37.9764,-5.8545],[37.9713,-5.8504],[37.9451,-5.8453],[37.918,-5.8509],[37.8661,-5.8941],[37.7991,-5.8924],[37.8039,-5.8971],[37.8654,-5.9518],[37.8439,-5.9938],[37.8675,-6.0191],[37.8856,-6.097],[37.9555,-6.117],[37.9755,-6.1592],[37.9613,-6.1657],[38.0583,-6.1846],[38.0802,-6.2173],[38.04,-6.2075],[38.012,-6.2222],[38.0024,-6.2498],[38.0018,-6.6022],[38.0155,-6.6117],[38.0234,-6.6354],[38.0374,-6.6519],[38.1123,-6.6676],[38.2048,-6.7014],[38.2315,-6.7014],[38.2411,-6.7029],[38.2588,-6.6958],[38.3326,-6.6799],[38.4334,-6.7256],[38.477,-6.7138],[38.494,-6.736],[38.5428,-6.7163],[38.5741,-6.7341],[38.6,-6.7781],[38.6248,-6.7651],[38.6494,-6.7757],[38.6733,-6.759],[38.6903,-6.7016],[38.6992,-6.6803],[38.716,-6.6719],[38.7102,-6.6527],[38.7363,-6.6457],[38.7601,-6.6307],[38.773,-6.6154],[38.7796,-6.6005],[38.78,-6.5966]]],[[[39.0021,-6.4762],[39.0004,-6.4754],[38.9993,-6.4774],[39.0032,-6.4779],[39.0021,-6.4762]]],[[[38.9863,-6.4726],[38.9879,-6.474],[38.9885,-6.4715],[38.9874,-6.4715],[38.9863,-6.4726]]],[[[39.0051,-6.4671],[38.9987,-6.4735],[39.0079,-6.479],[39.0074,-6.4704],[39.0051,-6.4671]]],[[[38.9807,-6.4643],[38.9743,-6.4637],[38.9746,-6.4688],[38.9807,-6.4693],[38.9807,-6.4643]]],[[[38.8546,-6.3888],[38.8532,-6.3874],[38.8551,-6.3918],[38.8551,-6.3907],[38.8546,-6.3888]]]]}},{"id":"feature_127","type":"Feature","properties":{"gid":"TZA.20.3_1","name":"Kibaha","region":"Pwani","addo_count":0},"geometry":{"type":"MultiPolygon","coordinates":[[[[38.9064,-6.8289],[38.9017,-6.8321],[38.8789,-6.8144],[38.8688,-6.7556],[38.8366,-6.7589],[38.8348,-6.7948],[38.81,-6.7953],[38.7948,-6.8275],[38.7833,-6.8202],[38.7801,-6.7789],[38.7592,-6.7608],[38.7765,-6.7053],[38.7599,-6.6469],[38.7363,-6.6457],[38.7102,-6.6527],[38.716,-6.6719],[38.6992,-6.6803],[38.6903,-6.7016],[38.6733,-6.759],[38.6494,-6.7757],[38.6248,-6.7651],[38.6,-6.7781],[38.5741,-6.7341],[38.5428,-6.7163],[38.494,-6.736],[38.477,-6.7138],[38.4334,-6.7256],[38.3326,-6.6799],[38.2588,-6.6958],[38.247,-6.7038],[38.2644,-6.7866],[38.2638,-6.9213],[38.2708,-6.9434],[38.2872,-6.928],[38.3073,-6.9262],[38.3604,-6.9411],[38.3861,-6.9656],[38.4211,-6.9466],[38.46,-6.9703],[38.5034,-6.9729],[38.5422,-6.9618],[38.5428,-6.9543],[38.5436,-6.9565],[38.5756,-6.8721],[38.5986,-6.8944],[38.6352,-6.8555],[38.727,-6.8644],[38.7936,-6.8557],[38.7995,-6.8409],[38.8186,-6.8686],[38.8097,-6.8988],[38.833,-6.9185],[38.844,-6.8972],[38.8802,-6.8961],[38.8809,-6.942],[38.9744,-6.9494],[38.9568,-6.9181],[38.9509,-6.8489],[38.9527,-6.8346],[38.9283,-6.7911],[38.9215,-6.8032],[38.9064,-6.8289]]]]}},{"id":"feature_128","type":"Feature","properties":{"gid":"TZA.20.2_1","name":"Kibaha Urban","region":"Pwani","addo_count":0},"geometry":{"type":"MultiPolygon","coordinates":[[[[38.9994,-6.8033],[39.0101,-6.7841],[39.0604,-6.7211],[39.0711,-6.6485],[39.0598,-6.6231],[39.0031,-6.6241],[39.0045,-6.568],[38.9712,-6.5539],[38.9438,-6.5489],[38.8674,-6.6187],[38.8472,-6.62],[38.8528,-6.6623],[38.8452,-6.6634],[38.8103,-6.6486],[38.8135,-6.565],[38.8035,-6.5646],[38.8043,-6.5723],[38.7818,-6.5887],[38.78,-6.5966],[38.7796,-6.6005],[38.773,-6.6154],[38.7601,-6.6307],[38.7599,-6.6469],[38.7765,-6.7053],[38.7592,-6.7608],[38.7801,-6.7789],[38.7833,-6.8202],[38.7948,-6.8275],[38.81,-6.7953],[38.8348,-6.7948],[38.8366,-6.7589],[38.8688,-6.7556],[38.8789,-6.8144],[38.9017,-6.8321],[38.9064,-6.8289],[38.9215,-6.8032],[38.9283,-6.7911],[38.9527,-6.8346],[38.9649,-6.831],[38.9828,-6.8033],[38.9994,-6.8033]]]]}},{"id":"feature_129","type":"Feature","properties":{"gid":"TZA.20.4_1","name":"Kisarawe","region":"Pwani","addo_count":0},"geometry":{"type":"MultiPolygon","coordinates":[[[[38.307,-7.5372],[38.305,-7.5809],[38.4202,-7.5786],[38.8296,-7.5815],[38.8618,-7.5502],[38.8666,-7.5332],[38.8478,-7.5024],[38.9185,-7.4867],[38.9264,-7.4774],[38.8699,-7.4317],[38.8267,-7.434],[38.8237,-7.4181],[38.823,-7.3868],[38.8393,-7.2562],[38.8601,-7.2573],[38.8653,-7.2643],[38.8843,-7.2759],[38.8967,-7.2777],[38.9023,-7.2174],[38.9123,-7.2225],[38.9473,-7.2063],[39.0018,-7.1904],[39.0099,-7.1803],[39.0143,-7.1773],[39.0272,-7.1575],[39.0622,-7.13],[39.0787,-7.1169],[39.0741,-7.0984],[39.0809,-7.0635],[39.0778,-7.0605],[39.0686,-7.0313],[39.0462,-7.0432],[39.0351,-7.0463],[39.0252,-7.0299],[39.0231,-7.0233],[39.0509,-7.0283],[39.0652,-7.014],[39.0745,-6.9796],[39.0596,-6.9731],[39.0941,-6.9334],[39.0881,-6.9231],[39.1088,-6.9151],[39.1113,-6.8765],[39.0982,-6.8736],[39.0713,-6.8677],[39.0543,-6.8429],[39.0541,-6.7901],[39.0355,-6.7919],[39.0077,-6.7871],[38.9994,-6.8033],[38.9828,-6.8033],[38.9649,-6.831],[38.9509,-6.8489],[38.9568,-6.9181],[38.9744,-6.9494],[38.8809,-6.942],[38.8802,-6.8961],[38.844,-6.8972],[38.833,-6.9185],[38.8097,-6.8988],[38.8186,-6.8686],[38.7995,-6.8409],[38.7936,-6.8557],[38.727,-6.8644],[38.6352,-6.8555],[38.5986,-6.8944],[38.5756,-6.8721],[38.5436,-6.9565],[38.5428,-6.9543],[38.5422,-6.9618],[38.5034,-6.9729],[38.46,-6.9703],[38.4211,-6.9466],[38.3861,-6.9656],[38.3604,-6.9411],[38.3073,-6.9262],[38.2872,-6.928],[38.2708,-6.9434],[38.2753,-6.9756],[38.2808,-6.9864],[38.2933,-6.9751],[38.2992,-6.9728],[38.306,-6.9761],[38.3117,-6.9798],[38.3176,-7.0091],[38.3385,-7.0176],[38.361,-7.0169],[38.3892,-7.0159],[38.398,-7.0159],[38.4142,-7.031],[38.4786,-7.0256],[38.5067,-7.0261],[38.5156,-7.0488],[38.4916,-7.0658],[38.4743,-7.1174],[38.4561,-7.1215],[38.4316,-7.1837],[38.4002,-7.1935],[38.3803,-7.1798],[38.3059,-7.2686],[38.307,-7.5372]]]]}},{"id":"feature_130","type":"Feature","properties":{"gid":"TZA.20.5_1","name":"Mafia","region":"Pwani","addo_count":0},"geometry":{"type":"MultiPolygon","coordinates":[[[[39.7163,-8.0471],[39.7221,-8.0735],[39.7451,-8.0521],[39.7196,-8.0499],[39.7163,-8.0471]]],[[[39.7654,-8.034],[39.7629,-8.0337],[39.7618,-8.0365],[39.7654,-8.0362],[39.7654,-8.034]]],[[[39.8024,-7.9629],[39.7929,-7.9857],[39.7668,-7.9799],[39.7487,-8.0171],[39.759,-8.0307],[39.8004,-7.9979],[39.814,-7.9729],[39.8024,-7.9629]]],[[[39.7468,-7.9799],[39.7465,-7.981],[39.7493,-7.9776],[39.7482,-7.9779],[39.7468,-7.9799]]],[[[39.8168,-7.9271],[39.8035,-7.9349],[39.8037,-7.9435],[39.8185,-7.9393],[39.8168,-7.9271]]],[[[39.8626,-7.8404],[39.8974,-7.7576],[39.9054,-7.6387],[39.8662,-7.684],[39.8418,-7.7485],[39.809,-7.7534],[39.771,-7.784],[39.816,-7.774],[39.8179,-7.789],[39.7076,-7.8187],[39.7168,-7.8501],[39.6699,-7.9024],[39.5899,-7.949],[39.6476,-7.9957],[39.7418,-7.9799],[39.7379,-7.9349],[39.7721,-7.9065],[39.8343,-7.914],[39.8626,-7.8404]]],[[[39.8385,-7.7399],[39.8363,-7.739],[39.8343,-7.7446],[39.8357,-7.7443],[39.8385,-7.7399]]],[[[39.886,-7.6615],[39.8793,-7.6668],[39.881,-7.669],[39.8832,-7.6685],[39.886,-7.6615]]],[[[39.5146,-7.9418],[39.5065,-7.9443],[39.5326,-7.9474],[39.5307,-7.9451],[39.5146,-7.9418]]],[[[39.6035,-7.9421],[39.5993,-7.9435],[39.5962,-7.9429],[39.6015,-7.9451],[39.6035,-7.9421]]],[[[39.7618,-7.9704],[39.7546,-7.9826],[39.7585,-7.9882],[39.7665,-7.9754],[39.7618,-7.9704]]],[[[39.6821,-7.7021],[39.6801,-7.7015],[39.6799,-7.7043],[39.6829,-7.7038],[39.6821,-7.7021]]],[[[39.6826,-7.6149],[39.6801,-7.619],[39.6849,-7.6221],[39.686,-7.6196],[39.6826,-7.6149]]]]}},{"id":"feature_131","type":"Feature","properties":{"gid":"TZA.20.6_1","name":"Mkuranga","region":"Pwani","addo_count":0},"geometry":{"type":"MultiPolygon","coordinates":[[[[39.356,-7.321],[39.3521,-7.3226],[39.3515,-7.329],[39.3529,-7.329],[39.356,-7.321]]],[[[39.3607,-7.3196],[39.3565,-7.326],[39.3638,-7.3274],[39.3643,-7.3263],[39.3607,-7.3196]]],[[[39.3883,-7.2799],[39.3835,-7.2793],[39.3879,-7.2843],[39.3883,-7.2799]]],[[[39.4837,-7.2612],[39.4837,-7.2612],[39.4837,-7.2612],[39.4837,-7.2612]]],[[[39.4837,-7.2612],[39.4832,-7.2607],[39.4821,-7.2604],[39.4837,-7.2612]]],[[[39.3999,-7.5349],[39.3868,-7.5426],[39.3932,-7.5529],[39.4032,-7.5476],[39.3999,-7.5349]]],[[[39.4096,-7.5154],[39.4079,-7.5146],[39.4057,-7.5168],[39.4074,-7.5168],[39.4096,-7.5154]]],[[[39.3426,-7.4099],[39.341,-7.409],[39.3421,-7.4132],[39.3432,-7.4129],[39.3426,-7.4099]]],[[[39.4093,-7.3996],[39.4004,-7.3982],[39.3743,-7.4129],[39.4157,-7.4235],[39.4093,-7.3996]]],[[[39.4335,-7.4088],[39.4301,-7.4082],[39.4299,-7.4093],[39.434,-7.411],[39.4335,-7.4088]]],[[[39.4785,-7.3346],[39.4749,-7.3351],[39.4774,-7.339],[39.4799,-7.3374],[39.4785,-7.3346]]],[[[39.1639,-7.5119],[39.2136,-7.5107],[39.2387,-7.5276],[39.2871,-7.5532],[39.3129,-7.4488],[39.3529,-7.3974],[39.3507,-7.3226],[39.4107,-7.2526],[39.3979,-7.2457],[39.4046,-7.2429],[39.414,-7.2485],[39.4193,-7.2318],[39.4129,-7.2535],[39.4254,-7.2471],[39.4442,-7.1811],[39.4515,-7.1565],[39.4372,-7.1683],[39.4348,-7.1576],[39.426,-7.152],[39.4071,-7.169],[39.4049,-7.1595],[39.4177,-7.1256],[39.393,-7.0857],[39.4078,-7.0706],[39.4085,-7.0527],[39.386,-6.9691],[39.3276,-6.948],[39.2778,-6.9577],[39.2747,-6.9448],[39.2639,-6.9471],[39.2399,-6.9549],[39.2343,-6.9698],[39.2206,-6.9943],[39.1969,-6.9852],[39.1831,-6.9873],[39.178,-6.9937],[39.1681,-7.0156],[39.159,-7.0187],[39.158,-7.0169],[39.1524,-7.0234],[39.1428,-7.0397],[39.14,-7.0432],[39.131,-7.0752],[39.1244,-7.0812],[39.1088,-7.09],[39.1083,-7.0867],[39.1135,-7.0735],[39.0876,-7.0635],[39.0822,-7.0678],[39.0809,-7.0635],[39.0741,-7.0984],[39.0776,-7.1191],[39.0622,-7.13],[39.0272,-7.1575],[39.0143,-7.1773],[39.0099,-7.1803],[39.0018,-7.1904],[38.9473,-7.2063],[38.9123,-7.2225],[38.9023,-7.2174],[38.8967,-7.2777],[38.8843,-7.2759],[38.8653,-7.2643],[38.8601,-7.2573],[38.8384,-7.258],[38.823,-7.3868],[38.8237,-7.4181],[38.8267,-7.434],[38.8699,-7.4317],[38.9264,-7.4774],[38.9336,-7.4806],[38.9488,-7.4723],[38.9599,-7.4745],[39.0249,-7.5414],[39.1107,-7.5452],[39.1639,-7.5119]]]]}},{"id":"feature_132","type":"Feature","properties":{"gid":"TZA.20.7_1","name":"Rufiji","region":"Pwani","addo_count":0},"geometry":{"type":"MultiPolygon","coordinates":[[[[38.7427,-8.4966],[38.79,-8.4347],[38.8565,-8.3942],[38.9509,-8.3702],[39.0138,-8.3342],[39.0937,-8.3321],[39.1336,-8.3064],[39.1437,-8.3005],[39.1677,-8.2743],[39.1987,-8.2632],[39.2155,-8.2592],[39.242,-8.2735],[39.2774,-8.2679],[39.311,-8.2996],[39.3268,-8.2985],[39.3204,-8.2885],[39.3429,-8.2971],[39.3504,-8.2726],[39.3349,-8.2518],[39.449,-8.006],[39.4137,-7.9037],[39.4451,-7.8513],[39.4476,-7.8151],[39.3537,-7.7679],[39.3279,-7.7285],[39.3093,-7.7532],[39.2907,-7.7193],[39.3037,-7.6735],[39.2774,-7.6221],[39.2871,-7.5532],[39.2387,-7.5276],[39.2136,-7.5107],[39.1639,-7.5119],[39.1107,-7.5452],[39.0249,-7.5414],[38.9599,-7.4745],[38.9488,-7.4723],[38.9336,-7.4806],[38.9185,-7.4867],[38.8478,-7.5024],[38.8666,-7.5332],[38.8618,-7.5502],[38.8296,-7.5815],[38.4202,-7.5786],[38.2505,-7.5952],[38.101,-7.6327],[38.0442,-7.5605],[38.0069,-7.5426],[37.9863,-7.5287],[37.9728,-7.5405],[37.8993,-7.6016],[37.8842,-7.6273],[37.8251,-7.6956],[37.8208,-7.762],[37.8187,-7.7847],[37.8227,-7.7949],[37.8341,-7.8403],[37.8437,-7.8622],[37.8377,-7.8762],[37.8047,-7.8942],[37.7979,-7.9133],[37.798,-7.9223],[37.7998,-7.9311],[37.8087,-7.9473],[37.8406,-7.9695],[37.8429,-8.0061],[37.8887,-8.0329],[38.1302,-8.1272],[38.4834,-8.3164],[38.5131,-8.3587],[38.5171,-8.5031],[38.7186,-8.5145],[38.7299,-8.5027],[38.7427,-8.4966]]],[[[38.9267,-7.4794],[38.9267,-7.4793],[38.9265,-7.4797],[38.9267,-7.4794]]],[[[39.3465,-8.2899],[39.344,-8.2896],[39.3451,-8.2971],[39.3471,-8.296],[39.3465,-8.2899]]],[[[39.3482,-8.2826],[39.3449,-8.2818],[39.3429,-8.2843],[39.3496,-8.2854],[39.3482,-8.2826]]]]}},{"id":"feature_133","type":"Feature","properties":{"gid":"TZA.21.1_1","name":"Kalambo","region":"Rukwa","addo_count":32},"geometry":{"type":"MultiPolygon","coordinates":[[[[32.1134,-8.9776],[32.1425,-8.9467],[32.0656,-8.8745],[32.0817,-8.8576],[32.0284,-8.821],[32.0221,-8.8046],[32.07,-8.7644],[32.0446,-8.7541],[32.0296,-8.7403],[31.9517,-8.7455],[31.9313,-8.6713],[31.8877,-8.6053],[31.8757,-8.5421],[31.9141,-8.5389],[31.8724,-8.4691],[31.7939,-8.4049],[31.7727,-8.3643],[31.7502,-8.3442],[31.7111,-8.3481],[31.6564,-8.3555],[31.5688,-8.2784],[31.5455,-8.2329],[31.5507,-8.1695],[31.5576,-8.142],[31.5429,-8.0852],[31.4637,-8.1137],[31.4493,-8.0806],[31.4625,-8.023],[31.4192,-8.0079],[31.4076,-8.0051],[31.3227,-8.0225],[31.3143,-8.039],[31.3467,-8.0987],[31.2967,-8.1047],[31.2943,-8.1967],[31.1655,-8.2034],[31.1458,-8.1904],[31.1189,-8.2183],[31.1104,-8.217],[31.0298,-8.2654],[31.021,-8.2845],[31.0275,-8.2875],[31.0362,-8.3047],[31.0401,-8.3077],[31.051,-8.3144],[31.0313,-8.3158],[31.0376,-8.333],[31.0623,-8.3389],[31.0777,-8.3549],[31.0695,-8.3624],[31.1292,-8.3837],[31.1504,-8.4271],[31.1454,-8.4328],[31.1447,-8.4345],[31.1367,-8.4551],[31.1347,-8.496],[31.1757,-8.5598],[31.1777,-8.5998],[31.183,-8.5931],[31.1849,-8.5926],[31.2085,-8.5761],[31.25,-8.5813],[31.2788,-8.632],[31.3124,-8.6067],[31.348,-8.6169],[31.3746,-8.5875],[31.4073,-8.6376],[31.4597,-8.6395],[31.486,-8.6818],[31.5375,-8.6789],[31.5698,-8.7039],[31.5793,-8.8369],[31.6537,-8.8817],[31.6789,-8.9165],[31.7358,-8.9233],[31.8015,-8.8851],[31.945,-8.9191],[31.9295,-8.9822],[31.9647,-9.058],[31.9988,-9.0759],[32.0694,-9.0481],[32.1139,-9.0574],[32.1094,-9.0041],[32.1071,-8.9901],[32.1134,-8.9776]]]]}},{"id":"feature_134","type":"Feature","properties":{"gid":"TZA.21.2_1","name":"Lake Rukwa","region":"Rukwa","addo_count":0},"geometry":{"type":"MultiPolygon","coordinates":[[[[31.5722,-7.5829],[31.5655,-7.5931],[31.6087,-7.63],[31.6125,-7.6619],[31.6394,-7.6795],[31.6651,-7.7075],[31.6965,-7.714],[31.7225,-7.7027],[31.7693,-7.716],[31.7727,-7.7052],[31.808,-7.7414],[31.8697,-7.8338],[31.8753,-7.9029],[31.9082,-7.9324],[31.9258,-7.9865],[31.9543,-8.0071],[32.0307,-8.1276],[32.0266,-8.1544],[32.0515,-8.2027],[32.0925,-8.2178],[32.1166,-8.1787],[32.1952,-8.1905],[32.216,-8.165],[32.2567,-8.1964],[32.2529,-8.1183],[32.2752,-8.1181],[32.2674,-8.0982],[32.2847,-8.0795],[32.3929,-8.1391],[32.4001,-8.195],[32.4482,-8.2406],[32.4466,-8.2442],[32.4861,-8.2335],[32.5033,-8.1748],[32.4861,-8.1127],[32.3273,-7.9816],[31.9871,-7.7741],[31.7856,-7.6054],[31.5722,-7.5829]]]]}},{"id":"feature_135","type":"Feature","properties":{"gid":"TZA.21.3_1","name":"Lake Tanganyika","region":"Rukwa","addo_count":0},"geometry":{"type":"MultiPolygon","coordinates":[[[[31.183,-8.5931],[31.183,-8.5931],[31.1849,-8.5926],[31.183,-8.5931]]],[[[30.2341,-7.018],[30.3589,-7.2478],[30.5402,-7.6614],[30.6516,-7.9807],[30.7387,-8.1098],[30.7564,-8.1847],[30.8421,-8.3572],[31.0317,-8.5901],[31.1036,-8.6227],[31.1568,-8.6174],[31.1777,-8.5998],[31.1757,-8.5598],[31.1347,-8.496],[31.1367,-8.4551],[31.1447,-8.4345],[31.1454,-8.4328],[31.1504,-8.4271],[31.1292,-8.3837],[31.0695,-8.3624],[31.0777,-8.3549],[31.0623,-8.3389],[31.0376,-8.333],[31.0313,-8.3158],[31.051,-8.3144],[31.0401,-8.3077],[31.0362,-8.3047],[31.0275,-8.2875],[31.021,-8.2845],[31.0202,-8.2864],[31.0042,-8.2688],[30.9876,-8.2673],[30.9987,-8.2742],[30.9892,-8.2755],[30.9865,-8.2824],[30.9803,-8.2562],[30.9901,-8.2464],[30.9601,-8.2188],[30.951,-8.1716],[30.9397,-8.1748],[30.9473,-8.1643],[30.9597,-8.1656],[30.9631,-8.1776],[30.968,-8.1756],[30.9616,-8.1202],[30.9198,-8.1082],[30.9006,-8.0148],[30.8606,-7.9632],[30.8387,-7.9605],[30.8424,-7.911],[30.7943,-7.8752],[30.8013,-7.8604],[30.7878,-7.8589],[30.7788,-7.8104],[30.7633,-7.8098],[30.7646,-7.7711],[30.7389,-7.7096],[30.708,-7.6962],[30.6579,-7.6374],[30.661,-7.6092],[30.6376,-7.5953],[30.6141,-7.544],[30.6133,-7.5335],[30.5983,-7.5226],[30.5922,-7.5166],[30.5821,-7.5086],[30.5805,-7.505],[30.578,-7.4989],[30.5749,-7.4929],[30.586,-7.4912],[30.5989,-7.4896],[30.6028,-7.4446],[30.5868,-7.4414],[30.619,-7.391],[30.6121,-7.3527],[30.5174,-7.1812],[30.5373,-7.1551],[30.5007,-7.1364],[30.5023,-7.1098],[30.5366,-7.1223],[30.5631,-7.0799],[30.5516,-7.0382],[30.568,-7.0226],[30.5684,-6.9776],[30.565,-6.9607],[30.5206,-6.9339],[30.5048,-6.9166],[30.2341,-7.018]],[[30.5634,-7.3968],[30.5608,-7.391],[30.5852,-7.3984],[30.5777,-7.4289],[30.5634,-7.3968]],[[30.5503,-7.4453],[30.5421,-7.4395],[30.5503,-7.4453],[30.5503,-7.4453]],[[30.5883,-7.4785],[30.5661,-7.4687],[30.5668,-7.462],[30.5696,-7.4574],[30.5883,-7.4785]],[[30.9509,-8.2157],[30.9484,-8.2074],[30.9509,-8.2157],[30.9509,-8.2157]]]]}},{"id":"feature_136","type":"Feature","properties":{"gid":"TZA.21.4_1","name":"Nkasi","region":"Rukwa","addo_count":43},"geometry":{"type":"MultiPolygon","coordinates":[[[[30.9484,-8.2074],[30.9484,-8.2074],[30.9509,-8.2157],[30.9484,-8.2074]]],[[[31.1104,-8.217],[31.1189,-8.2183],[31.1458,-8.1904],[31.1655,-8.2034],[31.2943,-8.1967],[31.2967,-8.1047],[31.3467,-8.0987],[31.3143,-8.039],[31.3227,-8.0225],[31.4076,-8.0051],[31.4049,-7.9862],[31.4123,-7.9122],[31.4607,-7.9084],[31.4651,-7.8803],[31.4936,-7.8601],[31.4692,-7.7692],[31.4723,-7.764],[31.4643,-7.7313],[31.5233,-7.6947],[31.392,-7.4979],[31.3616,-7.4485],[31.3387,-7.3279],[31.3475,-7.2544],[31.3371,-7.2459],[31.2847,-7.2307],[31.2604,-7.2146],[31.1618,-7.2198],[31.1473,-7.1768],[31.1036,-7.1459],[31.0674,-7.1222],[30.9905,-7.1163],[30.9552,-7.0788],[30.9699,-7.0016],[30.9702,-6.9674],[30.9496,-6.9421],[30.8511,-6.9202],[30.6836,-6.8869],[30.5038,-6.915],[30.5206,-6.9339],[30.565,-6.9607],[30.5684,-6.9776],[30.568,-7.0226],[30.5516,-7.0382],[30.5631,-7.0799],[30.5366,-7.1223],[30.5023,-7.1098],[30.5007,-7.1364],[30.5373,-7.1551],[30.5174,-7.1812],[30.6121,-7.3527],[30.619,-7.391],[30.5868,-7.4414],[30.6028,-7.4446],[30.5989,-7.4896],[30.586,-7.4912],[30.5749,-7.4929],[30.578,-7.4989],[30.5805,-7.505],[30.5821,-7.5086],[30.5922,-7.5166],[30.5983,-7.5226],[30.6133,-7.5335],[30.6141,-7.544],[30.6376,-7.5953],[30.661,-7.6092],[30.6579,-7.6374],[30.708,-7.6962],[30.7389,-7.7096],[30.7646,-7.7711],[30.7633,-7.8098],[30.7788,-7.8104],[30.7878,-7.8589],[30.8013,-7.8604],[30.7943,-7.8752],[30.8424,-7.911],[30.8387,-7.9605],[30.8606,-7.9632],[30.9006,-8.0148],[30.9198,-8.1082],[30.9616,-8.1202],[30.968,-8.1756],[30.9631,-8.1776],[30.9597,-8.1656],[30.9473,-8.1643],[30.9397,-8.1748],[30.951,-8.1716],[30.9601,-8.2188],[30.9901,-8.2464],[30.9803,-8.2562],[30.9865,-8.2824],[30.9892,-8.2755],[30.9987,-8.2742],[30.9876,-8.2673],[31.0042,-8.2688],[31.0202,-8.2864],[31.0298,-8.2654],[31.1104,-8.217]]],[[[30.5661,-7.4687],[30.5883,-7.4785],[30.5696,-7.4574],[30.5668,-7.462],[30.5661,-7.4687]]],[[[30.5421,-7.4395],[30.5421,-7.4395],[30.5503,-7.4453],[30.5421,-7.4395]]],[[[30.5608,-7.391],[30.5634,-7.3968],[30.5777,-7.4289],[30.5852,-7.3984],[30.5608,-7.391]]]]}},{"id":"feature_137","type":"Feature","properties":{"gid":"TZA.21.5_1","name":"Sumbawanga Rural","region":"Rukwa","addo_count":0},"geometry":{"type":"MultiPolygon","coordinates":[[[[32.0446,-8.7541],[32.0711,-8.7647],[32.079,-8.7489],[32.1166,-8.7071],[32.1358,-8.6989],[32.1465,-8.6997],[32.1696,-8.6977],[32.1746,-8.7016],[32.1832,-8.7155],[32.2293,-8.6982],[32.2554,-8.6577],[32.2551,-8.6114],[32.2916,-8.5726],[32.2955,-8.5319],[32.315,-8.5116],[32.3014,-8.5119],[32.2969,-8.4702],[32.2818,-8.4751],[32.2768,-8.4421],[32.2654,-8.4427],[32.2797,-8.4233],[32.2665,-8.3916],[32.2772,-8.3642],[32.3306,-8.3037],[32.3833,-8.3189],[32.4277,-8.2474],[32.4378,-8.2429],[32.4395,-8.2489],[32.4482,-8.2406],[32.4001,-8.195],[32.3929,-8.1391],[32.2847,-8.0795],[32.2674,-8.0982],[32.2752,-8.1181],[32.2529,-8.1183],[32.2567,-8.1964],[32.216,-8.165],[32.1952,-8.1905],[32.1166,-8.1787],[32.0925,-8.2178],[32.0515,-8.2027],[32.0266,-8.1544],[32.0307,-8.1276],[31.9543,-8.0071],[31.9258,-7.9865],[31.9082,-7.9324],[31.8753,-7.9029],[31.8697,-7.8338],[31.808,-7.7414],[31.7727,-7.7052],[31.7693,-7.716],[31.7225,-7.7027],[31.6965,-7.714],[31.6651,-7.7075],[31.6394,-7.6795],[31.6125,-7.6619],[31.6087,-7.63],[31.5655,-7.5931],[31.5684,-7.5805],[31.5403,-7.5688],[31.5248,-7.5312],[31.4922,-7.5105],[31.4938,-7.4504],[31.4767,-7.4101],[31.4313,-7.4236],[31.43,-7.4685],[31.376,-7.4728],[31.392,-7.4979],[31.5233,-7.6947],[31.4643,-7.7313],[31.4723,-7.764],[31.5068,-7.7808],[31.552,-7.8019],[31.6037,-7.7671],[31.8181,-7.9516],[31.8522,-8.0104],[31.8537,-8.0202],[31.8189,-8.0052],[31.7892,-8.0232],[31.7841,-8.0432],[31.8041,-8.0673],[31.7657,-8.1358],[31.7171,-8.1395],[31.7043,-8.1708],[31.6656,-8.1677],[31.6285,-8.1878],[31.6223,-8.1848],[31.6083,-8.1773],[31.5616,-8.1683],[31.5538,-8.1666],[31.5507,-8.1695],[31.5455,-8.2329],[31.5688,-8.2784],[31.6564,-8.3555],[31.7111,-8.3481],[31.7502,-8.3442],[31.7727,-8.3643],[31.7939,-8.4049],[31.8724,-8.4691],[31.9141,-8.5397],[31.8757,-8.5421],[31.8877,-8.6053],[31.9313,-8.6713],[31.9517,-8.7455],[32.0296,-8.7403],[32.0446,-8.7541]]]]}},{"id":"feature_138","type":"Feature","properties":{"gid":"TZA.21.6_1","name":"Sumbawanga Urban","region":"Rukwa","addo_count":0},"geometry":{"type":"MultiPolygon","coordinates":[[[[31.5576,-8.142],[31.5538,-8.1666],[31.5616,-8.1683],[31.6083,-8.1773],[31.6223,-8.1848],[31.6285,-8.1878],[31.6656,-8.1677],[31.7043,-8.1708],[31.7171,-8.1395],[31.7657,-8.1358],[31.8041,-8.0673],[31.7841,-8.0432],[31.7892,-8.0232],[31.8189,-8.0052],[31.8537,-8.0202],[31.8522,-8.0104],[31.8181,-7.9516],[31.6037,-7.7671],[31.552,-7.8019],[31.5068,-7.7808],[31.4692,-7.7692],[31.4936,-7.8601],[31.4651,-7.8803],[31.4607,-7.9084],[31.4123,-7.9122],[31.4049,-7.9862],[31.4192,-8.0079],[31.4625,-8.023],[31.4493,-8.0806],[31.4637,-8.1137],[31.5429,-8.0852],[31.5576,-8.142]]]]}},{"id":"feature_139","type":"Feature","properties":{"gid":"TZA.22.1_1","name":"Mbinga","region":"Ruvuma","addo_count":37},"geometry":{"type":"MultiPolygon","coordinates":[[[[34.9847,-11.1084],[35.0047,-11.1052],[35.0287,-11.1741],[35.068,-11.1705],[35.1025,-11.2182],[35.124,-11.2177],[35.1434,-11.2394],[35.1989,-11.1965],[35.2215,-11.1776],[35.2379,-11.1716],[35.2633,-11.1624],[35.2679,-11.1737],[35.2943,-11.165],[35.3323,-11.2157],[35.3475,-11.2144],[35.3454,-11.1995],[35.3456,-11.1894],[35.3338,-11.149],[35.2838,-11.1305],[35.2456,-11.0209],[35.2601,-11.013],[35.2471,-10.9624],[35.2292,-10.954],[35.233,-10.9312],[35.2116,-10.8945],[35.1926,-10.8858],[35.2079,-10.8801],[35.1816,-10.8165],[35.1822,-10.7643],[35.2085,-10.7258],[35.2017,-10.6875],[35.1623,-10.5671],[35.1229,-10.5453],[35.1275,-10.4801],[35.1588,-10.4559],[35.1563,-10.4135],[35.1834,-10.3899],[35.1898,-10.3609],[35.1692,-10.3336],[35.1786,-10.322],[35.1428,-10.3202],[35.1322,-10.2975],[35.1327,-10.2883],[35.1476,-10.2635],[35.1337,-10.2476],[35.1403,-10.1783],[35.1444,-10.165],[35.1319,-10.1636],[35.13,-10.1378],[35.1122,-10.148],[35.1269,-10.1608],[35.1095,-10.1762],[35.0687,-10.1725],[35.0616,-10.1526],[35.0542,-10.1707],[35.0389,-10.1639],[35.0363,-10.1868],[34.991,-10.1916],[34.9807,-10.2291],[35.012,-10.2666],[34.9967,-10.2633],[34.9922,-10.2855],[35.0093,-10.3149],[34.9904,-10.3134],[34.9787,-10.3161],[34.9671,-10.337],[34.88,-10.4278],[34.8702,-10.4569],[34.8179,-10.4919],[34.8086,-10.5232],[34.7885,-10.5202],[34.711,-10.5676],[34.6892,-10.6414],[34.7239,-10.7425],[34.7614,-10.7785],[34.7339,-10.8499],[34.7524,-10.9296],[34.7269,-10.9443],[34.6948,-10.9809],[34.7126,-11.0312],[34.7836,-11.1153],[34.8034,-11.1055],[34.7985,-11.1284],[34.8418,-11.1708],[34.8319,-11.1915],[34.8463,-11.2453],[34.8599,-11.2712],[34.9059,-11.2571],[34.9335,-11.1996],[34.9289,-11.1751],[34.9648,-11.1591],[34.9678,-11.1118],[34.9847,-11.1084]]]]}},{"id":"feature_140","type":"Feature","properties":{"gid":"TZA.22.2_1","name":"Namtumbo","region":"Ruvuma","addo_count":37},"geometry":{"type":"MultiPolygon","coordinates":[[[[35.851,-11.4185],[35.9419,-11.4249],[35.9613,-11.4426],[35.957,-11.4831],[36.0507,-11.515],[36.1723,-11.5896],[36.1811,-11.639],[36.17,-11.6655],[36.1896,-11.7162],[36.3647,-11.7036],[36.383,-11.6814],[36.4752,-11.6863],[36.4995,-11.6903],[36.5093,-11.7204],[36.5603,-11.7457],[36.6036,-11.7227],[36.6634,-11.7229],[36.7195,-11.6929],[36.7957,-11.6067],[36.8049,-11.5544],[36.8442,-11.522],[36.7931,-11.4826],[36.8018,-11.449],[36.7878,-11.4405],[36.7846,-11.3762],[36.7706,-11.3665],[36.7837,-11.3632],[36.7885,-11.3233],[36.7672,-11.2765],[36.7661,-11.2241],[36.7668,-11.2053],[36.7577,-11.1976],[36.7496,-11.189],[36.7467,-11.1889],[36.7442,-11.1825],[36.7195,-11.1215],[36.7227,-11.0927],[36.7711,-11.0334],[36.7878,-11.0027],[36.7659,-10.9071],[36.7582,-10.898],[36.6645,-10.8585],[36.5882,-10.8229],[36.5319,-10.7382],[36.5329,-10.6443],[36.5698,-10.5534],[36.6101,-10.5222],[36.6207,-10.4806],[36.6569,-10.4689],[36.6968,-10.4212],[36.6996,-10.3668],[36.7594,-10.319],[36.7689,-10.2718],[36.8398,-10.2245],[36.8544,-10.1971],[36.8674,-10.2014],[36.8674,-10.1405],[36.889,-10.1176],[36.8855,-10.0983],[36.869,-10.0517],[36.8909,-9.9415],[36.9702,-9.8887],[37.0151,-9.8034],[37.0881,-9.7225],[37.1243,-9.6284],[37.1332,-9.5993],[37.142,-9.5863],[37.1163,-9.5937],[36.9942,-9.6358],[36.767,-9.7559],[36.6054,-9.7595],[36.5387,-9.8145],[36.5112,-9.8186],[36.4992,-9.7146],[36.4524,-9.6717],[36.4685,-9.6072],[36.3984,-9.7],[36.3343,-9.7246],[36.325,-9.7575],[36.2894,-9.7755],[36.1677,-9.7633],[36.1421,-9.7866],[36.0987,-9.7861],[36.0778,-9.7631],[36.0632,-9.7392],[36.0511,-9.7392],[36.036,-9.7538],[35.9243,-9.8052],[35.845,-9.8877],[35.7563,-9.9184],[35.7381,-9.8982],[35.6874,-9.8703],[35.7008,-9.8966],[35.6952,-9.9911],[35.7827,-10.0428],[35.7775,-10.1391],[35.8591,-10.1225],[35.868,-10.1381],[35.8599,-10.2525],[35.8496,-10.2581],[35.7361,-10.2449],[35.7697,-10.316],[35.708,-10.4585],[35.6877,-10.4663],[35.658,-10.4726],[35.6466,-10.4819],[35.654,-10.4851],[35.6623,-10.5194],[35.7478,-10.5501],[35.7524,-10.6033],[35.7771,-10.6296],[35.7775,-10.6662],[35.8142,-10.6521],[35.8287,-10.6597],[35.8384,-10.6614],[35.8551,-10.6825],[35.8663,-10.6996],[35.8661,-10.717],[35.8616,-10.7594],[35.8955,-10.7981],[35.8949,-10.8362],[35.8907,-10.8659],[35.8133,-10.9582],[35.8148,-11.049],[35.8372,-11.0736],[35.8184,-11.0952],[35.8181,-11.1428],[35.7902,-11.1804],[35.8,-11.2136],[35.8321,-11.2282],[35.8545,-11.242],[35.8628,-11.2723],[35.8619,-11.2892],[35.8652,-11.2952],[35.8662,-11.3001],[35.869,-11.3062],[35.8713,-11.3094],[35.8855,-11.4105],[35.8674,-11.408],[35.851,-11.4185]]]]}},{"id":"feature_141","type":"Feature","properties":{"gid":"TZA.22.3_1","name":"Nyasa","region":"Ruvuma","addo_count":21},"geometry":{"type":"MultiPolygon","coordinates":[[[[34.5485,-10.5222],[34.5588,-10.5564],[34.5977,-10.5887],[34.5869,-10.6047],[34.6203,-10.6609],[34.6165,-10.7055],[34.6519,-10.7576],[34.6496,-10.9119],[34.6011,-11.0077],[34.6108,-11.0493],[34.6345,-11.0526],[34.6332,-11.1177],[34.6861,-11.1412],[34.7307,-11.1907],[34.7631,-11.2597],[34.7905,-11.2835],[34.776,-11.2977],[34.7834,-11.3265],[34.8335,-11.3316],[34.9102,-11.3778],[34.9579,-11.5713],[35.3407,-11.5565],[35.3901,-11.5801],[35.4071,-11.5584],[35.4109,-11.5488],[35.4326,-11.5333],[35.3865,-11.4964],[35.3757,-11.467],[35.3905,-11.4621],[35.3743,-11.4263],[35.3869,-11.4234],[35.3771,-11.4112],[35.3891,-11.4116],[35.3927,-11.3668],[35.3569,-11.3293],[35.3349,-11.2642],[35.3463,-11.2305],[35.3499,-11.2238],[35.3437,-11.225],[35.3323,-11.2157],[35.2943,-11.165],[35.2679,-11.1737],[35.2633,-11.1624],[35.2379,-11.1716],[35.2215,-11.1776],[35.1989,-11.1965],[35.1434,-11.2394],[35.124,-11.2177],[35.1025,-11.2182],[35.068,-11.1705],[35.0287,-11.1741],[35.0047,-11.1052],[34.9847,-11.1084],[34.9678,-11.1118],[34.9648,-11.1591],[34.9289,-11.1751],[34.9335,-11.1996],[34.9059,-11.2571],[34.8599,-11.2712],[34.8463,-11.2453],[34.8319,-11.1915],[34.8418,-11.1708],[34.7985,-11.1284],[34.8034,-11.1055],[34.7836,-11.1153],[34.7126,-11.0312],[34.6948,-10.9809],[34.7269,-10.9443],[34.7524,-10.9296],[34.7339,-10.8499],[34.7614,-10.7785],[34.7239,-10.7425],[34.6892,-10.6414],[34.711,-10.5676],[34.7885,-10.5202],[34.8086,-10.5232],[34.8183,-10.49],[34.8156,-10.4569],[34.7832,-10.4416],[34.766,-10.4931],[34.7042,-10.5106],[34.6834,-10.5357],[34.6129,-10.5305],[34.6029,-10.5374],[34.5485,-10.5222]]]]}},{"id":"feature_142","type":"Feature","properties":{"gid":"TZA.22.4_1","name":"Songea Rural","region":"Ruvuma","addo_count":0},"geometry":{"type":"MultiPolygon","coordinates":[[[[35.3901,-11.5801],[35.4243,-11.5667],[35.4358,-11.5872],[35.489,-11.5947],[35.4936,-11.5754],[35.5392,-11.6115],[35.5387,-11.5924],[35.5639,-11.6042],[35.5826,-11.5853],[35.6474,-11.5928],[35.7039,-11.5186],[35.712,-11.4813],[35.7764,-11.4713],[35.8238,-11.4068],[35.851,-11.4185],[35.8674,-11.408],[35.8855,-11.4105],[35.8713,-11.3094],[35.869,-11.3062],[35.8662,-11.3001],[35.8652,-11.2952],[35.8619,-11.2892],[35.8628,-11.2723],[35.8545,-11.242],[35.8321,-11.2282],[35.8,-11.2136],[35.7902,-11.1804],[35.8181,-11.1428],[35.8184,-11.0952],[35.8372,-11.0736],[35.8148,-11.049],[35.8133,-10.9582],[35.8907,-10.8659],[35.8949,-10.8362],[35.8955,-10.7981],[35.8616,-10.7594],[35.8661,-10.717],[35.8663,-10.6996],[35.8551,-10.6825],[35.8384,-10.6614],[35.8287,-10.6597],[35.8142,-10.6521],[35.7775,-10.6662],[35.7773,-10.6462],[35.7431,-10.6606],[35.7416,-10.7091],[35.6875,-10.742],[35.6831,-10.7716],[35.6483,-10.772],[35.6542,-10.7541],[35.5804,-10.7506],[35.5243,-10.6887],[35.4295,-10.7188],[35.3894,-10.7047],[35.3907,-10.6862],[35.3996,-10.6713],[35.4697,-10.6406],[35.4863,-10.6178],[35.5717,-10.6216],[35.5943,-10.5719],[35.6299,-10.5644],[35.6474,-10.5291],[35.654,-10.4851],[35.6466,-10.4819],[35.658,-10.4726],[35.6877,-10.4663],[35.708,-10.4585],[35.7697,-10.316],[35.7361,-10.2449],[35.8496,-10.2581],[35.8599,-10.2525],[35.868,-10.1381],[35.8591,-10.1225],[35.7775,-10.1391],[35.7827,-10.0428],[35.6952,-9.9911],[35.7008,-9.8966],[35.6874,-9.8703],[35.6822,-9.8391],[35.6761,-9.8213],[35.6811,-9.8156],[35.6966,-9.7951],[35.8117,-9.676],[35.8459,-9.557],[35.8877,-9.485],[35.8963,-9.4753],[35.9343,-9.4561],[35.9467,-9.429],[35.9299,-9.3677],[35.9194,-9.3433],[35.9181,-9.2677],[35.8996,-9.2504],[35.8629,-9.2584],[35.7746,-9.3221],[35.7564,-9.2959],[35.7013,-9.2865],[35.6828,-9.2541],[35.6322,-9.2745],[35.5462,-9.4655],[35.5239,-9.4742],[35.4737,-9.5077],[35.3685,-9.6203],[35.3301,-9.6384],[35.301,-9.6517],[35.1409,-9.7562],[35.1064,-9.7762],[35.177,-9.8389],[35.168,-9.9157],[35.2125,-9.979],[35.2094,-10.0378],[35.1491,-10.163],[35.1403,-10.1783],[35.1337,-10.2476],[35.1476,-10.2635],[35.1327,-10.2883],[35.1322,-10.2975],[35.1428,-10.3202],[35.1786,-10.322],[35.1692,-10.3336],[35.1898,-10.3609],[35.1834,-10.3899],[35.1563,-10.4135],[35.1588,-10.4559],[35.1275,-10.4801],[35.1229,-10.5453],[35.1623,-10.5671],[35.2017,-10.6875],[35.2085,-10.7258],[35.1822,-10.7643],[35.1816,-10.8165],[35.2079,-10.8801],[35.1926,-10.8858],[35.2116,-10.8945],[35.233,-10.9312],[35.2292,-10.954],[35.2471,-10.9624],[35.2601,-11.013],[35.2456,-11.0209],[35.2838,-11.1305],[35.3338,-11.149],[35.3456,-11.1894],[35.3454,-11.1995],[35.3475,-11.2144],[35.3437,-11.225],[35.3499,-11.2238],[35.3463,-11.2305],[35.3349,-11.2642],[35.3569,-11.3293],[35.3927,-11.3668],[35.3891,-11.4116],[35.3771,-11.4112],[35.3869,-11.4234],[35.3743,-11.4263],[35.3905,-11.4621],[35.3757,-11.467],[35.3865,-11.4964],[35.4326,-11.5333],[35.4109,-11.5488],[35.4071,-11.5584],[35.3901,-11.5801]]]]}},{"id":"feature_143","type":"Feature","properties":{"gid":"TZA.22.5_1","name":"Songea Urban","region":"Ruvuma","addo_count":0},"geometry":{"type":"MultiPolygon","coordinates":[[[[35.5804,-10.7506],[35.6542,-10.7541],[35.6483,-10.772],[35.6831,-10.7716],[35.6875,-10.742],[35.7416,-10.7091],[35.7431,-10.6606],[35.7773,-10.6462],[35.7771,-10.6296],[35.7524,-10.6033],[35.7478,-10.5501],[35.6623,-10.5194],[35.6529,-10.5063],[35.6474,-10.5291],[35.6299,-10.5644],[35.5943,-10.5719],[35.5717,-10.6216],[35.4863,-10.6178],[35.4697,-10.6406],[35.3996,-10.6713],[35.3907,-10.6862],[35.3894,-10.7047],[35.4295,-10.7188],[35.5243,-10.6887],[35.5804,-10.7506]]]]}},{"id":"feature_144","type":"Feature","properties":{"gid":"TZA.22.6_1","name":"Tunduru","region":"Ruvuma","addo_count":32},"geometry":{"type":"MultiPolygon","coordinates":[[[[36.7957,-11.6067],[36.8266,-11.5782],[36.8887,-11.6061],[37.007,-11.6026],[37.0251,-11.5692],[37.0789,-11.6233],[37.2213,-11.6517],[37.2816,-11.6336],[37.338,-11.6752],[37.4144,-11.6825],[37.4389,-11.6412],[37.4964,-11.6134],[37.5835,-11.6225],[37.6588,-11.5742],[37.7479,-11.5487],[37.7881,-11.4868],[37.7735,-11.4629],[37.8271,-11.3655],[37.8336,-11.3066],[37.929,-11.2571],[38.0575,-11.274],[38.1152,-11.2607],[38.0702,-11.184],[38.0763,-11.1539],[38.0499,-11.136],[38.0518,-11.0832],[38.0172,-11.0176],[38.0079,-10.8673],[38.001,-10.8538],[38.0286,-10.8007],[38.0343,-10.7831],[38.0488,-10.7706],[38.0472,-10.7297],[38.0432,-10.7221],[37.9958,-10.727],[37.9612,-10.7353],[37.8865,-10.7363],[37.8847,-10.6281],[37.857,-10.5761],[37.866,-10.5529],[37.8373,-10.5439],[37.7061,-10.5374],[37.6466,-10.5144],[37.615,-10.5084],[37.5911,-10.4813],[37.5526,-10.4666],[37.529,-10.4532],[37.5049,-10.4386],[37.2366,-10.3464],[37.1497,-10.3001],[37.0171,-10.274],[36.8925,-10.106],[36.889,-10.1176],[36.8674,-10.1405],[36.8674,-10.2014],[36.8544,-10.1971],[36.8398,-10.2245],[36.7689,-10.2718],[36.7594,-10.319],[36.6996,-10.3668],[36.6968,-10.4212],[36.6569,-10.4689],[36.6207,-10.4806],[36.6101,-10.5222],[36.5698,-10.5534],[36.5329,-10.6443],[36.5319,-10.7382],[36.5882,-10.8229],[36.6645,-10.8585],[36.7582,-10.898],[36.7659,-10.9071],[36.7878,-11.0027],[36.7711,-11.0334],[36.729,-11.0827],[36.7195,-11.1215],[36.7442,-11.1825],[36.7467,-11.1889],[36.7496,-11.189],[36.7577,-11.1976],[36.7668,-11.2053],[36.7661,-11.2241],[36.7672,-11.2765],[36.7885,-11.3233],[36.7837,-11.3632],[36.7706,-11.3665],[36.7846,-11.3762],[36.7878,-11.4405],[36.8018,-11.449],[36.7931,-11.4826],[36.8442,-11.522],[36.8049,-11.5544],[36.7957,-11.6067]]]]}},{"id":"feature_145","type":"Feature","properties":{"gid":"TZA.23.2_1","name":"Kahama","region":"Shinyanga","addo_count":0},"geometry":{"type":"MultiPolygon","coordinates":[[[[32.3088,-4.2702],[32.3573,-4.2895],[32.3968,-4.3243],[32.4163,-4.2982],[32.4077,-4.2135],[32.4324,-4.2138],[32.4466,-4.2138],[32.4876,-4.2296],[32.5079,-4.1879],[32.5373,-4.176],[32.5485,-4.1954],[32.5808,-4.2037],[32.5855,-4.2197],[32.5908,-4.2883],[32.7476,-4.2383],[32.7308,-4.1888],[32.698,-4.1925],[32.6392,-4.1321],[32.6706,-4.1248],[32.692,-4.0889],[32.6886,-4.044],[32.6526,-4.045],[32.6169,-4.0128],[32.5814,-4.0523],[32.5693,-4.0428],[32.549,-3.9788],[32.5041,-3.9478],[32.4471,-3.9577],[32.4533,-3.93],[32.4317,-3.9277],[32.4249,-3.8821],[32.4102,-3.8721],[32.4162,-3.8423],[32.4011,-3.8364],[32.3431,-3.8065],[32.2586,-3.7616],[32.2464,-3.7521],[32.2363,-3.7399],[32.226,-3.7356],[32.191,-3.7748],[32.1585,-3.7452],[32.1246,-3.7741],[32.0599,-3.7789],[32.0183,-3.7561],[31.9696,-3.7501],[31.877,-3.7867],[31.8819,-3.8318],[31.8327,-3.9492],[31.746,-3.9731],[31.7278,-3.9753],[31.6997,-3.9962],[31.6923,-4.022],[31.6856,-4.0452],[31.7107,-4.0624],[31.9399,-4.1267],[32.0008,-4.1887],[32.1084,-4.249],[32.1185,-4.247],[32.2706,-4.2728],[32.3002,-4.2736],[32.3088,-4.2702]]],[[[32.4162,-3.6541],[32.3994,-3.713],[32.4331,-3.7122],[32.4404,-3.7057],[32.4897,-3.7111],[32.4958,-3.7282],[32.5133,-3.7129],[32.5516,-3.7154],[32.5788,-3.6888],[32.628,-3.7077],[32.6378,-3.6595],[32.669,-3.6294],[32.7336,-3.7454],[32.7717,-3.7314],[32.7445,-3.8148],[32.7515,-3.847],[32.7975,-3.8388],[32.8173,-3.8941],[32.8501,-3.9183],[32.9074,-3.9272],[32.9807,-3.9095],[33.0005,-3.9092],[32.9705,-3.8625],[33.0014,-3.8054],[33.001,-3.7624],[32.9488,-3.7474],[32.9623,-3.7045],[32.9031,-3.7025],[32.8212,-3.666],[32.8438,-3.544],[32.8266,-3.484],[32.8236,-3.4661],[32.803,-3.4352],[32.7829,-3.4364],[32.7763,-3.4278],[32.7717,-3.4137],[32.7585,-3.4194],[32.7413,-3.4405],[32.7134,-3.4625],[32.6749,-3.4556],[32.566,-3.4055],[32.5026,-3.3938],[32.5417,-3.2954],[32.534,-3.2516],[32.5344,-3.2473],[32.529,-3.2277],[32.5285,-3.2156],[32.516,-3.2007],[32.4831,-3.2025],[32.4591,-3.2229],[32.4391,-3.2212],[32.4,-3.2629],[32.3779,-3.2598],[32.3482,-3.3294],[32.3073,-3.3133],[32.3088,-3.3254],[32.308,-3.4116],[32.3249,-3.4403],[32.3309,-3.52],[32.3039,-3.5808],[32.317,-3.6288],[32.3642,-3.6166],[32.3952,-3.5971],[32.4162,-3.6541]]]]}},{"id":"feature_146","type":"Feature","properties":{"gid":"TZA.23.1_1","name":"Kahama Town","region":"Shinyanga","addo_count":0},"geometry":{"type":"MultiPolygon","coordinates":[[[[32.5814,-4.0523],[32.6169,-4.0128],[32.6526,-4.045],[32.6886,-4.044],[32.7042,-3.9474],[32.7928,-3.9551],[32.8132,-3.9526],[32.8441,-3.923],[32.8501,-3.9183],[32.8173,-3.8941],[32.7975,-3.8388],[32.7515,-3.847],[32.7445,-3.8148],[32.7717,-3.7314],[32.7336,-3.7454],[32.669,-3.6294],[32.6378,-3.6595],[32.628,-3.7077],[32.5788,-3.6888],[32.5516,-3.7154],[32.5133,-3.7129],[32.4958,-3.7282],[32.4897,-3.7111],[32.4404,-3.7057],[32.4331,-3.7122],[32.3989,-3.7183],[32.37,-3.7216],[32.3671,-3.816],[32.4011,-3.8364],[32.4162,-3.8423],[32.4102,-3.8721],[32.4249,-3.8821],[32.4317,-3.9277],[32.4533,-3.93],[32.4471,-3.9577],[32.5041,-3.9478],[32.549,-3.9788],[32.5693,-4.0428],[32.5814,-4.0523]]]]}},{"id":"feature_147","type":"Feature","properties":{"gid":"TZA.23.3_1","name":"Kishapu","region":"Shinyanga","addo_count":18},"geometry":{"type":"MultiPolygon","coordinates":[[[[34.1004,-3.781],[34.0965,-3.7681],[34.0812,-3.7439],[34.0935,-3.7187],[34.0749,-3.6874],[34.0824,-3.6656],[34.0593,-3.6429],[34.0647,-3.6178],[34.0641,-3.6023],[34.0074,-3.6022],[33.9646,-3.5414],[33.9067,-3.5044],[33.9037,-3.4941],[33.8846,-3.5073],[33.8436,-3.5106],[33.8273,-3.4945],[33.7666,-3.5667],[33.7255,-3.535],[33.7159,-3.475],[33.6747,-3.4569],[33.6617,-3.4112],[33.5732,-3.3171],[33.5461,-3.2888],[33.4952,-3.2912],[33.4809,-3.2947],[33.4484,-3.3106],[33.4238,-3.304],[33.3436,-3.3143],[33.3309,-3.3238],[33.3002,-3.3866],[33.2884,-3.3997],[33.2174,-3.3927],[33.1576,-3.4086],[33.1544,-3.417],[33.1561,-3.4174],[33.1689,-3.4562],[33.1944,-3.4719],[33.2386,-3.4705],[33.4052,-3.4777],[33.4751,-3.4978],[33.5172,-3.5005],[33.4936,-3.5453],[33.5104,-3.5588],[33.5331,-3.5519],[33.5774,-3.6121],[33.5871,-3.66],[33.568,-3.664],[33.553,-3.6877],[33.5146,-3.6881],[33.4685,-3.7174],[33.4693,-3.7221],[33.4716,-3.7608],[33.4785,-3.7621],[33.508,-3.8781],[33.5223,-3.8924],[33.533,-3.8943],[33.5361,-3.8952],[33.6071,-3.8799],[33.6619,-3.8995],[33.6479,-3.9219],[33.6798,-3.9399],[33.7249,-3.9458],[33.7558,-3.9299],[33.7995,-3.9558],[33.9272,-3.9607],[33.9871,-4.0231],[34.0437,-4.0412],[34.092,-4.0268],[34.1668,-4.0771],[34.2021,-4.0756],[34.2009,-4.0594],[34.2102,-3.9949],[34.2328,-3.9665],[34.1703,-3.8464],[34.1004,-3.781]]]]}},{"id":"feature_148","type":"Feature","properties":{"gid":"TZA.23.4_1","name":"Shinyanga Rural","region":"Shinyanga","addo_count":0},"geometry":{"type":"MultiPolygon","coordinates":[[[[33.2386,-3.4705],[33.1944,-3.4719],[33.1689,-3.4562],[33.1536,-3.4233],[33.1002,-3.4351],[33.0622,-3.3946],[33.0167,-3.3918],[32.9482,-3.3382],[32.9181,-3.3347],[32.9164,-3.3035],[32.8852,-3.2709],[32.8561,-3.2649],[32.8428,-3.2323],[32.8048,-3.251],[32.7757,-3.2521],[32.7331,-3.3154],[32.6854,-3.3258],[32.6834,-3.3637],[32.6991,-3.3935],[32.6944,-3.4517],[32.7178,-3.4615],[32.7413,-3.4405],[32.7585,-3.4194],[32.7717,-3.4137],[32.7763,-3.4278],[32.7829,-3.4364],[32.803,-3.4352],[32.8236,-3.4661],[32.8266,-3.484],[32.8438,-3.544],[32.8212,-3.666],[32.9031,-3.7025],[32.9623,-3.7045],[32.9488,-3.7474],[33.001,-3.7624],[33.0014,-3.8054],[32.9705,-3.8625],[33.0005,-3.9092],[33.0134,-3.9086],[33.0186,-3.9155],[33.0286,-3.9396],[33.071,-3.9659],[33.1708,-3.9651],[33.1958,-3.9511],[33.2175,-3.9592],[33.225,-3.9359],[33.2772,-3.9142],[33.3457,-3.9015],[33.351,-3.8997],[33.3494,-3.898],[33.3586,-3.8992],[33.4029,-3.8873],[33.4435,-3.9143],[33.5322,-3.8966],[33.533,-3.8943],[33.5223,-3.8924],[33.508,-3.8781],[33.4785,-3.7621],[33.436,-3.7591],[33.3844,-3.7475],[33.3738,-3.7145],[33.3658,-3.7148],[33.3124,-3.7082],[33.3345,-3.6572],[33.342,-3.5791],[33.3659,-3.5372],[33.403,-3.5457],[33.4023,-3.5188],[33.4245,-3.5212],[33.4283,-3.4924],[33.4052,-3.4777],[33.2386,-3.4705]]],[[[32.8948,-3.9235],[32.891,-3.9223],[32.8879,-3.9224],[32.8946,-3.9235],[32.8948,-3.9235]]]]}},{"id":"feature_149","type":"Feature","properties":{"gid":"TZA.23.5_1","name":"Shinyanga Urban","region":"Shinyanga","addo_count":0},"geometry":{"type":"MultiPolygon","coordinates":[[[[33.4685,-3.7174],[33.5146,-3.6881],[33.553,-3.6877],[33.568,-3.664],[33.5865,-3.6625],[33.5774,-3.6121],[33.5331,-3.5519],[33.5104,-3.5588],[33.4936,-3.5453],[33.5172,-3.5005],[33.4751,-3.4978],[33.4283,-3.4924],[33.4245,-3.5212],[33.4023,-3.5188],[33.403,-3.5457],[33.3659,-3.5372],[33.342,-3.5791],[33.3345,-3.6572],[33.3124,-3.7082],[33.3658,-3.7148],[33.3738,-3.7145],[33.3844,-3.7475],[33.436,-3.7591],[33.4716,-3.7608],[33.4693,-3.7221],[33.4685,-3.7174]]]]}},{"id":"feature_150","type":"Feature","properties":{"gid":"TZA.24.1_1","name":"Bariadi","region":"Simiyu","addo_count":0},"geometry":{"type":"MultiPolygon","coordinates":[[[[33.8949,-2.5488],[33.8953,-2.5751],[33.8817,-2.5754],[33.8464,-2.5544],[33.7768,-2.5682],[33.7665,-2.5599],[33.7219,-2.5413],[33.6777,-2.5228],[33.6339,-2.5479],[33.6308,-2.5836],[33.6254,-2.6332],[33.6474,-2.6449],[33.7047,-2.6865],[33.7381,-2.697],[33.759,-2.7119],[33.7771,-2.7264],[33.7883,-2.8061],[33.7904,-2.8193],[33.8197,-2.8407],[33.8496,-2.8325],[33.8945,-2.8674],[33.9321,-2.8536],[33.9367,-2.87],[34.0392,-2.9382],[34.0511,-2.9388],[34.0863,-2.9855],[34.1181,-2.9976],[34.1241,-2.9691],[34.0784,-2.9042],[34.0782,-2.8523],[34.0906,-2.8563],[34.088,-2.8354],[34.1092,-2.819],[34.0838,-2.7786],[34.1621,-2.7043],[34.2267,-2.712],[34.3433,-2.6754],[35.1955,-2.674],[35.2057,-2.6181],[35.2242,-2.4994],[35.2189,-2.5008],[34.7436,-2.4806],[34.4889,-2.4919],[34.4,-2.4005],[34.326,-2.3678],[34.2988,-2.3146],[34.287,-2.3078],[34.2201,-2.3018],[34.2131,-2.2994],[34.1644,-2.2571],[34.128,-2.2705],[34.0915,-2.2633],[34.0473,-2.2152],[34.0267,-2.2084],[34.0111,-2.2227],[33.9098,-2.3898],[33.9231,-2.4739],[33.8949,-2.5488]]]]}},{"id":"feature_151","type":"Feature","properties":{"gid":"TZA.24.2_1","name":"Busega","region":"Simiyu","addo_count":0},"geometry":{"type":"MultiPolygon","coordinates":[[[[33.5822,-2.5432],[33.5861,-2.5692],[33.6293,-2.5583],[33.6339,-2.5479],[33.6777,-2.5228],[33.7219,-2.5413],[33.7665,-2.5599],[33.7768,-2.5682],[33.8464,-2.5544],[33.8817,-2.5754],[33.8986,-2.5685],[33.8949,-2.5488],[33.9231,-2.4739],[33.9098,-2.3898],[34.0111,-2.2227],[34.0182,-2.205],[33.9898,-2.1844],[33.8367,-2.1953],[33.8438,-2.2105],[33.8419,-2.2295],[33.8384,-2.2437],[33.7485,-2.2802],[33.7242,-2.2885],[33.7152,-2.2773],[33.6943,-2.2961],[33.6704,-2.309],[33.6621,-2.3],[33.558,-2.3783],[33.5499,-2.3836],[33.5726,-2.4003],[33.5714,-2.4208],[33.499,-2.4422],[33.5089,-2.446],[33.5473,-2.4684],[33.5887,-2.4648],[33.5762,-2.4906],[33.5743,-2.5201],[33.5822,-2.5432]]]]}},{"id":"feature_152","type":"Feature","properties":{"gid":"TZA.24.3_1","name":"Itilima","region":"Simiyu","addo_count":0},"geometry":{"type":"MultiPolygon","coordinates":[[[[34.0511,-2.9388],[34.0392,-2.9382],[33.9367,-2.87],[33.9321,-2.8536],[33.8945,-2.8674],[33.8496,-2.8325],[33.8197,-2.8407],[33.7904,-2.8193],[33.7515,-2.8344],[33.7379,-2.8257],[33.7274,-2.8149],[33.6746,-2.8358],[33.6578,-2.8442],[33.6551,-2.8538],[33.6585,-2.8735],[33.7165,-2.9846],[33.7241,-2.9884],[33.8234,-3.0517],[33.8452,-3.0684],[33.9107,-3.0936],[33.9189,-3.097],[34.0307,-3.0987],[34.0974,-3.0417],[34.1071,-3.0347],[34.1612,-2.9844],[34.2009,-3.0072],[34.2694,-2.9925],[34.3833,-2.9963],[34.4801,-2.9671],[34.5471,-2.9785],[34.5657,-2.9525],[34.6952,-2.9313],[34.8436,-2.9495],[34.8825,-2.9476],[34.8825,-2.9067],[34.9877,-3.0025],[35.0123,-3.0018],[35.0054,-2.9783],[35.0652,-2.9479],[35.1385,-2.9081],[35.1955,-2.674],[34.3433,-2.6754],[34.2267,-2.712],[34.1621,-2.7043],[34.0838,-2.7786],[34.1092,-2.819],[34.088,-2.8354],[34.0906,-2.8563],[34.0782,-2.8523],[34.0784,-2.9042],[34.1241,-2.9691],[34.1181,-2.9976],[34.0863,-2.9855],[34.0511,-2.9388]]]]}},{"id":"feature_153","type":"Feature","properties":{"gid":"TZA.24.4_1","name":"Lake Eyasi","region":"Simiyu","addo_count":0},"geometry":{"type":"MultiPolygon","coordinates":[[[[34.7965,-3.7926],[34.8903,-3.7373],[34.8908,-3.6245],[34.8846,-3.6299],[34.833,-3.618],[34.8217,-3.6599],[34.7626,-3.703],[34.7418,-3.7658],[34.7639,-3.7756],[34.7818,-3.752],[34.8146,-3.7394],[34.8296,-3.7518],[34.8448,-3.7334],[34.8451,-3.7433],[34.8126,-3.7612],[34.7965,-3.7926]]]]}},{"id":"feature_154","type":"Feature","properties":{"gid":"TZA.24.5_1","name":"Lake Victoria","region":"Simiyu","addo_count":0},"geometry":{"type":"MultiPolygon","coordinates":[[[[33.8316,-2.1951],[33.6957,-2.2043],[33.43,-2.3132],[33.3283,-2.317],[33.3348,-2.3673],[33.5037,-2.4863],[33.5618,-2.5071],[33.5762,-2.4906],[33.5887,-2.4648],[33.5473,-2.4684],[33.5089,-2.446],[33.499,-2.4422],[33.5714,-2.4208],[33.5726,-2.4003],[33.5499,-2.3836],[33.558,-2.3783],[33.6621,-2.3],[33.6704,-2.309],[33.6943,-2.2961],[33.7152,-2.2773],[33.7242,-2.2885],[33.7485,-2.2802],[33.8384,-2.2437],[33.8419,-2.2295],[33.8438,-2.2105],[33.8316,-2.1951]]]]}},{"id":"feature_155","type":"Feature","properties":{"gid":"TZA.24.6_1","name":"Maswa","region":"Simiyu","addo_count":0},"geometry":{"type":"MultiPolygon","coordinates":[[[[33.8846,-3.5073],[33.9047,-3.4945],[33.9067,-3.5044],[33.9646,-3.5414],[34.0074,-3.6022],[34.0641,-3.6023],[34.0674,-3.5937],[34.0651,-3.567],[34.0761,-3.552],[34.0828,-3.5492],[34.0797,-3.5399],[34.0655,-3.4648],[34.1221,-3.394],[34.1231,-3.3505],[34.0474,-3.257],[34.0588,-3.2384],[34.1311,-3.137],[34.1504,-3.1183],[34.133,-3.092],[34.1077,-3.0506],[34.0974,-3.0417],[34.0307,-3.0987],[33.9189,-3.097],[33.9107,-3.0936],[33.8452,-3.0684],[33.8234,-3.0517],[33.7241,-2.9884],[33.7165,-2.9846],[33.6585,-2.8735],[33.6551,-2.8538],[33.6578,-2.8442],[33.6578,-2.8265],[33.6438,-2.825],[33.6245,-2.8103],[33.6162,-2.8021],[33.6149,-2.8169],[33.5769,-2.8266],[33.5765,-2.8431],[33.5501,-2.8365],[33.5468,-2.8599],[33.5018,-2.8923],[33.5243,-2.9939],[33.4853,-3.0459],[33.491,-3.0931],[33.4853,-3.1436],[33.4781,-3.1815],[33.448,-3.1975],[33.4363,-3.2168],[33.4393,-3.2598],[33.4238,-3.304],[33.4484,-3.3106],[33.4809,-3.2947],[33.4952,-3.2912],[33.5461,-3.2888],[33.5732,-3.3171],[33.6617,-3.4112],[33.6747,-3.4569],[33.7159,-3.475],[33.7255,-3.535],[33.7666,-3.5667],[33.8273,-3.4945],[33.8436,-3.5106],[33.8846,-3.5073]]]]}},{"id":"feature_156","type":"Feature","properties":{"gid":"TZA.24.7_1","name":"Meatu","region":"Simiyu","addo_count":17},"geometry":{"type":"MultiPolygon","coordinates":[[[[34.2009,-4.0594],[34.2022,-4.0795],[34.2357,-4.0827],[34.3203,-4.0833],[34.3905,-4.042],[34.3865,-3.9981],[34.4344,-3.953],[34.5079,-3.9321],[34.5204,-3.9315],[34.5536,-3.9133],[34.6053,-3.9189],[34.6164,-3.9116],[34.6477,-3.86],[34.6794,-3.8711],[34.7138,-3.8477],[34.7121,-3.8204],[34.7447,-3.8032],[34.75,-3.8079],[34.7757,-3.7993],[34.8126,-3.7612],[34.8451,-3.7433],[34.8448,-3.7334],[34.8296,-3.7518],[34.8146,-3.7394],[34.7818,-3.752],[34.7639,-3.7756],[34.7418,-3.7658],[34.7626,-3.703],[34.8217,-3.6599],[34.833,-3.618],[34.8846,-3.6299],[34.8876,-3.2386],[34.8872,-3.2097],[34.8821,-2.9476],[34.8436,-2.9495],[34.6952,-2.9313],[34.5657,-2.9525],[34.5471,-2.9785],[34.4801,-2.9671],[34.3833,-2.9963],[34.2694,-2.9925],[34.2009,-3.0072],[34.1612,-2.9844],[34.1071,-3.0347],[34.1077,-3.0506],[34.133,-3.092],[34.1506,-3.1199],[34.1311,-3.137],[34.0588,-3.2384],[34.0474,-3.257],[34.1231,-3.3505],[34.1221,-3.394],[34.0655,-3.4648],[34.0797,-3.5399],[34.0828,-3.5492],[34.0761,-3.552],[34.0651,-3.567],[34.0674,-3.5937],[34.0647,-3.6178],[34.0593,-3.6429],[34.0824,-3.6656],[34.0749,-3.6874],[34.0935,-3.7187],[34.0812,-3.7439],[34.0965,-3.7681],[34.1004,-3.781],[34.1703,-3.8464],[34.2328,-3.9665],[34.2102,-3.9949],[34.2009,-4.0594]]]]}},{"id":"feature_157","type":"Feature","properties":{"gid":"TZA.25.1_1","name":"Ikungi","region":"Singida","addo_count":4},"geometry":{"type":"MultiPolygon","coordinates":[[[[34.682,-4.9182],[34.6708,-4.9651],[34.598,-4.9682],[34.5895,-4.953],[34.5505,-4.9082],[34.5991,-4.8426],[34.626,-4.8316],[34.6389,-4.7284],[34.6381,-4.6693],[34.6129,-4.6306],[34.5751,-4.6235],[34.5687,-4.6358],[34.4751,-4.8255],[34.4196,-4.8447],[34.3599,-4.8354],[34.3216,-4.8222],[34.2913,-4.7739],[34.2964,-4.746],[34.2578,-4.7335],[34.2052,-4.7546],[34.1846,-4.7343],[34.0775,-4.7187],[34.0564,-4.689],[33.9567,-4.7216],[33.9305,-4.724],[33.9386,-4.7512],[33.932,-4.7979],[33.9252,-4.8294],[33.9142,-4.9189],[33.9361,-5.173],[34.0226,-5.2083],[34.1141,-5.1937],[34.1686,-5.2098],[34.1863,-5.2359],[34.1803,-5.2709],[34.1715,-5.2988],[34.2424,-5.3976],[34.2498,-5.4101],[34.2557,-5.421],[34.2638,-5.439],[34.3041,-5.478],[34.3257,-5.529],[34.5215,-5.5282],[34.6631,-5.5909],[34.673,-5.6279],[34.7195,-5.6298],[34.7679,-5.6005],[34.8244,-5.5958],[34.8501,-5.5461],[34.8787,-5.5318],[34.9521,-5.397],[35.0532,-5.3163],[35.096,-5.2965],[35.0963,-5.2363],[35.0937,-5.1778],[35.08,-5.1702],[35.0679,-5.1373],[35.1174,-5.1078],[35.1449,-5.0639],[35.1685,-5.0388],[35.1864,-5.042],[35.1478,-4.9842],[35.1122,-4.9802],[35.0946,-4.9226],[34.9655,-4.9183],[34.929,-4.9144],[34.9254,-4.8965],[34.9149,-4.8548],[34.8656,-4.8546],[34.8502,-4.9243],[34.8315,-4.9332],[34.79,-4.9402],[34.7359,-4.9413],[34.69,-4.9042],[34.682,-4.9182]]]]}},{"id":"feature_158","type":"Feature","properties":{"gid":"TZA.25.2_1","name":"Iramba","region":"Singida","addo_count":15},"geometry":{"type":"MultiPolygon","coordinates":[[[[34.3599,-4.8354],[34.4196,-4.8447],[34.4751,-4.8255],[34.5687,-4.6358],[34.574,-4.6257],[34.5516,-4.6198],[34.5116,-4.5622],[34.558,-4.5039],[34.5385,-4.4458],[34.5447,-4.3985],[34.5169,-4.2365],[34.5124,-3.9399],[34.5079,-3.9321],[34.4344,-3.953],[34.3865,-3.9981],[34.3905,-4.042],[34.3203,-4.0833],[34.2357,-4.0827],[34.2022,-4.0795],[34.1745,-4.0794],[34.1195,-4.1213],[34.1028,-4.1808],[34.079,-4.3364],[34.0424,-4.4112],[33.9662,-4.4678],[33.9143,-4.6115],[33.9235,-4.7125],[33.9567,-4.7216],[34.0564,-4.689],[34.0775,-4.7187],[34.1846,-4.7343],[34.2052,-4.7546],[34.2578,-4.7335],[34.2964,-4.746],[34.2913,-4.7739],[34.3216,-4.8222],[34.3599,-4.8354]]]]}},{"id":"feature_159","type":"Feature","properties":{"gid":"TZA.25.3_1","name":"Manyoni","region":"Singida","addo_count":52},"geometry":{"type":"MultiPolygon","coordinates":[[[[34.6593,-7.0813],[34.6809,-7.0549],[34.7096,-7.0412],[34.7228,-7.0351],[34.7348,-7.0179],[34.7427,-7.0125],[34.9148,-6.8942],[34.9382,-6.8915],[35.0371,-6.9112],[35.0835,-6.9269],[35.0827,-6.8604],[35.0538,-6.7167],[35.0952,-6.7458],[35.201,-6.7245],[35.1847,-6.666],[35.2055,-6.5614],[35.2292,-6.523],[35.202,-6.4645],[35.2422,-6.4411],[35.2447,-6.3854],[35.2188,-6.3465],[35.2016,-6.2587],[35.1752,-6.2448],[35.1651,-6.2131],[35.168,-6.1855],[35.2056,-6.1103],[35.2118,-5.9627],[35.2711,-5.7797],[35.3463,-5.6909],[35.3443,-5.6814],[35.3507,-5.6765],[35.3572,-5.672],[35.3018,-5.6221],[35.2501,-5.5812],[35.2521,-5.5595],[35.218,-5.5274],[35.2003,-5.4959],[35.1437,-5.4128],[35.1392,-5.408],[35.1278,-5.3435],[35.0966,-5.2834],[35.0908,-5.3039],[35.0532,-5.3163],[34.9521,-5.397],[34.8787,-5.5318],[34.8501,-5.5461],[34.8244,-5.5958],[34.7679,-5.6005],[34.7195,-5.6298],[34.673,-5.6279],[34.6631,-5.5909],[34.5215,-5.5282],[34.3257,-5.529],[34.3041,-5.478],[34.2638,-5.439],[34.2557,-5.421],[34.2498,-5.4101],[34.2379,-5.4115],[34.1933,-5.4302],[34.1723,-5.4519],[34.122,-5.5796],[34.0715,-5.6505],[34.0186,-5.6824],[34.0066,-5.7086],[34.0398,-5.7193],[34.0967,-5.8004],[34.1105,-5.8194],[34.1108,-5.8405],[34.1075,-5.8658],[34.0879,-5.8896],[34.0316,-5.9102],[34.0238,-5.9178],[34.0128,-5.9775],[33.9788,-6.0552],[33.9511,-6.081],[33.9768,-6.0818],[33.9577,-6.1285],[33.9313,-6.1718],[33.9038,-6.3039],[33.8851,-6.3271],[33.8627,-6.3601],[33.7893,-6.3898],[33.7822,-6.4175],[33.7163,-6.4541],[33.6773,-6.5131],[33.6262,-6.5431],[33.5904,-6.5591],[33.5633,-6.5945],[33.53,-6.6673],[33.5253,-6.7521],[33.517,-6.9061],[33.4969,-6.9374],[33.4873,-6.9453],[33.515,-6.9593],[33.5491,-6.9571],[33.5747,-6.995],[33.6761,-7.0453],[33.6961,-7.0834],[33.7912,-7.1188],[33.8081,-7.1469],[33.8024,-7.1828],[33.7959,-7.2494],[33.7878,-7.3238],[33.8187,-7.456],[33.8019,-7.5261],[33.9837,-7.5305],[34.0162,-7.476],[34.0103,-7.425],[34.0311,-7.4112],[34.1946,-7.3728],[34.2343,-7.3347],[34.2447,-7.3292],[34.263,-7.3325],[34.4332,-7.3183],[34.5066,-7.2357],[34.5947,-7.185],[34.6593,-7.0813]]]]}},{"id":"feature_160","type":"Feature","properties":{"gid":"TZA.25.4_1","name":"Mkalama","region":"Singida","addo_count":25},"geometry":{"type":"MultiPolygon","coordinates":[[[[34.574,-4.6257],[34.5997,-4.6212],[34.6018,-4.5951],[34.6616,-4.578],[34.675,-4.5505],[34.7183,-4.5446],[34.7703,-4.5125],[34.7723,-4.4962],[34.8077,-4.4578],[34.8378,-4.4651],[34.851,-4.4522],[34.8614,-4.4076],[34.8754,-4.4132],[34.8671,-4.3941],[34.8665,-4.362],[34.9162,-4.2734],[34.9351,-4.2557],[34.9708,-4.2081],[34.9667,-4.0924],[34.991,-3.9908],[34.9369,-3.9947],[34.9121,-3.971],[34.892,-3.9088],[34.8678,-3.9052],[34.8115,-3.9464],[34.7693,-3.9421],[34.7522,-3.9054],[34.7513,-3.8151],[34.7447,-3.8032],[34.7121,-3.8204],[34.7138,-3.8477],[34.6794,-3.8711],[34.6477,-3.86],[34.6164,-3.9116],[34.6053,-3.9189],[34.5536,-3.9133],[34.5204,-3.9315],[34.5124,-3.9399],[34.5169,-4.2365],[34.5447,-4.3985],[34.5385,-4.4458],[34.558,-4.5039],[34.5116,-4.5622],[34.5516,-4.6198],[34.574,-4.6257]]]]}},{"id":"feature_161","type":"Feature","properties":{"gid":"TZA.25.5_1","name":"Singida Rural","region":"Singida","addo_count":0},"geometry":{"type":"MultiPolygon","coordinates":[[[[35.319,-4.9299],[35.3414,-4.8793],[35.2842,-4.8064],[35.1537,-4.7539],[35.1285,-4.6309],[35.0738,-4.6185],[35.0377,-4.5383],[34.9663,-4.4557],[34.863,-4.4074],[34.851,-4.4522],[34.8378,-4.4651],[34.8077,-4.4578],[34.7723,-4.4962],[34.7703,-4.5125],[34.7183,-4.5446],[34.675,-4.5505],[34.6616,-4.578],[34.6018,-4.5951],[34.5997,-4.6212],[34.6129,-4.6306],[34.6381,-4.6693],[34.6413,-4.6996],[34.6615,-4.7031],[34.7269,-4.6633],[34.7562,-4.6719],[34.7551,-4.7061],[34.8028,-4.7223],[34.8039,-4.7673],[34.8677,-4.8088],[34.8867,-4.8381],[34.8787,-4.8529],[34.9149,-4.8548],[34.9254,-4.8965],[34.9277,-4.9137],[34.9655,-4.9183],[35.0946,-4.9226],[35.1122,-4.9802],[35.1478,-4.9842],[35.1864,-5.042],[35.1895,-5.042],[35.2812,-4.9803],[35.319,-4.9299]]]]}},{"id":"feature_162","type":"Feature","properties":{"gid":"TZA.25.6_1","name":"Singida Urban","region":"Singida","addo_count":0},"geometry":{"type":"MultiPolygon","coordinates":[[[[34.5895,-4.953],[34.594,-4.9674],[34.6708,-4.9651],[34.682,-4.9182],[34.69,-4.9042],[34.7359,-4.9413],[34.79,-4.9402],[34.8315,-4.9332],[34.8502,-4.9243],[34.8627,-4.8588],[34.8787,-4.8529],[34.8867,-4.8381],[34.8677,-4.8088],[34.8039,-4.7673],[34.8028,-4.7223],[34.7551,-4.7061],[34.7562,-4.6719],[34.7269,-4.6633],[34.7005,-4.6691],[34.6873,-4.6945],[34.6413,-4.6996],[34.6389,-4.7284],[34.626,-4.8316],[34.5991,-4.8426],[34.5505,-4.9082],[34.5895,-4.953]]]]}},{"id":"feature_163","type":"Feature","properties":{"gid":"TZA.31.2_1","name":"Ileje","region":"Songwe","addo_count":0},"geometry":{"type":"MultiPolygon","coordinates":[[[[32.8828,-9.3671],[32.8971,-9.3868],[32.9147,-9.3797],[32.9282,-9.4003],[32.9559,-9.3997],[33.0001,-9.3639],[33.0796,-9.4495],[33.197,-9.5055],[33.2556,-9.4862],[33.2824,-9.5013],[33.3231,-9.4842],[33.3942,-9.5392],[33.4192,-9.5694],[33.4188,-9.5935],[33.4604,-9.6197],[33.5198,-9.627],[33.5493,-9.5868],[33.5841,-9.5774],[33.6288,-9.6059],[33.6717,-9.6084],[33.6726,-9.5872],[33.6689,-9.5496],[33.6909,-9.5393],[33.6711,-9.4731],[33.6693,-9.4585],[33.6253,-9.4516],[33.5878,-9.3734],[33.4793,-9.3034],[33.4552,-9.2449],[33.467,-9.2134],[33.449,-9.1629],[33.4356,-9.1661],[33.4377,-9.2761],[33.4197,-9.3358],[33.3853,-9.3268],[33.3705,-9.2861],[33.3455,-9.2898],[33.3229,-9.2406],[33.3039,-9.2379],[33.2542,-9.2512],[33.2102,-9.2997],[33.1509,-9.2994],[33.1362,-9.2924],[33.1145,-9.309],[33.0859,-9.314],[33.0644,-9.3416],[33.06,-9.3534],[33.0233,-9.3187],[32.9636,-9.3055],[32.9131,-9.2834],[32.9079,-9.32],[32.8895,-9.3209],[32.8746,-9.3488],[32.8828,-9.3671]]]]}},{"id":"feature_164","type":"Feature","properties":{"gid":"TZA.31.4_1","name":"Lake Rukwa","region":"Songwe","addo_count":0},"geometry":{"type":"MultiPolygon","coordinates":[[[[31.9871,-7.7741],[32.3273,-7.9816],[32.4861,-8.1127],[32.5033,-8.1748],[32.4861,-8.2335],[32.4466,-8.2442],[32.4477,-8.2767],[32.4781,-8.3219],[32.4852,-8.3208],[32.5,-8.3349],[32.5667,-8.3819],[32.6007,-8.4023],[32.6029,-8.4316],[32.6186,-8.4551],[32.6225,-8.4545],[32.6411,-8.4679],[32.6522,-8.4725],[32.6615,-8.4721],[32.6976,-8.4896],[32.7355,-8.4775],[32.8002,-8.5028],[32.8155,-8.4872],[32.9066,-8.4939],[32.9077,-8.4737],[32.931,-8.4147],[32.9001,-8.413],[32.8976,-8.3865],[32.8214,-8.3509],[32.752,-8.2745],[32.7547,-8.2755],[32.6558,-8.1601],[32.6477,-8.1225],[32.6002,-8.1272],[32.5719,-8.063],[32.4675,-7.9806],[32.4247,-7.9726],[32.3767,-7.9102],[32.1703,-7.7381],[32.1522,-7.7231],[32.0482,-7.6152],[32.0433,-7.6151],[31.9871,-7.7741]]]]}},{"id":"feature_165","type":"Feature","properties":{"gid":"TZA.31.8_1","name":"Mbozi","region":"Songwe","addo_count":0},"geometry":{"type":"MultiPolygon","coordinates":[[[[33.1638,-9.2227],[33.1982,-9.1933],[33.2542,-9.1908],[33.267,-9.1566],[33.2117,-9.1331],[33.2355,-9.0899],[33.2141,-9.0419],[33.2275,-8.9552],[33.2102,-8.9115],[33.2291,-8.8987],[33.1853,-8.8728],[33.1709,-8.8222],[33.1418,-8.8169],[33.0328,-8.7417],[32.9946,-8.7039],[32.9364,-8.6816],[32.8918,-8.682],[32.8211,-8.6968],[32.6174,-8.6028],[32.5983,-8.5972],[32.5426,-8.5967],[32.5022,-8.5967],[32.5111,-8.6227],[32.5637,-8.8138],[32.5865,-8.8155],[32.6832,-8.9467],[32.6915,-8.9635],[32.654,-8.9938],[32.6778,-9.012],[32.6814,-9.0291],[32.6803,-9.0312],[32.6789,-9.0484],[32.7395,-9.1375],[32.7417,-9.1405],[32.7657,-9.1841],[32.7722,-9.1908],[32.7781,-9.1949],[32.7832,-9.1993],[32.8245,-9.2402],[32.8535,-9.2492],[32.8773,-9.2383],[32.904,-9.2774],[32.9636,-9.3055],[33.0233,-9.3187],[33.0593,-9.3534],[33.0644,-9.3416],[33.0859,-9.314],[33.1145,-9.309],[33.1299,-9.288],[33.1183,-9.2711],[33.1315,-9.2426],[33.148,-9.2466],[33.1638,-9.2227]]]]}},{"id":"feature_166","type":"Feature","properties":{"gid":"TZA.31.9_1","name":"Momba","region":"Songwe","addo_count":0},"geometry":{"type":"MultiPolygon","coordinates":[[[[32.1425,-8.9467],[32.1134,-8.9776],[32.1071,-8.9901],[32.1094,-9.0041],[32.1139,-9.0574],[32.1618,-9.0577],[32.2554,-9.1303],[32.4372,-9.1181],[32.4801,-9.1418],[32.5358,-9.1365],[32.604,-9.068],[32.6803,-9.0312],[32.6814,-9.0291],[32.6778,-9.012],[32.654,-8.9938],[32.6915,-8.9635],[32.6832,-8.9467],[32.5865,-8.8155],[32.5637,-8.8138],[32.5111,-8.6227],[32.5027,-8.5965],[32.5426,-8.5967],[32.5983,-8.5972],[32.6071,-8.5919],[32.6486,-8.4955],[32.6522,-8.4725],[32.6411,-8.4679],[32.6225,-8.4545],[32.6186,-8.4551],[32.6029,-8.4316],[32.6007,-8.4023],[32.5667,-8.3819],[32.5,-8.3349],[32.4852,-8.3208],[32.4781,-8.3219],[32.4477,-8.2767],[32.4466,-8.2442],[32.4395,-8.2489],[32.4378,-8.2429],[32.4277,-8.2474],[32.3833,-8.3189],[32.3306,-8.3037],[32.2772,-8.3642],[32.2665,-8.3916],[32.2797,-8.4233],[32.2654,-8.4427],[32.2768,-8.4421],[32.2818,-8.4751],[32.2969,-8.4702],[32.3014,-8.5119],[32.315,-8.5116],[32.2955,-8.5319],[32.2916,-8.5726],[32.2551,-8.6114],[32.2554,-8.6577],[32.2293,-8.6982],[32.1832,-8.7155],[32.1746,-8.7016],[32.1696,-8.6977],[32.1465,-8.6997],[32.1358,-8.6989],[32.1166,-8.7071],[32.079,-8.7489],[32.0209,-8.8062],[32.0284,-8.821],[32.0817,-8.8576],[32.0656,-8.8745],[32.1425,-8.9467]]]]}},{"id":"feature_167","type":"Feature","properties":{"gid":"TZA.31.1_1","name":"Songwe","region":"Songwe","addo_count":0},"geometry":{"type":"MultiPolygon","coordinates":[[[[33.2139,-8.695],[33.2003,-8.6521],[33.1313,-8.5794],[33.1263,-8.4957],[33.0931,-8.4915],[33.048,-8.4581],[33.0531,-8.4405],[33.0632,-8.388],[33.1046,-8.3763],[33.1638,-8.3118],[33.1533,-8.2732],[33.1207,-8.2593],[33.0344,-8.2562],[32.9964,-8.2937],[32.976,-8.2939],[32.9704,-8.2767],[32.982,-8.2403],[32.9714,-8.1781],[33.0299,-8.028],[33.0205,-7.9863],[33.0774,-7.8891],[33.0873,-7.871],[33.0458,-7.8733],[32.9329,-7.8739],[32.9927,-7.7563],[33.0404,-7.7573],[33.0399,-7.5376],[32.9852,-7.5303],[32.9194,-7.5498],[32.8958,-7.4513],[32.8973,-7.1504],[32.896,-6.9277],[32.8689,-6.9481],[32.8463,-6.9318],[32.814,-6.9347],[32.7899,-6.9466],[32.7819,-6.9775],[32.7476,-6.9775],[32.7461,-6.9998],[32.7018,-7.0007],[32.5874,-7.0008],[32.5823,-7.0923],[32.4877,-7.1339],[32.4902,-7.1528],[32.4552,-7.1503],[32.2797,-7.2716],[32.268,-7.3651],[32.1909,-7.5183],[32.1493,-7.5171],[32.1273,-7.5409],[32.099,-7.5124],[32.0831,-7.5643],[32.0436,-7.6074],[32.0482,-7.6152],[32.1522,-7.7231],[32.1703,-7.7381],[32.3767,-7.9102],[32.4247,-7.9726],[32.4675,-7.9806],[32.5719,-8.063],[32.6002,-8.1272],[32.6477,-8.1225],[32.6558,-8.1601],[32.7547,-8.2755],[32.752,-8.2745],[32.8214,-8.3509],[32.8976,-8.3865],[32.9001,-8.413],[32.931,-8.4147],[32.9077,-8.4737],[32.9066,-8.4939],[32.8155,-8.4872],[32.8002,-8.5028],[32.7355,-8.4775],[32.6976,-8.4896],[32.6615,-8.4721],[32.6486,-8.4955],[32.6071,-8.5919],[32.6174,-8.6028],[32.8211,-8.6968],[32.8918,-8.682],[32.9364,-8.6816],[32.9946,-8.7039],[33.0108,-8.7115],[33.0706,-8.612],[33.0852,-8.6114],[33.101,-8.6201],[33.1429,-8.6903],[33.1679,-8.706],[33.2128,-8.7196],[33.2273,-8.7263],[33.2316,-8.7091],[33.2256,-8.7019],[33.2139,-8.695]]]]}},{"id":"feature_168","type":"Feature","properties":{"gid":"TZA.31.11_1","name":"Tunduma","region":"Songwe","addo_count":0},"geometry":{"type":"MultiPolygon","coordinates":[[[[32.8746,-9.3488],[32.8895,-9.3209],[32.9079,-9.32],[32.904,-9.2774],[32.8773,-9.2383],[32.8535,-9.2492],[32.8245,-9.2402],[32.7832,-9.1993],[32.7781,-9.1949],[32.7722,-9.1908],[32.7657,-9.1841],[32.7417,-9.1405],[32.7395,-9.1375],[32.6789,-9.0484],[32.6803,-9.0312],[32.604,-9.068],[32.5358,-9.1365],[32.4801,-9.1418],[32.4948,-9.1508],[32.4847,-9.1722],[32.5459,-9.2544],[32.5778,-9.2402],[32.6476,-9.2713],[32.7553,-9.282],[32.7656,-9.3195],[32.8001,-9.3218],[32.8145,-9.3486],[32.867,-9.3783],[32.8828,-9.3671],[32.8746,-9.3488]]]]}},{"id":"feature_169","type":"Feature","properties":{"gid":"TZA.26.1_1","name":"Igunga","region":"Tabora","addo_count":30},"geometry":{"type":"MultiPolygon","coordinates":[[[[33.9386,-4.7512],[33.9235,-4.7125],[33.9143,-4.6115],[33.9662,-4.4678],[34.0424,-4.4112],[34.079,-4.3364],[34.1028,-4.1808],[34.1195,-4.1213],[34.1745,-4.0794],[34.1668,-4.0771],[34.092,-4.0268],[34.0437,-4.0412],[33.9871,-4.0231],[33.9272,-3.9607],[33.7995,-3.9558],[33.7558,-3.9299],[33.7249,-3.9458],[33.6798,-3.9399],[33.6479,-3.9219],[33.6619,-3.8995],[33.6071,-3.8799],[33.5361,-3.8952],[33.5322,-3.8966],[33.4435,-3.9143],[33.4029,-3.8873],[33.3586,-3.8992],[33.3494,-3.898],[33.351,-3.8997],[33.3433,-3.9058],[33.3464,-4.083],[33.3644,-4.1403],[33.3566,-4.2551],[33.3735,-4.3437],[33.3734,-4.3569],[33.3486,-4.4348],[33.3897,-4.5003],[33.3998,-4.5544],[33.4003,-4.636],[33.4201,-4.6943],[33.4173,-4.7475],[33.4001,-4.7576],[33.3822,-4.803],[33.3559,-4.8822],[33.3808,-4.8796],[33.4604,-4.8356],[33.5144,-4.8352],[33.5831,-4.842],[33.6665,-4.8388],[33.7152,-4.8032],[33.7631,-4.7937],[33.7903,-4.8092],[33.9296,-4.8124],[33.932,-4.7979],[33.9386,-4.7512]]]]}},{"id":"feature_170","type":"Feature","properties":{"gid":"TZA.26.2_1","name":"Kaliua","region":"Tabora","addo_count":10},"geometry":{"type":"MultiPolygon","coordinates":[[[[31.1067,-5.6184],[31.1575,-5.6805],[31.1409,-5.7011],[31.1584,-5.7272],[31.1464,-5.7687],[31.1994,-5.7402],[31.216,-5.7561],[31.2402,-5.7461],[31.2537,-5.7859],[31.283,-5.8073],[31.32,-5.7861],[31.3808,-5.795],[31.4186,-5.8286],[31.492,-5.8354],[31.4936,-5.8204],[31.5122,-5.8302],[31.5528,-5.8073],[31.5846,-5.8361],[31.6143,-5.8228],[31.6251,-5.8394],[31.6359,-5.8228],[31.687,-5.8211],[31.7052,-5.7837],[31.7189,-5.7903],[31.7917,-5.7209],[31.8272,-5.7147],[31.8366,-5.7308],[31.8856,-5.7325],[31.895,-5.7454],[31.8978,-5.7451],[31.9052,-5.5482],[31.8704,-5.4408],[31.8461,-5.2699],[31.8737,-5.1631],[31.8674,-5.0651],[31.9826,-5.0283],[31.9811,-4.9526],[31.9407,-4.9211],[31.9684,-4.8593],[31.9708,-4.8383],[31.9523,-4.7284],[31.9562,-4.7111],[31.9848,-4.6923],[32.0026,-4.7177],[32.0687,-4.7528],[32.1316,-4.7535],[32.1575,-4.803],[32.1826,-4.7861],[32.2231,-4.7884],[32.2271,-4.8216],[32.2515,-4.8179],[32.2573,-4.7984],[32.3421,-4.8451],[32.4412,-4.8442],[32.457,-4.831],[32.4622,-4.7558],[32.4886,-4.7582],[32.4739,-4.715],[32.4954,-4.5423],[32.4692,-4.5012],[32.4673,-4.3882],[32.4366,-4.3388],[32.4063,-4.3235],[32.3968,-4.3243],[32.3573,-4.2895],[32.3088,-4.2702],[32.3002,-4.2736],[32.2706,-4.2728],[32.1185,-4.247],[32.1084,-4.249],[32.0008,-4.1887],[31.9399,-4.1267],[31.7107,-4.0624],[31.6812,-4.0625],[31.6609,-4.0752],[31.6545,-4.117],[31.6354,-4.137],[31.669,-4.1559],[31.6832,-4.215],[31.6701,-4.2446],[31.6806,-4.2548],[31.6564,-4.28],[31.6729,-4.3247],[31.6537,-4.383],[31.6237,-4.4235],[31.5926,-4.432],[31.5001,-4.4136],[31.4632,-4.463],[31.4546,-4.4636],[31.4676,-4.4812],[31.4587,-4.5152],[31.4665,-4.5254],[31.4762,-4.5616],[31.4786,-4.5747],[31.4933,-4.6249],[31.467,-4.684],[31.4321,-4.7078],[31.409,-4.7012],[31.3954,-4.719],[31.3869,-4.7316],[31.3982,-4.8085],[31.3764,-4.8107],[31.3079,-4.9212],[31.2401,-4.9424],[31.2344,-4.9593],[31.2395,-4.9962],[31.2594,-5.0086],[31.2476,-5.0579],[31.2112,-5.1114],[31.2054,-5.1527],[31.2216,-5.1711],[31.2036,-5.1929],[31.204,-5.2106],[31.247,-5.2432],[31.1809,-5.2567],[31.1876,-5.3802],[31.1848,-5.4348],[31.1479,-5.4602],[31.1111,-5.4683],[31.0668,-5.499],[31.0712,-5.5211],[31.0387,-5.5554],[31.0466,-5.5767],[31.1067,-5.6184]]]]}},{"id":"feature_171","type":"Feature","properties":{"gid":"TZA.26.3_1","name":"Nzega","region":"Tabora","addo_count":37},"geometry":{"type":"MultiPolygon","coordinates":[[[[33.3822,-4.803],[33.4001,-4.7576],[33.4173,-4.7475],[33.4201,-4.6943],[33.4003,-4.636],[33.3998,-4.5544],[33.3897,-4.5003],[33.3486,-4.4348],[33.3734,-4.3569],[33.3735,-4.3437],[33.3566,-4.2551],[33.3644,-4.1403],[33.3464,-4.083],[33.3433,-3.9058],[33.3457,-3.9015],[33.2772,-3.9142],[33.225,-3.9359],[33.2175,-3.9592],[33.1958,-3.9511],[33.1708,-3.9651],[33.071,-3.9659],[33.0286,-3.9396],[33.0186,-3.9155],[33.0134,-3.9086],[32.9807,-3.9095],[32.9074,-3.9272],[32.8441,-3.923],[32.8132,-3.9526],[32.7928,-3.9551],[32.7042,-3.9474],[32.6886,-4.044],[32.692,-4.0889],[32.6706,-4.1248],[32.6392,-4.1321],[32.698,-4.1925],[32.7308,-4.1888],[32.7476,-4.2383],[32.5908,-4.2883],[32.5855,-4.2197],[32.5813,-4.2052],[32.5588,-4.2045],[32.562,-4.2326],[32.5362,-4.2513],[32.5901,-4.3533],[32.6121,-4.4428],[32.5967,-4.4608],[32.6042,-4.6096],[32.5812,-4.6638],[32.6679,-4.7903],[32.7056,-4.7902],[32.7365,-4.8036],[32.7574,-4.765],[32.7423,-4.7275],[32.7848,-4.6759],[32.8021,-4.675],[32.802,-4.7149],[32.8172,-4.7017],[32.8081,-4.6455],[32.8413,-4.6524],[32.852,-4.7895],[33.0022,-4.8232],[33.0026,-4.8613],[33.0384,-4.8748],[33.05,-4.8498],[33.0589,-4.8251],[33.1371,-4.798],[33.1448,-4.8291],[33.1747,-4.8361],[33.203,-4.8081],[33.2899,-4.8576],[33.3255,-4.903],[33.3336,-4.8853],[33.3559,-4.8822],[33.3822,-4.803]]]]}},{"id":"feature_172","type":"Feature","properties":{"gid":"TZA.26.4_1","name":"Sikonge","region":"Tabora","addo_count":15},"geometry":{"type":"MultiPolygon","coordinates":[[[[33.4633,-6.9473],[33.4873,-6.9453],[33.4969,-6.9374],[33.517,-6.9061],[33.5253,-6.7521],[33.53,-6.6673],[33.5633,-6.5945],[33.5935,-6.5568],[33.6262,-6.5431],[33.6773,-6.5131],[33.7163,-6.4541],[33.7822,-6.4175],[33.7893,-6.3898],[33.8627,-6.3601],[33.8851,-6.3271],[33.9038,-6.3039],[33.9313,-6.1718],[33.9577,-6.1285],[33.9768,-6.0818],[33.9511,-6.081],[33.9788,-6.0552],[34.0128,-5.9775],[34.0238,-5.9178],[34.0316,-5.9102],[34.0879,-5.8896],[34.1075,-5.8658],[34.1108,-5.8405],[34.1105,-5.8194],[34.0967,-5.8004],[34.0398,-5.7193],[33.9929,-5.7055],[33.953,-5.6846],[33.9104,-5.6031],[33.827,-5.5743],[33.8042,-5.5501],[33.7888,-5.545],[33.715,-5.5153],[33.4873,-5.5022],[33.4653,-5.4205],[33.4239,-5.4056],[33.4303,-5.3626],[33.4543,-5.3585],[33.4932,-5.3139],[33.4328,-5.3033],[33.3955,-5.2766],[33.3083,-5.2903],[33.2363,-5.3372],[33.2337,-5.4631],[33.1486,-5.4727],[33.0362,-5.4199],[33.0033,-5.419],[32.9594,-5.3041],[32.9375,-5.2897],[32.8291,-5.2557],[32.7816,-5.2656],[32.7445,-5.2585],[32.652,-5.1976],[32.5844,-5.2133],[32.5544,-5.2942],[32.5611,-5.3418],[32.489,-5.4522],[32.4836,-5.4661],[32.4673,-5.4766],[32.4693,-5.5051],[32.4282,-5.5174],[32.4184,-5.5303],[32.4149,-5.5581],[32.3631,-5.558],[32.2581,-5.6499],[32.2248,-5.653],[32.0619,-5.7465],[32.033,-5.7861],[32.0447,-5.8248],[32.0854,-5.8541],[32.0922,-5.9512],[32.114,-5.9579],[32.1122,-5.9964],[32.1699,-6.0687],[32.167,-6.1057],[32.1884,-6.1296],[32.1802,-6.1463],[32.2102,-6.1903],[32.2922,-6.242],[32.3573,-6.2356],[32.4425,-6.3044],[32.548,-6.3116],[32.5934,-6.3378],[32.6459,-6.3318],[32.6927,-6.3877],[32.7543,-6.4091],[32.7474,-6.7605],[32.7476,-6.9775],[32.7819,-6.9775],[32.7899,-6.9466],[32.814,-6.9347],[32.8463,-6.9318],[32.8689,-6.9481],[32.896,-6.9277],[32.8995,-6.9208],[32.9825,-6.8688],[32.9961,-6.8672],[33.0766,-6.8709],[33.1202,-6.9134],[33.2048,-6.9549],[33.3155,-6.9442],[33.3685,-6.9608],[33.4633,-6.9473]]]]}},{"id":"feature_173","type":"Feature","properties":{"gid":"TZA.26.5_1","name":"Tabora","region":"Tabora","addo_count":18},"geometry":{"type":"MultiPolygon","coordinates":[[[[32.9788,-5.0527],[32.9947,-5.0237],[32.9834,-4.9578],[32.9382,-4.9526],[32.8562,-4.8374],[32.8242,-4.8293],[32.8227,-4.7694],[32.7976,-4.7626],[32.8019,-4.7203],[32.8021,-4.675],[32.7848,-4.6759],[32.7423,-4.7275],[32.7574,-4.765],[32.7365,-4.8036],[32.7056,-4.7902],[32.6684,-4.7926],[32.6347,-4.889],[32.6415,-4.9228],[32.6409,-5.0352],[32.678,-5.1401],[32.6678,-5.1849],[32.7026,-5.2131],[32.7077,-5.2148],[32.7286,-5.2023],[32.7935,-5.1989],[32.8519,-5.1759],[32.8595,-5.1754],[32.8703,-5.1649],[32.9213,-5.1927],[32.9499,-5.1879],[32.9686,-5.1615],[32.9851,-5.1407],[32.9593,-5.0754],[32.9788,-5.0527]]]]}},{"id":"feature_174","type":"Feature","properties":{"gid":"TZA.26.6_1","name":"Urambo","region":"Tabora","addo_count":30},"geometry":{"type":"MultiPolygon","coordinates":[[[[32.0089,-5.7657],[32.0258,-5.7648],[32.0295,-5.7695],[32.0619,-5.7465],[32.2248,-5.653],[32.2581,-5.6499],[32.3631,-5.558],[32.4149,-5.5581],[32.4184,-5.5303],[32.4282,-5.5174],[32.4693,-5.5051],[32.4673,-5.4766],[32.4836,-5.4661],[32.4883,-5.4389],[32.4433,-5.2067],[32.3659,-5.1213],[32.3777,-5.0142],[32.2811,-4.9806],[32.2627,-4.9774],[32.2312,-4.9316],[32.2241,-4.8819],[32.1975,-4.864],[32.2271,-4.8216],[32.2231,-4.7884],[32.1826,-4.7861],[32.1575,-4.803],[32.1316,-4.7535],[32.0687,-4.7528],[32.0026,-4.7177],[31.9848,-4.6923],[31.9562,-4.7111],[31.9523,-4.7284],[31.9708,-4.8383],[31.9684,-4.8593],[31.9407,-4.9211],[31.9811,-4.9526],[31.9826,-5.0283],[31.8674,-5.0651],[31.8737,-5.1631],[31.8461,-5.2699],[31.8704,-5.4408],[31.9052,-5.5482],[31.8978,-5.7451],[31.9119,-5.7394],[31.9226,-5.7531],[31.9692,-5.7455],[32.0089,-5.7657]]]]}},{"id":"feature_175","type":"Feature","properties":{"gid":"TZA.26.7_1","name":"Uyui","region":"Tabora","addo_count":27},"geometry":{"type":"MultiPolygon","coordinates":[[[[34.1715,-5.2988],[34.1803,-5.2709],[34.1863,-5.2359],[34.1686,-5.2098],[34.1141,-5.1937],[34.0226,-5.2083],[33.9361,-5.173],[33.9142,-4.9189],[33.9252,-4.8294],[33.9296,-4.8124],[33.7903,-4.8092],[33.7631,-4.7937],[33.7152,-4.8032],[33.6665,-4.8388],[33.5831,-4.842],[33.5144,-4.8352],[33.4604,-4.8356],[33.3808,-4.8796],[33.3336,-4.8853],[33.3255,-4.903],[33.2899,-4.8576],[33.203,-4.8081],[33.1747,-4.8361],[33.1448,-4.8291],[33.1371,-4.798],[33.0589,-4.8251],[33.05,-4.8498],[33.035,-4.8754],[33.0026,-4.8613],[33.0022,-4.8232],[32.852,-4.7895],[32.8413,-4.6524],[32.8081,-4.6455],[32.8172,-4.7017],[32.802,-4.7149],[32.8019,-4.7203],[32.7976,-4.7626],[32.8227,-4.7694],[32.8242,-4.8293],[32.8562,-4.8374],[32.9382,-4.9526],[32.9834,-4.9578],[32.9947,-5.0237],[32.9788,-5.0527],[32.9593,-5.0754],[32.9851,-5.1407],[32.9686,-5.1615],[32.9499,-5.1879],[32.9213,-5.1927],[32.8703,-5.1649],[32.8595,-5.1754],[32.8519,-5.1759],[32.7935,-5.1989],[32.7286,-5.2023],[32.7077,-5.2148],[32.7026,-5.2131],[32.6678,-5.1849],[32.678,-5.1401],[32.6409,-5.0352],[32.6415,-4.9228],[32.6333,-4.8958],[32.6679,-4.7903],[32.5812,-4.6638],[32.6042,-4.6096],[32.5967,-4.4608],[32.6121,-4.4428],[32.5901,-4.3533],[32.5362,-4.2513],[32.562,-4.2326],[32.5588,-4.2045],[32.5808,-4.2037],[32.5485,-4.1954],[32.5373,-4.176],[32.5079,-4.1879],[32.4876,-4.2296],[32.4466,-4.2138],[32.4324,-4.2138],[32.4077,-4.2135],[32.4163,-4.2982],[32.4063,-4.3235],[32.4366,-4.3388],[32.4673,-4.3882],[32.4692,-4.5012],[32.4954,-4.5423],[32.4739,-4.715],[32.4886,-4.7582],[32.4622,-4.7558],[32.457,-4.831],[32.4412,-4.8442],[32.3421,-4.8451],[32.2573,-4.7984],[32.2515,-4.8179],[32.2271,-4.8216],[32.1975,-4.864],[32.2241,-4.8819],[32.2312,-4.9316],[32.2627,-4.9774],[32.2811,-4.9806],[32.3777,-5.0142],[32.3659,-5.1213],[32.4433,-5.2067],[32.4883,-5.4389],[32.489,-5.4522],[32.5611,-5.3418],[32.5544,-5.2942],[32.5844,-5.2133],[32.652,-5.1976],[32.7445,-5.2585],[32.7816,-5.2656],[32.8291,-5.2557],[32.9375,-5.2897],[32.9594,-5.3041],[33.0033,-5.419],[33.0362,-5.4199],[33.1486,-5.4727],[33.2337,-5.4631],[33.2363,-5.3372],[33.3083,-5.2903],[33.3955,-5.2766],[33.4328,-5.3033],[33.4932,-5.3139],[33.4543,-5.3585],[33.4303,-5.3626],[33.4239,-5.4056],[33.4653,-5.4205],[33.4873,-5.5022],[33.715,-5.5153],[33.7888,-5.545],[33.8042,-5.5501],[33.827,-5.5743],[33.9104,-5.6031],[33.953,-5.6846],[33.9929,-5.7055],[34.0065,-5.7091],[34.0186,-5.6824],[34.0715,-5.6505],[34.122,-5.5796],[34.1723,-5.4519],[34.1933,-5.4302],[34.2379,-5.4115],[34.2424,-5.3976],[34.1715,-5.2988]]]]}},{"id":"feature_176","type":"Feature","properties":{"gid":"TZA.27.2_1","name":"Handeni","region":"Tanga","addo_count":0},"geometry":{"type":"MultiPolygon","coordinates":[[[[38.4489,-6.0103],[38.4709,-6.02],[38.4834,-6.0017],[38.5447,-5.9989],[38.5626,-6.0179],[38.5971,-5.9835],[38.6324,-5.9869],[38.6439,-5.9684],[38.6708,-5.9538],[38.7002,-5.9608],[38.7047,-5.9477],[38.6729,-5.936],[38.644,-5.6389],[38.6898,-5.6399],[38.7065,-5.6223],[38.7265,-5.5913],[38.7244,-5.4591],[38.7037,-5.4275],[38.6493,-5.423],[38.6344,-5.3771],[38.5769,-5.3136],[38.5578,-5.2979],[38.5606,-5.2518],[38.538,-5.2455],[38.5306,-5.2427],[38.5106,-5.2354],[38.4794,-5.2477],[38.4507,-5.2111],[38.4203,-5.2153],[38.3955,-5.2162],[38.3804,-5.1938],[38.2391,-5.168],[38.1833,-5.1292],[38.07,-5.1608],[37.9977,-5.0701],[37.938,-5.033],[37.9062,-5.0163],[37.9057,-4.9855],[37.9025,-4.9723],[37.8435,-4.9855],[37.8432,-4.9895],[37.8402,-4.988],[37.8341,-4.9991],[37.8324,-5.0039],[37.8323,-5.0229],[37.8364,-5.0239],[37.8419,-5.0354],[37.8388,-5.0988],[37.8624,-5.1452],[37.8595,-5.1733],[37.976,-5.173],[37.9743,-5.287],[37.973,-5.3094],[38.0099,-5.2939],[38.0192,-5.3107],[38.0425,-5.3377],[38.0766,-5.3023],[38.0787,-5.2641],[38.0814,-5.2649],[38.0816,-5.261],[38.0913,-5.2529],[38.1489,-5.3],[38.1231,-5.3307],[38.154,-5.4004],[38.1415,-5.4414],[38.126,-5.4697],[38.1223,-5.4513],[38.082,-5.4845],[38.0812,-5.523],[38.0582,-5.5185],[38.0315,-5.5235],[38.0386,-5.6332],[38.0023,-5.6028],[37.9818,-5.6132],[37.9068,-5.6152],[37.7364,-5.61],[37.6954,-5.6114],[37.703,-5.6308],[37.774,-5.6567],[37.8775,-5.7533],[37.9282,-5.8449],[37.9451,-5.8453],[37.9713,-5.8504],[37.9764,-5.8545],[38.0025,-5.8758],[38.0099,-5.8611],[38.0584,-5.8655],[38.074,-5.8499],[38.1357,-5.8678],[38.1647,-5.8573],[38.1689,-5.8713],[38.2005,-5.8766],[38.199,-5.8962],[38.2199,-5.8962],[38.2327,-5.9243],[38.3195,-5.9367],[38.3425,-5.9893],[38.3798,-5.9837],[38.3921,-5.9957],[38.4041,-5.9804],[38.4156,-6.0082],[38.4489,-6.0103]]]]}},{"id":"feature_177","type":"Feature","properties":{"gid":"TZA.27.1_1","name":"Handeni Town","region":"Tanga","addo_count":0},"geometry":{"type":"MultiPolygon","coordinates":[[[[37.9818,-5.6132],[38.0023,-5.6028],[38.0386,-5.6332],[38.0315,-5.5235],[38.0582,-5.5185],[38.0812,-5.523],[38.082,-5.4845],[38.1223,-5.4513],[38.126,-5.4697],[38.1415,-5.4414],[38.154,-5.4004],[38.1231,-5.3307],[38.1489,-5.3],[38.0913,-5.2529],[38.0816,-5.261],[38.0814,-5.2649],[38.0787,-5.2641],[38.0766,-5.3023],[38.0425,-5.3377],[38.0192,-5.3107],[38.0099,-5.2939],[37.973,-5.3094],[37.9729,-5.3143],[37.9352,-5.5379],[37.9051,-5.542],[37.8266,-5.5092],[37.7583,-5.5052],[37.7126,-5.5707],[37.6963,-5.6115],[37.7364,-5.61],[37.9068,-5.6152],[37.9818,-5.6132]]]]}},{"id":"feature_178","type":"Feature","properties":{"gid":"TZA.27.3_1","name":"Kilindi","region":"Tanga","addo_count":44},"geometry":{"type":"MultiPolygon","coordinates":[[[[37.0718,-5.8643],[37.147,-5.9919],[37.1762,-6.0027],[37.2827,-5.9941],[37.3033,-5.9813],[37.3173,-5.9816],[37.3283,-5.9837],[37.3462,-5.9767],[37.3769,-5.9673],[37.3953,-5.9307],[37.3968,-5.8619],[37.4488,-5.8023],[37.4887,-5.8269],[37.5414,-5.8137],[37.565,-5.8439],[37.6091,-5.8584],[37.6359,-5.9524],[37.6896,-5.9155],[37.7203,-5.8658],[37.7567,-5.876],[37.7553,-5.8907],[37.776,-5.9007],[37.7938,-5.8929],[37.7991,-5.8924],[37.8661,-5.8941],[37.918,-5.8509],[37.9282,-5.8449],[37.8775,-5.7533],[37.774,-5.6567],[37.703,-5.6308],[37.6919,-5.6225],[37.7126,-5.5707],[37.7583,-5.5052],[37.8266,-5.5092],[37.9051,-5.542],[37.9352,-5.5379],[37.9729,-5.3143],[37.9743,-5.287],[37.976,-5.173],[37.8595,-5.1733],[37.8624,-5.1452],[37.8388,-5.0988],[37.8419,-5.0354],[37.8364,-5.0239],[37.8323,-5.0229],[37.8291,-5.015],[37.8117,-5.0243],[37.7922,-5.032],[37.7661,-5.0115],[37.6864,-5.0415],[37.5851,-5.0072],[37.4835,-5.0741],[37.3598,-5.2187],[37.3875,-5.264],[37.3309,-5.4515],[37.2506,-5.54],[37.2383,-5.5729],[37.2574,-5.6052],[37.2424,-5.629],[37.2244,-5.6299],[37.1661,-5.7182],[37.2062,-5.7169],[37.2052,-5.7541],[37.1483,-5.7434],[37.1027,-5.7712],[37.0374,-5.8496],[37.0198,-5.8789],[37.0278,-5.8883],[37.0718,-5.8643]]]]}},{"id":"feature_179","type":"Feature","properties":{"gid":"TZA.27.5_1","name":"Korogwe","region":"Tanga","addo_count":0},"geometry":{"type":"MultiPolygon","coordinates":[[[[38.5769,-5.3136],[38.6141,-5.3628],[38.6362,-5.3685],[38.6289,-5.3332],[38.6289,-5.3156],[38.6317,-5.2676],[38.6063,-5.2092],[38.5863,-5.1606],[38.5827,-5.1032],[38.5762,-5.079],[38.6182,-5.0095],[38.6415,-4.9668],[38.6505,-4.9473],[38.6703,-4.9164],[38.696,-4.8744],[38.7321,-4.7312],[38.7584,-4.7165],[38.7264,-4.6698],[38.7591,-4.6595],[38.7604,-4.4939],[38.7229,-4.5161],[38.6817,-4.5044],[38.676,-4.5024],[38.6606,-4.5381],[38.6676,-4.6624],[38.6917,-4.7368],[38.6524,-4.7278],[38.638,-4.7443],[38.6253,-4.7622],[38.5949,-4.8141],[38.5696,-4.8264],[38.5536,-4.903],[38.507,-4.9857],[38.4586,-4.9571],[38.3296,-4.9637],[38.2973,-4.8841],[38.2799,-4.8617],[38.266,-4.8395],[38.2577,-4.8282],[38.2556,-4.8246],[38.2408,-4.7776],[38.1683,-4.6394],[38.116,-4.5857],[38.1112,-4.5927],[38.1097,-4.5984],[38.0506,-4.616],[38.0382,-4.5958],[38.006,-4.5937],[38.0024,-4.6091],[37.9994,-4.6136],[37.9945,-4.7103],[37.9869,-4.7644],[37.9983,-4.7797],[38.0007,-4.994],[37.95,-4.9649],[37.925,-4.9697],[37.9073,-4.969],[37.9057,-4.9855],[37.9062,-5.0163],[37.938,-5.033],[37.9977,-5.0701],[38.07,-5.1608],[38.1833,-5.1292],[38.2391,-5.168],[38.3804,-5.1938],[38.387,-5.2029],[38.3889,-5.1559],[38.4055,-5.1356],[38.4188,-5.1197],[38.4488,-5.1295],[38.5128,-5.0723],[38.5175,-5.0508],[38.5537,-5.0487],[38.5156,-5.1317],[38.5287,-5.1392],[38.5162,-5.173],[38.5275,-5.1939],[38.5346,-5.2022],[38.5465,-5.1926],[38.5423,-5.2028],[38.5469,-5.2118],[38.5564,-5.2165],[38.5658,-5.2242],[38.5532,-5.2458],[38.5606,-5.2518],[38.5578,-5.2979],[38.5769,-5.3136]]]]}},{"id":"feature_180","type":"Feature","properties":{"gid":"TZA.27.4_1","name":"Korogwe Town","region":"Tanga","addo_count":0},"geometry":{"type":"MultiPolygon","coordinates":[[[[38.3889,-5.1559],[38.3869,-5.2034],[38.4203,-5.2153],[38.4507,-5.2111],[38.4794,-5.2477],[38.5106,-5.2354],[38.5306,-5.2427],[38.538,-5.2455],[38.5532,-5.2458],[38.5658,-5.2242],[38.5564,-5.2165],[38.5469,-5.2118],[38.5423,-5.2028],[38.5465,-5.1926],[38.5346,-5.2022],[38.5275,-5.1939],[38.5162,-5.173],[38.5287,-5.1392],[38.5156,-5.1317],[38.5537,-5.0487],[38.5175,-5.0508],[38.5128,-5.0723],[38.4488,-5.1295],[38.4188,-5.1197],[38.4055,-5.1356],[38.3889,-5.1559]]]]}},{"id":"feature_181","type":"Feature","properties":{"gid":"TZA.27.6_1","name":"Lushoto","region":"Tanga","addo_count":0},"geometry":{"type":"MultiPolygon","coordinates":[[[[38.2973,-4.8841],[38.3296,-4.9637],[38.4586,-4.9571],[38.507,-4.9857],[38.5536,-4.903],[38.5684,-4.829],[38.5949,-4.8141],[38.6253,-4.7622],[38.638,-4.7443],[38.6524,-4.7278],[38.6917,-4.7368],[38.6676,-4.6624],[38.6606,-4.5381],[38.676,-4.5024],[38.6817,-4.5044],[38.7229,-4.5161],[38.7604,-4.4939],[38.7608,-4.3604],[38.4045,-4.111],[38.3596,-4.1795],[38.1209,-4.5329],[38.1195,-4.5749],[38.116,-4.5857],[38.1683,-4.6394],[38.2408,-4.7776],[38.2556,-4.8246],[38.2577,-4.8282],[38.266,-4.8395],[38.2799,-4.8617],[38.2973,-4.8841]]]]}},{"id":"feature_182","type":"Feature","properties":{"gid":"TZA.27.7_1","name":"Mkinga","region":"Tanga","addo_count":10},"geometry":{"type":"MultiPolygon","coordinates":[[[[39.0217,-4.9639],[39.1109,-4.9809],[39.1304,-4.9893],[39.1426,-4.9735],[39.1376,-4.9412],[39.1079,-4.9174],[39.1365,-4.9221],[39.1662,-4.8415],[39.1735,-4.8788],[39.1557,-4.916],[39.1754,-4.9424],[39.2107,-4.8724],[39.2165,-4.7943],[39.1613,-4.786],[39.186,-4.7604],[39.1888,-4.7304],[39.1935,-4.7663],[39.2099,-4.7732],[39.2143,-4.6838],[39.1871,-4.6874],[39.2061,-4.6793],[39.1928,-4.6603],[38.7608,-4.3604],[38.7604,-4.4939],[38.7591,-4.6595],[38.7264,-4.6698],[38.7584,-4.7165],[38.7321,-4.7312],[38.696,-4.8744],[38.6703,-4.9164],[38.6622,-4.9347],[38.703,-4.9349],[38.7199,-5.0008],[38.7499,-4.9946],[38.8973,-5.0385],[38.9191,-5.0298],[38.9205,-5.0252],[38.9449,-5.0175],[38.9601,-5.0219],[39.0139,-4.9688],[39.0217,-4.9639]]],[[[39.1757,-4.9599],[39.1454,-4.9646],[39.166,-4.9749],[39.1635,-4.9921],[39.1712,-4.9924],[39.1757,-4.9599]]],[[[39.1857,-4.7824],[39.184,-4.7807],[39.176,-4.7812],[39.1779,-4.7837],[39.1857,-4.7824]]]]}},{"id":"feature_183","type":"Feature","properties":{"gid":"TZA.27.8_1","name":"Muheza","region":"Tanga","addo_count":30},"geometry":{"type":"MultiPolygon","coordinates":[[[[38.7037,-5.4275],[38.7053,-5.4278],[38.7031,-5.414],[38.7502,-5.391],[38.8203,-5.3113],[38.8258,-5.2974],[38.8307,-5.2746],[38.8412,-5.2693],[38.8589,-5.2656],[38.9062,-5.2895],[38.9962,-5.3456],[39.0454,-5.3524],[39.0757,-5.2565],[39.0495,-5.2635],[38.992,-5.2666],[38.9409,-5.2951],[38.9237,-5.2868],[38.9146,-5.2655],[38.9374,-5.2508],[38.9362,-5.2433],[38.9467,-5.233],[38.9515,-5.2328],[38.9622,-5.221],[38.9194,-5.0894],[38.9034,-5.0856],[38.8993,-5.0384],[38.8973,-5.0385],[38.7499,-4.9946],[38.7199,-5.0008],[38.703,-4.9349],[38.6622,-4.9347],[38.6505,-4.9473],[38.6415,-4.9668],[38.6182,-5.0095],[38.5762,-5.079],[38.5827,-5.1032],[38.5863,-5.1606],[38.6063,-5.2092],[38.6317,-5.2676],[38.6289,-5.3156],[38.6289,-5.3332],[38.6362,-5.3685],[38.6344,-5.3771],[38.6493,-5.423],[38.7037,-5.4275]]]]}},{"id":"feature_184","type":"Feature","properties":{"gid":"TZA.27.9_1","name":"Pangani","region":"Tanga","addo_count":21},"geometry":{"type":"MultiPolygon","coordinates":[[[[38.7601,-5.9554],[38.7921,-5.9686],[38.8201,-5.9343],[38.8235,-5.8438],[38.8957,-5.7135],[38.9071,-5.6471],[38.8951,-5.6401],[38.9201,-5.6404],[38.9935,-5.4965],[39.0032,-5.4549],[38.9763,-5.4299],[38.9946,-5.4118],[39.0182,-5.4135],[39.0454,-5.3529],[38.9962,-5.3456],[38.9062,-5.2895],[38.8589,-5.2656],[38.8412,-5.2693],[38.8307,-5.2746],[38.8258,-5.2974],[38.8203,-5.3113],[38.7502,-5.391],[38.7031,-5.414],[38.7053,-5.4278],[38.7244,-5.4591],[38.7265,-5.5913],[38.7065,-5.6223],[38.6898,-5.6399],[38.644,-5.6389],[38.6729,-5.936],[38.7312,-5.9554],[38.7601,-5.9554]]]]}},{"id":"feature_185","type":"Feature","properties":{"gid":"TZA.27.10_1","name":"Tanga","region":"Tanga","addo_count":116},"geometry":{"type":"MultiPolygon","coordinates":[[[[39.0495,-5.2635],[39.0713,-5.2612],[39.0879,-5.2349],[39.0729,-5.2151],[39.0518,-5.2332],[39.1124,-5.176],[39.1051,-5.1337],[39.141,-5.121],[39.1315,-5.0546],[39.0943,-5.0654],[39.1079,-5.0357],[39.0846,-5.0271],[39.1288,-5.0287],[39.154,-5.0018],[39.1109,-4.9809],[39.0217,-4.9639],[39.0139,-4.9688],[38.9601,-5.0219],[38.9449,-5.0175],[38.9205,-5.0252],[38.9191,-5.0298],[38.8993,-5.0384],[38.9034,-5.0856],[38.9194,-5.0894],[38.9622,-5.221],[38.9515,-5.2328],[38.9467,-5.233],[38.9362,-5.2433],[38.9374,-5.2508],[38.9134,-5.2689],[38.9237,-5.2868],[38.9409,-5.2951],[38.992,-5.2666],[39.0495,-5.2635]]],[[[39.0885,-5.241],[39.089,-5.2393],[39.0865,-5.2399],[39.0868,-5.2412],[39.0885,-5.241]]],[[[39.0982,-5.231],[39.0971,-5.2296],[39.0918,-5.236],[39.0971,-5.2332],[39.0982,-5.231]]],[[[39.1043,-5.221],[39.0976,-5.2204],[39.0996,-5.2304],[39.1032,-5.2271],[39.1043,-5.221]]],[[[39.0954,-5.2193],[39.0913,-5.2185],[39.0949,-5.2268],[39.0962,-5.221],[39.0954,-5.2193]]],[[[39.1326,-5.2187],[39.1312,-5.2224],[39.1363,-5.2207],[39.134,-5.2201],[39.1326,-5.2187]]],[[[39.1329,-5.2135],[39.129,-5.2135],[39.1301,-5.2171],[39.1318,-5.2168],[39.1329,-5.2135]]],[[[39.1521,-5.1718],[39.1413,-5.1782],[39.1271,-5.2096],[39.1407,-5.1987],[39.1521,-5.1718]]],[[[39.156,-5.1287],[39.1543,-5.1287],[39.1551,-5.1312],[39.1557,-5.1312],[39.156,-5.1287]]],[[[39.166,-5.0901],[39.1493,-5.106],[39.1593,-5.1299],[39.1671,-5.1268],[39.166,-5.0901]]],[[[39.1665,-5.0851],[39.1635,-5.0854],[39.1629,-5.0885],[39.1671,-5.0896],[39.1665,-5.0851]]],[[[39.1629,-5.0018],[39.1551,-5.006],[39.1649,-5.0249],[39.1688,-5.0029],[39.1629,-5.0018]]],[[[39.111,-5.0524],[39.1082,-5.0518],[39.1001,-5.0562],[39.1082,-5.0579],[39.111,-5.0524]]]]}}]}