{"type":"FeatureCollection","features":[{"type":"Feature","properties":{"name":"Serengeti National Park","area_type":"National Park","iucn_cat":"II"},"geometry":{"type":"MultiPolygon","coordinates":[[[[35.2569,-1.6841],[35.25284,-1.70711],[35.21138,-2.06831],[35.26079,-2.16821],[35.25826,-2.17446],[35.25609,-2.23468],[35.26195,-2.28182],[35.2658,-2.30652],[35.26461,-2.35921],[35.16076,-2.39502],[35.20793,-2.48967],[35.22236,-2.50499],[35.21857,-2.52274],[35.20421,-2.62431],[35.19092,-2.6969],[35.18742,-2.71509],[35.18546,-2.72347],[35.13821,-2.90961],[35.12537,-2.919],[35.06426,-2.94866],[35.05623,-2.95933],[35.03238,-2.9713],[35.02051,-2.97076],[35.0047,-2.97788],[35.0158,-3.02274],[35.00704,-3.01821],[35.00222,-3.01339],[34.99346,-3.01157],[34.98865,-3.0093],[34.98865,-3.00476],[34.98636,-2.98914],[34.88168,-2.90679],[34.8876,-3.2224],[34.83265,-3.23713],[34.77613,-3.32304],[34.77613,-3.32176],[34.7215,-3.19074],[34.71625,-3.18123],[34.71017,-3.17613],[34.7014,-3.17032],[34.69856,-3.16776],[34.69248,-3.16123],[34.69019,-3.14548],[34.69326,-3.12274],[34.68259,-3.07773],[34.67874,-3.0506],[34.66509,-2.99848],[34.65575,-2.98784],[34.63704,-2.94667],[34.58381,-2.87401],[34.55678,-2.84265],[34.54316,-2.79735],[34.52729,-2.76583],[34.51612,-2.75235],[34.50735,-2.74753],[34.48896,-2.72965],[34.48472,-2.72511],[34.47708,-2.72029],[34.45771,-2.70255],[34.45318,-2.69801],[34.44864,-2.68438],[34.44412,-2.67984],[34.43959,-2.6753],[34.42616,-2.66636],[34.41259,-2.66055],[34.40552,-2.65274],[34.39716,-2.63045],[34.39008,-2.61809],[34.38582,-2.59836],[34.37522,-2.58956],[34.35161,-2.57864],[34.30234,-2.46147],[34.26855,-2.4321],[34.09528,-2.32724],[34.07493,-2.31375],[34.06137,-2.3095],[34.04342,-2.30013],[34.03437,-2.2865],[34.03013,-2.28593],[34.02575,-2.28267],[34.0208,-2.27841],[34.01854,-2.27714],[34.01769,-2.27329],[34.01246,-2.26478],[34.01444,-2.26393],[34.01471,-2.25511],[34.01217,-2.25184],[34.00736,-2.24148],[33.99307,-2.21534],[33.98375,-2.21108],[33.86735,-2.19751],[33.86989,-2.19169],[33.8689,-2.18728],[33.87168,-2.1195],[33.87112,-2.11495],[33.86786,-2.10599],[33.86786,-2.10145],[33.86984,-2.09818],[33.8721,-2.09718],[33.87266,-2.09519],[33.87393,-2.09519],[33.8752,-2.08908],[33.87746,-2.09008],[33.87887,-2.0888],[33.88042,-2.08936],[33.88042,-2.0878],[33.8824,-2.08808],[33.88523,-2.08709],[33.88551,-2.08552],[33.8865,-2.08623],[33.88777,-2.08581],[33.88777,-2.0868],[33.88974,-2.08623],[33.88974,-2.08452],[33.89073,-2.08452],[33.89271,-2.08395],[33.89271,-2.08253],[33.89553,-2.08353],[33.89681,-2.08481],[33.89878,-2.08452],[33.89977,-2.08352],[33.90062,-2.08452],[33.90203,-2.08452],[33.90203,-2.08196],[33.90387,-2.08295],[33.90909,-2.08167],[33.91135,-2.08195],[33.91361,-2.08294],[33.91587,-2.08252],[33.91587,-2.08351],[33.9139,-2.08394],[33.9139,-2.0848],[33.91587,-2.08394],[33.91644,-2.08579],[33.91842,-2.08451],[33.92025,-2.0855],[33.92166,-2.08294],[33.92166,-2.07897],[33.92293,-2.07967],[33.92392,-2.08194],[33.92872,-2.08166],[33.92872,-2.08067],[33.92745,-2.08096],[33.92703,-2.07897],[33.9283,-2.07868],[33.92703,-2.07669],[33.9283,-2.0764],[33.92999,-2.07768],[33.93282,-2.0774],[33.93409,-2.07839],[33.93508,-2.07867],[33.93607,-2.07967],[33.93776,-2.07839],[33.93635,-2.07583],[33.93833,-2.0754],[33.93832,-2.07356],[33.9396,-2.07441],[33.94087,-2.07441],[33.94214,-2.07313],[33.94482,-2.07412],[33.94482,-2.07227],[33.94637,-2.07313],[33.94708,-2.07227],[33.94765,-2.07355],[33.94962,-2.07313],[33.9499,-2.07127],[33.95118,-2.07227],[33.95287,-2.07184],[33.95315,-2.07312],[33.95372,-2.07127],[33.95471,-2.07312],[33.95598,-2.07355],[33.95725,-2.07312],[33.9605,-2.07639],[33.9605,-2.07965],[33.96318,-2.07865],[33.96573,-2.07965],[33.96531,-2.08164],[33.96629,-2.08249],[33.96672,-2.08093],[33.967,-2.08192],[33.97025,-2.08221],[33.97336,-2.08348],[33.97562,-2.08191],[33.97505,-2.08476],[33.97604,-2.08476],[33.97788,-2.08191],[33.98183,-2.08092],[33.98268,-2.08191],[33.98409,-2.08163],[33.98494,-2.0822],[33.9872,-2.08162],[33.98918,-2.08347],[33.98861,-2.08446],[33.99016,-2.08389],[33.99144,-2.08674],[33.99243,-2.08575],[33.99299,-2.08702],[33.99243,-2.08802],[33.99342,-2.08873],[33.9944,-2.08674],[33.99525,-2.08873],[33.99299,-2.09029],[33.99723,-2.09199],[33.99878,-2.09128],[33.99879,-2.09511],[34.00175,-2.09511],[34.04425,-2.07761],[34.05287,-2.08243],[34.05485,-2.08286],[34.0564,-2.08215],[34.05767,-2.08285],[34.05965,-2.08243],[34.06191,-2.08285],[34.06318,-2.0857],[34.06771,-2.08769],[34.06997,-2.08896],[34.07321,-2.08995],[34.07646,-2.08896],[34.08254,-2.09094],[34.08409,-2.09222],[34.08409,-2.09321],[34.08508,-2.09605],[34.09116,-2.09804],[34.09412,-2.09733],[34.0961,-2.09704],[34.09765,-2.09803],[34.09737,-2.0986],[34.09921,-2.09932],[34.10147,-2.09803],[34.10344,-2.0986],[34.10415,-2.0986],[34.24368,-2.09438],[34.24411,-2.09537],[34.24538,-2.09693],[34.24722,-2.09792],[34.25301,-2.10047],[34.25442,-2.09948],[34.25626,-2.09948],[34.25795,-2.10019],[34.2595,-2.10047],[34.2588,-2.10246],[34.25922,-2.10374],[34.26177,-2.10373],[34.26276,-2.10473],[34.26558,-2.10529],[34.26657,-2.10601],[34.26685,-2.10572],[34.26883,-2.10658],[34.26982,-2.10828],[34.27053,-2.10828],[34.27053,-2.10885],[34.2718,-2.10955],[34.27307,-2.10855],[34.27434,-2.10884],[34.27533,-2.10855],[34.27759,-2.11054],[34.27844,-2.11282],[34.28437,-2.11693],[34.28565,-2.11792],[34.28649,-2.11821],[34.28847,-2.11892],[34.28875,-2.12091],[34.29045,-2.12048],[34.2937,-2.12119],[34.29525,-2.12019],[34.29624,-2.11962],[34.29779,-2.12019],[34.29977,-2.12047],[34.30104,-2.12047],[34.30203,-2.12089],[34.3033,-2.12047],[34.30613,-2.12218],[34.30754,-2.12174],[34.31065,-2.12217],[34.31262,-2.12174],[34.31587,-2.12217],[34.31771,-2.12344],[34.32293,-2.12543],[34.3235,-2.1267],[34.32576,-2.1267],[34.32675,-2.12954],[34.32802,-2.13053],[34.32944,-2.13281],[34.33255,-2.1348],[34.33452,-2.13707],[34.34187,-2.13663],[34.34512,-2.13706],[34.34681,-2.13862],[34.35034,-2.13862],[34.35543,-2.13762],[34.35924,-2.13861],[34.36122,-2.13704],[34.36348,-2.13789],[34.36574,-2.13704],[34.37124,-2.13888],[34.37379,-2.1393],[34.37407,-2.13888],[34.37803,-2.14186],[34.38029,-2.14242],[34.38608,-2.14511],[34.39342,-2.14739],[34.39724,-2.1515],[34.39894,-2.15477],[34.39894,-2.15704],[34.40078,-2.15988],[34.40177,-2.16513],[34.41632,-2.16484],[34.45514,-2.14733],[34.45683,-2.14888],[34.45683,-2.15045],[34.46009,-2.15442],[34.46136,-2.15343],[34.46517,-2.15442],[34.46644,-2.15342],[34.46715,-2.15442],[34.46969,-2.15442],[34.47167,-2.1547],[34.47195,-2.1557],[34.47294,-2.15598],[34.47294,-2.15754],[34.47393,-2.15797],[34.47478,-2.15896],[34.47676,-2.16152],[34.47803,-2.1618],[34.47902,-2.16279],[34.48029,-2.16279],[34.481,-2.16506],[34.48326,-2.1679],[34.49895,-2.18252],[34.50191,-2.18152],[34.56588,-2.1789],[34.56532,-2.1799],[34.5649,-2.18246],[34.56109,-2.18373],[34.56137,-2.18444],[34.5601,-2.188],[34.55784,-2.18857],[34.55686,-2.19255],[34.55502,-2.19312],[34.55404,-2.19639],[34.55248,-2.19667],[34.55248,-2.1944],[34.55149,-2.19412],[34.55107,-2.19255],[34.5498,-2.19312],[34.54881,-2.19213],[34.54853,-2.19341],[34.54726,-2.1954],[34.54443,-2.1964],[34.54147,-2.19413],[34.54147,-2.1954],[34.5402,-2.19796],[34.53893,-2.19896],[34.53893,-2.20123],[34.53823,-2.20251],[34.53922,-2.20279],[34.53992,-2.20478],[34.53823,-2.20578],[34.53866,-2.20677],[34.53696,-2.20862],[34.53866,-2.21004],[34.53725,-2.21089],[34.5364,-2.21061],[34.53442,-2.21061],[34.53541,-2.21161],[34.53315,-2.21232],[34.53443,-2.21487],[34.53443,-2.21843],[34.53372,-2.21743],[34.53316,-2.21942],[34.53217,-2.21942],[34.53119,-2.22454],[34.53218,-2.22582],[34.535,-2.22652],[34.53698,-2.22226],[34.53825,-2.22226],[34.53994,-2.22169],[34.54121,-2.2197],[34.53867,-2.21743],[34.53768,-2.21714],[34.53824,-2.21643],[34.54121,-2.21416],[34.54148,-2.2116],[34.54304,-2.21088],[34.54374,-2.20932],[34.54572,-2.20861],[34.54981,-2.20704],[34.55151,-2.20804],[34.5525,-2.20676],[34.55377,-2.20676],[34.55405,-2.20576],[34.55602,-2.20576],[34.55984,-2.20576],[34.56054,-2.20476],[34.56492,-2.20476],[34.57014,-2.20376],[34.5724,-2.20219],[34.57395,-2.19892],[34.57692,-2.19835],[34.58045,-2.19735],[34.58299,-2.19735],[34.58948,-2.19834],[34.59005,-2.19692],[34.59104,-2.19791],[34.59231,-2.19691],[34.59781,-2.19534],[34.60163,-2.19562],[34.60261,-2.19207],[34.60388,-2.19207],[34.60388,-2.19108],[34.60642,-2.19079],[34.6091,-2.18595],[34.61193,-2.18695],[34.6139,-2.18567],[34.61489,-2.18666],[34.61574,-2.18567],[34.62068,-2.18296],[34.62251,-2.18295],[34.62378,-2.18395],[34.62576,-2.18395],[34.62957,-2.18437],[34.63099,-2.18522],[34.63353,-2.18565],[34.6348,-2.18664],[34.63734,-2.18564],[34.64511,-2.18521],[34.6461,-2.18563],[34.64737,-2.18748],[34.64864,-2.18747],[34.64963,-2.18918],[34.6557,-2.19016],[34.65698,-2.19102],[34.65853,-2.19073],[34.66531,-2.19201],[34.66728,-2.19101],[34.66926,-2.19171],[34.67307,-2.19071],[34.67434,-2.191],[34.67533,-2.19071],[34.6766,-2.19071],[34.6766,-2.18971],[34.67816,-2.18971],[34.68041,-2.18786],[34.68465,-2.18786],[34.69114,-2.18686],[34.69397,-2.18685],[34.69595,-2.18913],[34.69919,-2.18913],[34.69948,-2.19011],[34.70174,-2.19011],[34.70357,-2.19097],[34.70527,-2.19068],[34.70753,-2.19167],[34.7088,-2.19096],[34.71035,-2.19195],[34.71614,-2.19166],[34.71882,-2.19009],[34.72038,-2.18966],[34.72292,-2.18782],[34.7239,-2.18555],[34.72715,-2.18582],[34.73124,-2.18511],[34.73576,-2.18738],[34.74057,-2.1878],[34.7448,-2.18907],[34.74932,-2.18907],[34.75384,-2.18877],[34.76287,-2.18649],[34.76697,-2.18351],[34.77021,-2.1835],[34.78053,-2.18903],[34.78533,-2.19087],[34.78985,-2.19413],[34.79889,-2.19227],[34.8034,-2.19085],[34.83029,-2.11993],[34.83226,-2.11908],[34.83452,-2.12035],[34.83933,-2.12291],[34.85791,-2.07686],[34.86045,-2.07558],[34.86016,-2.07146],[34.86367,-2.05455],[34.86212,-2.05384],[34.86464,-2.03708],[34.86561,-2.02344],[34.86362,-2.00541],[34.86305,-2.00242],[34.85267,-1.93766],[34.85068,-1.92829],[34.84333,-1.91508],[34.84332,-1.91054],[34.84134,-1.90827],[34.84261,-1.90145],[34.8426,-1.8969],[34.84062,-1.89235],[34.84132,-1.88781],[34.8433,-1.88426],[34.84612,-1.88113],[34.84061,-1.87787],[34.8358,-1.87162],[34.83199,-1.86978],[34.82874,-1.86524],[34.82548,-1.85715],[34.82237,-1.84905],[34.82997,-1.83356],[34.82967,-1.81538],[34.82769,-1.81112],[34.80705,-1.7769],[34.79617,-1.76853],[34.78712,-1.75235],[34.78655,-1.74781],[34.77143,-1.72538],[34.76239,-1.71728],[34.74558,-1.71375],[34.72692,-1.6818],[34.72565,-1.67655],[34.71731,-1.6659],[34.70827,-1.66037],[34.70375,-1.65781],[34.67253,-1.62489],[34.67097,-1.6229],[34.66928,-1.62218],[34.6406,-1.59181],[34.64159,-1.59082],[34.6413,-1.58499],[34.64553,-1.57959],[34.64553,-1.57604],[34.64355,-1.57476],[34.64383,-1.57149],[34.64552,-1.56979],[34.64905,-1.57277],[34.65413,-1.56921],[34.65639,-1.56694],[34.66019,-1.55912],[34.66344,-1.55912],[34.67699,-1.56237],[34.68602,-1.55654],[34.69054,-1.55327],[34.69237,-1.55327],[34.69885,-1.53962],[34.69883,-1.50368],[34.70292,-1.49729],[34.69303,-1.49247],[34.70006,-1.45297],[34.73251,-1.4403],[34.75311,-1.43347],[34.75763,-1.4309],[34.76793,-1.42664],[34.77117,-1.42337],[34.77555,-1.42109],[34.77781,-1.42151],[34.77978,-1.41981],[34.78077,-1.41796],[35.2569,-1.6841]]]]}},{"type":"Feature","properties":{"name":"Ruaha National Park","area_type":"National Park","iucn_cat":"II"},"geometry":{"type":"MultiPolygon","coordinates":[[[[33.82588,-7.82228],[33.82643,-7.82193],[33.82696,-7.82143],[33.82711,-7.82108],[33.82737,-7.82071],[33.82834,-7.82006],[33.82881,-7.81984],[33.82928,-7.81959],[33.82958,-7.81946],[33.82998,-7.81926],[33.83033,-7.819],[33.83052,-7.8188],[33.83072,-7.81844],[33.83085,-7.81827],[33.83106,-7.81812],[33.83137,-7.81791],[33.83188,-7.81735],[33.83205,-7.81703],[33.83243,-7.81673],[33.83282,-7.81659],[33.83321,-7.81647],[33.83359,-7.81647],[33.83402,-7.81641],[33.83441,-7.8163],[33.83486,-7.81592],[33.83498,-7.81572],[33.83515,-7.81548],[33.83543,-7.81534],[33.8362,-7.81518],[33.83674,-7.81501],[33.8372,-7.8148],[33.8379,-7.81443],[33.83836,-7.81418],[33.83857,-7.81402],[33.83877,-7.81388],[33.83909,-7.81365],[33.83937,-7.81343],[33.83987,-7.8132],[33.84032,-7.81297],[33.8407,-7.81273],[33.84116,-7.81237],[33.84156,-7.81197],[33.84182,-7.81166],[33.8421,-7.81138],[33.84232,-7.81123],[33.84264,-7.81099],[33.84282,-7.81076],[33.84294,-7.81063],[33.84337,-7.81059],[33.84367,-7.81051],[33.84419,-7.81045],[33.84477,-7.81042],[33.84508,-7.81043],[33.8455,-7.81036],[33.84592,-7.81032],[33.84641,-7.81024],[33.84716,-7.81014],[33.84767,-7.81004],[33.84801,-7.80983],[33.84843,-7.80957],[33.8488,-7.80919],[33.84911,-7.80891],[33.84937,-7.80879],[33.8499,-7.80855],[33.8504,-7.80843],[33.85107,-7.80827],[33.85152,-7.80811],[33.85188,-7.80794],[33.85225,-7.80774],[33.85267,-7.80741],[33.8528,-7.80735],[33.85334,-7.80679],[33.85365,-7.80657],[33.8539,-7.80639],[33.85428,-7.80623],[33.85466,-7.80615],[33.85504,-7.80588],[33.85513,-7.80558],[33.85519,-7.80536],[33.8553,-7.80507],[33.85525,-7.80479],[33.8553,-7.80459],[33.85535,-7.80427],[33.85553,-7.80395],[33.85575,-7.80366],[33.85585,-7.80352],[33.85614,-7.80319],[33.85578,-7.80274],[33.85577,-7.80246],[33.85577,-7.80221],[33.85579,-7.80167],[33.85582,-7.80114],[33.85592,-7.80067],[33.85608,-7.80034],[33.85619,-7.8002],[33.85638,-7.79982],[33.8565,-7.79972],[33.85671,-7.7993],[33.85689,-7.79883],[33.85697,-7.79844],[33.857,-7.79815],[33.85702,-7.79793],[33.85702,-7.79779],[33.85703,-7.79762],[33.85709,-7.7975],[33.85699,-7.79725],[33.85709,-7.79687],[33.85716,-7.79647],[33.85698,-7.79607],[33.85689,-7.79557],[33.8568,-7.79528],[33.85686,-7.79481],[33.85711,-7.79455],[33.85726,-7.79428],[33.85727,-7.79385],[33.85731,-7.7936],[33.85734,-7.79323],[33.8574,-7.79274],[33.85726,-7.7922],[33.85692,-7.79171],[33.85666,-7.79103],[33.85649,-7.79034],[33.85627,-7.78959],[33.85621,-7.78895],[33.85642,-7.78823],[33.85669,-7.78744],[33.85698,-7.78681],[33.85718,-7.78641],[33.85744,-7.78604],[33.85765,-7.78576],[33.85788,-7.78551],[33.858,-7.78527],[33.85799,-7.78493],[33.85805,-7.78461],[33.8582,-7.78433],[33.85839,-7.78409],[33.85845,-7.78383],[33.85848,-7.78347],[33.85843,-7.78302],[33.85846,-7.78285],[33.85857,-7.78239],[33.85857,-7.78213],[33.8584,-7.7817],[33.85824,-7.78127],[33.85815,-7.78087],[33.85817,-7.78063],[33.85817,-7.78042],[33.85821,-7.78007],[33.85819,-7.77975],[33.85703,-7.7785],[33.85696,-7.77838],[33.85696,-7.77767],[33.85684,-7.77712],[33.85673,-7.77672],[33.85667,-7.77624],[33.85661,-7.7759],[33.8565,-7.77532],[33.85643,-7.77499],[33.85633,-7.7746],[33.85545,-7.77388],[33.85532,-7.77381],[33.85521,-7.77366],[33.85495,-7.77318],[33.85463,-7.77236],[33.85439,-7.77182],[33.85455,-7.77161],[33.85476,-7.77142],[33.85467,-7.77099],[33.85434,-7.7706],[33.85417,-7.77014],[33.85413,-7.76989],[33.85398,-7.7693],[33.85393,-7.76897],[33.85394,-7.7687],[33.85372,-7.76815],[33.85365,-7.768],[33.85355,-7.76784],[33.85364,-7.76759],[33.85392,-7.76723],[33.854,-7.76706],[33.85406,-7.7669],[33.85383,-7.76664],[33.85376,-7.76636],[33.85373,-7.76614],[33.8537,-7.76584],[33.8537,-7.76565],[33.85378,-7.76545],[33.85384,-7.7652],[33.85372,-7.76491],[33.85354,-7.76467],[33.8533,-7.76426],[33.85301,-7.76367],[33.85291,-7.76316],[33.85278,-7.76251],[33.85279,-7.76228],[33.85299,-7.76202],[33.85317,-7.76181],[33.85332,-7.76154],[33.85341,-7.76119],[33.85345,-7.76094],[33.85333,-7.7608],[33.85288,-7.76067],[33.85278,-7.76055],[33.85275,-7.76001],[33.85275,-7.75983],[33.85273,-7.75954],[33.85271,-7.75939],[33.85268,-7.75916],[33.85264,-7.75876],[33.85256,-7.75853],[33.85242,-7.75817],[33.85281,-7.75794],[33.85314,-7.75781],[33.85329,-7.75767],[33.85339,-7.75744],[33.85338,-7.7573],[33.85315,-7.75723],[33.85294,-7.75699],[33.85301,-7.75674],[33.85301,-7.75656],[33.85314,-7.75649],[33.85348,-7.75644],[33.85374,-7.75644],[33.85392,-7.75622],[33.85423,-7.75594],[33.85481,-7.75551],[33.855,-7.75536],[33.85516,-7.75518],[33.85545,-7.75492],[33.85584,-7.75471],[33.8561,-7.75432],[33.85623,-7.75373],[33.85641,-7.75325],[33.85655,-7.75286],[33.85674,-7.75256],[33.85686,-7.7523],[33.85706,-7.75215],[33.8574,-7.75155],[33.85761,-7.75116],[33.85763,-7.75065],[33.85748,-7.75006],[33.85738,-7.74919],[33.85748,-7.7487],[33.85742,-7.74834],[33.85734,-7.7479],[33.85713,-7.74772],[33.8569,-7.74765],[33.85662,-7.74745],[33.85631,-7.74715],[33.85636,-7.7466],[33.8565,-7.74623],[33.85646,-7.74606],[33.85607,-7.74589],[33.85579,-7.74565],[33.85555,-7.74511],[33.85557,-7.7449],[33.85568,-7.74459],[33.85573,-7.74425],[33.85545,-7.74399],[33.85534,-7.7437],[33.85553,-7.74344],[33.8555,-7.74316],[33.85528,-7.74295],[33.85518,-7.74283],[33.85507,-7.74261],[33.85512,-7.74241],[33.85524,-7.74215],[33.85531,-7.74189],[33.85561,-7.74134],[33.85562,-7.74094],[33.85545,-7.74045],[33.85539,-7.74023],[33.85552,-7.7399],[33.85587,-7.73944],[33.85614,-7.7392],[33.85647,-7.73894],[33.85684,-7.73865],[33.8571,-7.73838],[33.85736,-7.73814],[33.8575,-7.73804],[33.85767,-7.73778],[33.85816,-7.73714],[33.85885,-7.73638],[33.85928,-7.73572],[33.85951,-7.73496],[33.85971,-7.73419],[33.86026,-7.73318],[33.86069,-7.73241],[33.86114,-7.73173],[33.86139,-7.73143],[33.8621,-7.73045],[33.86251,-7.72998],[33.86288,-7.72979],[33.86337,-7.72973],[33.86377,-7.72964],[33.8643,-7.7293],[33.86461,-7.72862],[33.8647,-7.72824],[33.86483,-7.72767],[33.8649,-7.72747],[33.86511,-7.7272],[33.8657,-7.7268],[33.86649,-7.72659],[33.86669,-7.72645],[33.86696,-7.72615],[33.86749,-7.72574],[33.86781,-7.72524],[33.86844,-7.72453],[33.86904,-7.72409],[33.86968,-7.72362],[33.86987,-7.72344],[33.8704,-7.72187],[33.871,-7.72117],[33.87148,-7.7208],[33.87169,-7.72074],[33.87217,-7.72055],[33.87253,-7.72019],[33.87298,-7.71974],[33.8732,-7.71948],[33.87354,-7.71903],[33.87418,-7.71891],[33.8745,-7.71896],[33.87512,-7.719],[33.87547,-7.71898],[33.87591,-7.71854],[33.87637,-7.71837],[33.87668,-7.71823],[33.87703,-7.71777],[33.87729,-7.71713],[33.87751,-7.717],[33.87796,-7.71696],[33.87843,-7.71703],[33.87915,-7.71675],[33.87931,-7.71663],[33.87948,-7.71654],[33.87944,-7.71637],[33.87952,-7.71599],[33.87957,-7.71568],[33.87965,-7.71545],[33.87964,-7.71532],[33.87977,-7.71498],[33.88005,-7.71462],[33.88039,-7.71438],[33.88062,-7.71424],[33.88078,-7.71406],[33.88093,-7.71372],[33.88097,-7.71341],[33.88087,-7.71317],[33.88074,-7.71309],[33.88057,-7.71306],[33.88015,-7.71282],[33.88011,-7.71265],[33.88005,-7.71238],[33.8799,-7.712],[33.8801,-7.71158],[33.88035,-7.71113],[33.8806,-7.71088],[33.88066,-7.71074],[33.8807,-7.71034],[33.88077,-7.71001],[33.88067,-7.70968],[33.88085,-7.70935],[33.8811,-7.70914],[33.88136,-7.70898],[33.88165,-7.70874],[33.88203,-7.70837],[33.88246,-7.70829],[33.88301,-7.70811],[33.8832,-7.70788],[33.8835,-7.70748],[33.88358,-7.70716],[33.88357,-7.70695],[33.88391,-7.70674],[33.8842,-7.70657],[33.8843,-7.70634],[33.88418,-7.70608],[33.88427,-7.70586],[33.88446,-7.70555],[33.88461,-7.70529],[33.88458,-7.70511],[33.8844,-7.70494],[33.88424,-7.70475],[33.88419,-7.70452],[33.88453,-7.70427],[33.88503,-7.70383],[33.88541,-7.70353],[33.88591,-7.70302],[33.88635,-7.70258],[33.88643,-7.70226],[33.88654,-7.70185],[33.88664,-7.70156],[33.88674,-7.70117],[33.88675,-7.70093],[33.88679,-7.70064],[33.8872,-7.70058],[33.88751,-7.70042],[33.88757,-7.70024],[33.88751,-7.69978],[33.88775,-7.69939],[33.88791,-7.69924],[33.88819,-7.69903],[33.8883,-7.69894],[33.88843,-7.69885],[33.88886,-7.69854],[33.88902,-7.69819],[33.88907,-7.69791],[33.88918,-7.69782],[33.88959,-7.69776],[33.88982,-7.69773],[33.89015,-7.69745],[33.89043,-7.69728],[33.89059,-7.69718],[33.89072,-7.697],[33.89077,-7.69682],[33.8908,-7.69654],[33.89106,-7.69643],[33.89146,-7.69614],[33.89186,-7.69574],[33.89225,-7.69507],[33.89253,-7.6947],[33.89279,-7.69435],[33.89296,-7.69399],[33.89313,-7.69361],[33.89328,-7.69344],[33.89357,-7.6932],[33.89383,-7.69322],[33.8941,-7.69322],[33.89433,-7.69317],[33.89448,-7.69294],[33.89477,-7.6928],[33.895,-7.6927],[33.89521,-7.69257],[33.89556,-7.69244],[33.89584,-7.69251],[33.89616,-7.69245],[33.89643,-7.69224],[33.89663,-7.69204],[33.89674,-7.69186],[33.89677,-7.69172],[33.8969,-7.69147],[33.89699,-7.69102],[33.89747,-7.6907],[33.89787,-7.69058],[33.89818,-7.69032],[33.89855,-7.69002],[33.89896,-7.68988],[33.8992,-7.68979],[33.89934,-7.68977],[33.89961,-7.68955],[33.89974,-7.68919],[33.89984,-7.68868],[33.89992,-7.68842],[33.90005,-7.68817],[33.90017,-7.6875],[33.90023,-7.68726],[33.90048,-7.68702],[33.9006,-7.68673],[33.90061,-7.68654],[33.90057,-7.68632],[33.90055,-7.68618],[33.90054,-7.68597],[33.90074,-7.68553],[33.901,-7.68519],[33.90118,-7.68485],[33.9013,-7.68458],[33.90151,-7.68419],[33.90182,-7.684],[33.90224,-7.68364],[33.90252,-7.68321],[33.90266,-7.68295],[33.90306,-7.68258],[33.9036,-7.68202],[33.90388,-7.6817],[33.90409,-7.68141],[33.90418,-7.68118],[33.90431,-7.68105],[33.90446,-7.68093],[33.90447,-7.68076],[33.90458,-7.67987],[33.90459,-7.67937],[33.90471,-7.67886],[33.90482,-7.6784],[33.90502,-7.67797],[33.90515,-7.67748],[33.90514,-7.67696],[33.90523,-7.67669],[33.90544,-7.6763],[33.90563,-7.67606],[33.9058,-7.67584],[33.90587,-7.67557],[33.90604,-7.67506],[33.90635,-7.67493],[33.9066,-7.67488],[33.9068,-7.67483],[33.90693,-7.67472],[33.90705,-7.67446],[33.90723,-7.67436],[33.90743,-7.67423],[33.90749,-7.67393],[33.90756,-7.67372],[33.90771,-7.67351],[33.90801,-7.67326],[33.90809,-7.67313],[33.90807,-7.67289],[33.90814,-7.67245],[33.90834,-7.67222],[33.90849,-7.67193],[33.90859,-7.67172],[33.90877,-7.67137],[33.90882,-7.6708],[33.9088,-7.67054],[33.90873,-7.67028],[33.9088,-7.67011],[33.90895,-7.66987],[33.90892,-7.66963],[33.90902,-7.66942],[33.9092,-7.66942],[33.90949,-7.66956],[33.90979,-7.66961],[33.90979,-7.66908],[33.90981,-7.66887],[33.91008,-7.66876],[33.91034,-7.66851],[33.91034,-7.66806],[33.91021,-7.66765],[33.91036,-7.66721],[33.91048,-7.66698],[33.91064,-7.66637],[33.91119,-7.6655],[33.91153,-7.66504],[33.91173,-7.66478],[33.91181,-7.66451],[33.91163,-7.66407],[33.91133,-7.66356],[33.91131,-7.66322],[33.91146,-7.66282],[33.9117,-7.66216],[33.91161,-7.66191],[33.91147,-7.66174],[33.91081,-7.66138],[33.9106,-7.66112],[33.91046,-7.66077],[33.91038,-7.66039],[33.91024,-7.66003],[33.91023,-7.65974],[33.91033,-7.6595],[33.91034,-7.65926],[33.91037,-7.659],[33.91041,-7.65884],[33.91043,-7.65866],[33.91049,-7.65833],[33.91081,-7.65813],[33.91099,-7.65803],[33.91134,-7.65798],[33.91162,-7.6579],[33.91176,-7.65778],[33.91186,-7.6573],[33.91181,-7.65707],[33.91177,-7.65691],[33.91185,-7.65677],[33.91202,-7.65674],[33.91229,-7.65676],[33.91239,-7.65651],[33.91236,-7.65631],[33.91274,-7.65621],[33.91289,-7.65591],[33.91276,-7.65569],[33.91285,-7.65545],[33.91333,-7.65549],[33.91361,-7.65542],[33.91392,-7.65527],[33.91414,-7.65489],[33.91429,-7.65465],[33.91445,-7.65452],[33.91505,-7.65452],[33.91526,-7.65456],[33.91554,-7.65459],[33.91566,-7.65442],[33.91571,-7.65415],[33.9156,-7.65405],[33.91564,-7.65387],[33.91564,-7.65349],[33.91555,-7.65325],[33.91548,-7.65312],[33.91558,-7.6529],[33.91552,-7.65276],[33.9155,-7.65262],[33.9156,-7.65241],[33.9156,-7.65226],[33.91574,-7.65214],[33.91593,-7.65205],[33.91605,-7.65187],[33.91612,-7.65166],[33.91622,-7.65155],[33.91644,-7.65153],[33.91651,-7.65178],[33.91657,-7.65218],[33.91679,-7.65208],[33.91709,-7.65206],[33.91742,-7.65192],[33.91768,-7.65172],[33.91777,-7.65138],[33.91776,-7.65107],[33.91777,-7.65068],[33.91792,-7.65011],[33.91795,-7.64977],[33.9181,-7.64947],[33.9182,-7.64934],[33.91838,-7.64923],[33.91855,-7.64946],[33.91865,-7.64967],[33.91879,-7.64988],[33.91891,-7.64957],[33.91894,-7.64941],[33.91906,-7.64927],[33.91927,-7.64927],[33.91953,-7.64912],[33.9197,-7.64891],[33.91993,-7.6488],[33.92044,-7.64878],[33.92081,-7.64863],[33.92112,-7.64854],[33.92147,-7.64851],[33.92164,-7.64851],[33.922,-7.64846],[33.92215,-7.64824],[33.92235,-7.64782],[33.92246,-7.64756],[33.92263,-7.64724],[33.92299,-7.64709],[33.92325,-7.64696],[33.92323,-7.64658],[33.92335,-7.64641],[33.92352,-7.64595],[33.92398,-7.64531],[33.92434,-7.64463],[33.92437,-7.64398],[33.92443,-7.64356],[33.92463,-7.64321],[33.92505,-7.64275],[33.9253,-7.64261],[33.92593,-7.64235],[33.92636,-7.64216],[33.92679,-7.64182],[33.92707,-7.6411],[33.92719,-7.64064],[33.92773,-7.63927],[33.9281,-7.63858],[33.92815,-7.63804],[33.92832,-7.63743],[33.92853,-7.63694],[33.92886,-7.63629],[33.92896,-7.63574],[33.92899,-7.63533],[33.929,-7.6351],[33.92905,-7.63483],[33.92908,-7.63456],[33.92926,-7.63404],[33.92947,-7.63383],[33.9296,-7.63363],[33.92972,-7.63323],[33.9298,-7.6331],[33.92998,-7.63291],[33.93028,-7.63263],[33.93059,-7.63219],[33.93084,-7.63172],[33.93103,-7.63126],[33.93135,-7.63086],[33.93154,-7.63083],[33.9318,-7.63098],[33.93199,-7.631],[33.93219,-7.63086],[33.932,-7.63068],[33.93197,-7.63038],[33.93216,-7.63029],[33.93238,-7.63009],[33.93246,-7.62992],[33.93272,-7.6299],[33.93288,-7.63],[33.93303,-7.62999],[33.93311,-7.62984],[33.93285,-7.62948],[33.93286,-7.62932],[33.93306,-7.62894],[33.93335,-7.6285],[33.9335,-7.62805],[33.9335,-7.62755],[33.93317,-7.62714],[33.93304,-7.62669],[33.93323,-7.62618],[33.93368,-7.62555],[33.93419,-7.6251],[33.93436,-7.62446],[33.93462,-7.62417],[33.93486,-7.62359],[33.93447,-7.6233],[33.93423,-7.623],[33.93402,-7.62275],[33.93374,-7.62264],[33.93352,-7.62234],[33.93354,-7.62211],[33.93372,-7.62192],[33.93412,-7.62167],[33.93432,-7.62143],[33.93438,-7.62104],[33.93429,-7.62063],[33.93425,-7.62032],[33.93436,-7.61996],[33.93435,-7.61961],[33.93402,-7.61901],[33.93395,-7.61883],[33.93419,-7.61863],[33.93426,-7.61822],[33.93418,-7.61788],[33.93446,-7.61769],[33.93478,-7.61741],[33.93499,-7.61698],[33.93533,-7.61662],[33.93532,-7.61632],[33.93518,-7.61596],[33.93517,-7.61576],[33.93525,-7.61549],[33.93532,-7.61533],[33.93532,-7.61516],[33.9356,-7.61474],[33.93551,-7.61408],[33.9355,-7.61384],[33.93564,-7.61367],[33.93602,-7.61339],[33.93625,-7.61312],[33.93636,-7.61281],[33.93664,-7.61238],[33.93675,-7.61205],[33.93684,-7.61164],[33.93694,-7.61147],[33.93732,-7.61161],[33.93749,-7.61133],[33.93772,-7.61121],[33.93795,-7.6112],[33.9384,-7.61099],[33.93825,-7.61032],[33.9384,-7.61017],[33.93883,-7.60986],[33.93908,-7.6093],[33.93925,-7.60883],[33.93924,-7.60847],[33.93915,-7.60835],[33.93897,-7.60814],[33.93915,-7.60789],[33.93926,-7.60765],[33.93911,-7.60731],[33.93969,-7.60678],[33.93968,-7.60631],[33.93978,-7.60584],[33.94008,-7.60522],[33.94042,-7.60483],[33.94067,-7.60451],[33.94088,-7.60397],[33.94107,-7.60353],[33.94132,-7.60319],[33.94152,-7.603],[33.942,-7.59881],[33.942,-7.59871],[33.94215,-7.59836],[33.94262,-7.59818],[33.9431,-7.59783],[33.94345,-7.59765],[33.9439,-7.59777],[33.94431,-7.59747],[33.94447,-7.59721],[33.94468,-7.59684],[33.94495,-7.59662],[33.9456,-7.59576],[33.94592,-7.59437],[33.94611,-7.59398],[33.94641,-7.59383],[33.94677,-7.59367],[33.9469,-7.593],[33.9469,-7.59251],[33.94712,-7.59211],[33.94724,-7.59151],[33.94727,-7.59079],[33.94729,-7.5904],[33.94754,-7.59009],[33.94782,-7.58998],[33.94798,-7.58997],[33.94815,-7.58993],[33.94834,-7.58985],[33.94859,-7.58961],[33.94871,-7.58945],[33.94889,-7.58931],[33.9492,-7.58904],[33.94915,-7.58873],[33.94918,-7.58838],[33.94932,-7.58808],[33.94945,-7.58792],[33.94964,-7.58759],[33.94988,-7.58715],[33.95002,-7.58676],[33.95019,-7.58641],[33.9504,-7.5862],[33.95073,-7.58608],[33.95112,-7.58609],[33.95149,-7.58609],[33.95175,-7.5857],[33.95174,-7.58524],[33.95175,-7.58477],[33.95191,-7.58417],[33.95203,-7.58377],[33.9518,-7.58351],[33.9518,-7.58308],[33.95169,-7.58265],[33.95136,-7.5819],[33.95133,-7.58173],[33.95122,-7.5811],[33.95126,-7.58054],[33.95124,-7.58019],[33.95135,-7.57997],[33.95142,-7.57985],[33.95173,-7.57958],[33.9521,-7.57944],[33.95241,-7.57926],[33.95244,-7.57877],[33.95268,-7.57847],[33.95281,-7.57804],[33.95282,-7.57757],[33.95392,-7.5772],[33.95534,-7.57663],[33.95608,-7.57636],[33.95667,-7.5763],[33.95715,-7.57602],[33.95718,-7.57521],[33.95733,-7.5749],[33.95768,-7.57489],[33.95795,-7.57497],[33.9587,-7.57501],[33.95882,-7.57523],[33.95897,-7.57548],[33.95924,-7.5756],[33.95959,-7.57542],[33.95958,-7.57511],[33.9597,-7.57494],[33.96033,-7.57472],[33.96101,-7.57476],[33.96159,-7.57488],[33.96214,-7.57502],[33.96259,-7.57505],[33.96435,-7.57434],[33.96457,-7.57399],[33.96483,-7.5735],[33.96506,-7.57324],[33.96536,-7.5732],[33.96587,-7.57283],[33.96604,-7.57263],[33.9665,-7.57261],[33.96687,-7.57266],[33.96703,-7.57241],[33.96709,-7.57201],[33.96698,-7.57168],[33.96715,-7.57154],[33.96747,-7.57124],[33.96772,-7.57091],[33.96815,-7.5709],[33.96856,-7.57093],[33.96896,-7.57064],[33.96932,-7.57056],[33.96974,-7.57063],[33.97005,-7.57075],[33.97004,-7.57045],[33.96997,-7.57028],[33.97004,-7.57009],[33.97034,-7.56993],[33.9706,-7.56989],[33.97094,-7.57013],[33.97122,-7.57025],[33.9714,-7.57041],[33.97167,-7.57049],[33.97191,-7.57036],[33.97182,-7.56995],[33.97167,-7.56969],[33.9717,-7.56943],[33.972,-7.56918],[33.97256,-7.56893],[33.9729,-7.56879],[33.97327,-7.56857],[33.97337,-7.56823],[33.973,-7.56797],[33.97269,-7.5678],[33.9725,-7.56752],[33.97257,-7.56721],[33.97269,-7.56691],[33.97273,-7.5667],[33.97276,-7.5665],[33.97268,-7.56596],[33.97246,-7.56557],[33.97215,-7.56499],[33.97199,-7.56464],[33.97182,-7.56429],[33.97159,-7.56383],[33.97156,-7.56352],[33.97165,-7.56333],[33.97185,-7.56305],[33.97198,-7.56289],[33.97177,-7.56255],[33.97143,-7.56255],[33.97102,-7.56228],[33.97077,-7.56197],[33.97064,-7.56172],[33.97053,-7.56159],[33.97047,-7.56142],[33.97034,-7.56118],[33.97014,-7.56099],[33.96983,-7.56083],[33.96962,-7.56062],[33.96945,-7.56014],[33.96924,-7.55967],[33.96919,-7.5595],[33.96907,-7.55932],[33.96905,-7.55907],[33.96939,-7.55901],[33.96961,-7.55903],[33.96984,-7.55904],[33.97013,-7.55902],[33.97033,-7.55897],[33.97074,-7.55879],[33.97093,-7.55847],[33.97111,-7.55804],[33.97161,-7.55764],[33.97185,-7.55743],[33.97221,-7.55707],[33.97245,-7.55678],[33.97278,-7.55622],[33.97294,-7.5558],[33.97317,-7.55527],[33.97334,-7.5549],[33.97349,-7.55465],[33.97362,-7.55421],[33.97366,-7.55385],[33.97369,-7.55333],[33.97379,-7.55298],[33.97386,-7.5526],[33.97396,-7.55218],[33.97379,-7.55193],[33.97372,-7.55167],[33.97379,-7.55143],[33.97396,-7.55129],[33.97447,-7.55141],[33.97462,-7.55163],[33.97499,-7.55184],[33.97526,-7.55187],[33.97551,-7.55183],[33.97578,-7.55177],[33.97594,-7.55166],[33.97603,-7.55151],[33.97607,-7.55133],[33.97621,-7.55108],[33.97646,-7.55099],[33.97667,-7.551],[33.97699,-7.55101],[33.97733,-7.55074],[33.9774,-7.55051],[33.97771,-7.5501],[33.97799,-7.54992],[33.97828,-7.5496],[33.97859,-7.54934],[33.97869,-7.54898],[33.97862,-7.54849],[33.9786,-7.54804],[33.97861,-7.5479],[33.97914,-7.5478],[33.97961,-7.54746],[33.97982,-7.54708],[33.97993,-7.5469],[33.98002,-7.54661],[33.97998,-7.54625],[33.97983,-7.54601],[33.97973,-7.54574],[33.97983,-7.54544],[33.97992,-7.54505],[33.97995,-7.54441],[33.97996,-7.5439],[33.97995,-7.5435],[33.97997,-7.54324],[33.98003,-7.54309],[33.98039,-7.54317],[33.98065,-7.54331],[33.98085,-7.54339],[33.98111,-7.54343],[33.98132,-7.54341],[33.98146,-7.5433],[33.98148,-7.54302],[33.98105,-7.54278],[33.98086,-7.54267],[33.98059,-7.54251],[33.98054,-7.54202],[33.98073,-7.5415],[33.98089,-7.54096],[33.98086,-7.54071],[33.98067,-7.54048],[33.98014,-7.54069],[33.97984,-7.54067],[33.97981,-7.54032],[33.97951,-7.54012],[33.97941,-7.53999],[33.97941,-7.53975],[33.97902,-7.53957],[33.97901,-7.53928],[33.97913,-7.53888],[33.97907,-7.538],[33.97901,-7.53785],[33.9789,-7.53775],[33.97902,-7.53733],[33.97919,-7.53706],[33.97936,-7.53687],[33.97987,-7.53661],[33.97981,-7.53627],[33.97958,-7.53592],[33.97949,-7.53568],[33.97979,-7.5355],[33.98006,-7.53525],[33.98025,-7.53487],[33.98034,-7.53432],[33.98067,-7.53442],[33.98124,-7.5343],[33.98145,-7.53385],[33.98153,-7.53348],[33.98181,-7.53309],[33.98247,-7.53261],[33.98319,-7.5328],[33.98353,-7.53288],[33.984,-7.53295],[33.98493,-7.53262],[33.98531,-7.53187],[33.98514,-7.53147],[33.98482,-7.53101],[33.98498,-7.53055],[33.98513,-7.53015],[33.98522,-7.52947],[33.9849,-7.52917],[33.98462,-7.52894],[33.98429,-7.52851],[33.98405,-7.52801],[33.98398,-7.52743],[33.9839,-7.52707],[33.98382,-7.52676],[33.98374,-7.52642],[33.98346,-7.52602],[33.98359,-7.5252],[33.9837,-7.52451],[33.98379,-7.52318],[33.98376,-7.5227],[33.98393,-7.52232],[33.98428,-7.52201],[33.98451,-7.52171],[33.98459,-7.52151],[33.98496,-7.52125],[33.9851,-7.52092],[33.98498,-7.52085],[33.98476,-7.52078],[33.98471,-7.52034],[33.98472,-7.52005],[33.98476,-7.51985],[33.98497,-7.51955],[33.98505,-7.51942],[33.98527,-7.51907],[33.98537,-7.51877],[33.9855,-7.51846],[33.98563,-7.51829],[33.9859,-7.51808],[33.98621,-7.51799],[33.98669,-7.51791],[33.98711,-7.51795],[33.98752,-7.51789],[33.98794,-7.51772],[33.98839,-7.51749],[33.98899,-7.51741],[33.98945,-7.51748],[33.99014,-7.51734],[33.99071,-7.51698],[33.99122,-7.51665],[33.99145,-7.51637],[33.99254,-7.5153],[33.99284,-7.51528],[33.99311,-7.51477],[33.99343,-7.51434],[33.99346,-7.51395],[33.99371,-7.51337],[33.99428,-7.5129],[33.99459,-7.51278],[33.99468,-7.51218],[33.99507,-7.5114],[33.99538,-7.51069],[33.99553,-7.51016],[33.99575,-7.50936],[33.99585,-7.50907],[33.99607,-7.50859],[33.99611,-7.5082],[33.99591,-7.50795],[33.99569,-7.50772],[33.99542,-7.5073],[33.99571,-7.50672],[33.99617,-7.50622],[33.99624,-7.50584],[33.99617,-7.50556],[33.99621,-7.50535],[33.99652,-7.50524],[33.99701,-7.50494],[33.99711,-7.50456],[33.99774,-7.50424],[33.99839,-7.5038],[33.99853,-7.50365],[33.99866,-7.50346],[34.0007,-7.50069],[34.00078,-7.50043],[34.00089,-7.50021],[34.00118,-7.50001],[34.00145,-7.49991],[34.00155,-7.49957],[34.00201,-7.49911],[34.00214,-7.49877],[34.00239,-7.49849],[34.00228,-7.49783],[34.00194,-7.49752],[34.00193,-7.49709],[34.00331,-7.49644],[34.00582,-7.49348],[34.00643,-7.49253],[34.00694,-7.49228],[34.0076,-7.49131],[34.00771,-7.49118],[34.00812,-7.49005],[34.00782,-7.48928],[34.00744,-7.48919],[34.00741,-7.4889],[34.00735,-7.48837],[34.00755,-7.488],[34.00755,-7.48729],[34.00752,-7.48664],[34.00797,-7.48606],[34.00813,-7.48589],[34.00829,-7.48571],[34.00848,-7.48583],[34.00858,-7.48625],[34.00947,-7.48604],[34.00991,-7.48576],[34.01013,-7.48578],[34.01048,-7.48572],[34.01108,-7.48524],[34.01134,-7.48499],[34.01179,-7.48453],[34.012,-7.48406],[34.01203,-7.4836],[34.01198,-7.48312],[34.01183,-7.48263],[34.01167,-7.48232],[34.01157,-7.48191],[34.01159,-7.48172],[34.0116,-7.48139],[34.01149,-7.48076],[34.01143,-7.48008],[34.01142,-7.47927],[34.01146,-7.47906],[34.01162,-7.47859],[34.01195,-7.47837],[34.0121,-7.4783],[34.01266,-7.4781],[34.01295,-7.47788],[34.01319,-7.4777],[34.0135,-7.47753],[34.01375,-7.47751],[34.01397,-7.47761],[34.01428,-7.47776],[34.01448,-7.47777],[34.01481,-7.47772],[34.01516,-7.47747],[34.01547,-7.47708],[34.01561,-7.47682],[34.0157,-7.47664],[34.0158,-7.47642],[34.01585,-7.47626],[34.01604,-7.47574],[34.016,-7.47543],[34.01574,-7.47503],[34.01566,-7.47483],[34.01561,-7.47449],[34.01562,-7.47424],[34.01593,-7.47372],[34.01579,-7.47328],[34.01554,-7.47317],[34.01526,-7.47315],[34.01521,-7.47301],[34.0154,-7.47276],[34.01492,-7.47185],[34.01495,-7.4717],[34.01495,-7.47152],[34.01443,-7.47174],[34.01387,-7.4718],[34.01353,-7.47178],[34.0132,-7.47161],[34.01291,-7.47148],[34.01231,-7.47124],[34.01198,-7.47095],[34.01164,-7.47083],[34.01158,-7.4707],[34.01173,-7.4704],[34.01177,-7.47023],[34.01166,-7.46984],[34.01115,-7.46952],[34.011,-7.46944],[34.01086,-7.46915],[34.01079,-7.4687],[34.0106,-7.46827],[34.01002,-7.46737],[34.00983,-7.46703],[34.00953,-7.46646],[34.00967,-7.46542],[34.00967,-7.46526],[34.00951,-7.46512],[34.00937,-7.46505],[34.00889,-7.46455],[34.00855,-7.46447],[34.00793,-7.46411],[34.00785,-7.46369],[34.00778,-7.46338],[34.00707,-7.46306],[34.00705,-7.46289],[34.00725,-7.46236],[34.00679,-7.46191],[34.00664,-7.4612],[34.00664,-7.46023],[34.00667,-7.45971],[34.00675,-7.45942],[34.00682,-7.45918],[34.00699,-7.45892],[34.00725,-7.45874],[34.00747,-7.45849],[34.00755,-7.45765],[34.00735,-7.4571],[34.00706,-7.45662],[34.0069,-7.45609],[34.00668,-7.45531],[34.00658,-7.45483],[34.00643,-7.45431],[34.00613,-7.45396],[34.00608,-7.45343],[34.00614,-7.45312],[34.00583,-7.45244],[34.00546,-7.45229],[34.00462,-7.45175],[34.00446,-7.45132],[34.00439,-7.45109],[34.00424,-7.45077],[34.00401,-7.45016],[34.00467,-7.44935],[34.00543,-7.44929],[34.00571,-7.44921],[34.00588,-7.44906],[34.00596,-7.44882],[34.00575,-7.44815],[34.00592,-7.44718],[34.00597,-7.44632],[34.00558,-7.44472],[34.00499,-7.44385],[34.00477,-7.44374],[34.00424,-7.44254],[34.00396,-7.44186],[34.00423,-7.44147],[34.00462,-7.44119],[34.00483,-7.44105],[34.00496,-7.44096],[34.00512,-7.44087],[34.00522,-7.44054],[34.00523,-7.44011],[34.00544,-7.43967],[34.0057,-7.43882],[34.00589,-7.43816],[34.00588,-7.43777],[34.00549,-7.43648],[34.00564,-7.43604],[34.00612,-7.43565],[34.00647,-7.4352],[34.00646,-7.43447],[34.00615,-7.43402],[34.00579,-7.4338],[34.00603,-7.43339],[34.00638,-7.43296],[34.00671,-7.43266],[34.00677,-7.43253],[34.00689,-7.43203],[34.00698,-7.43192],[34.00716,-7.43179],[34.00751,-7.43175],[34.00774,-7.43171],[34.00802,-7.4312],[34.00821,-7.43119],[34.00818,-7.43191],[34.00835,-7.43203],[34.00897,-7.43196],[34.00937,-7.43179],[34.00955,-7.43169],[34.00976,-7.43142],[34.0098,-7.43103],[34.00989,-7.43054],[34.01008,-7.43011],[34.01034,-7.42961],[34.01017,-7.42932],[34.00992,-7.42903],[34.00933,-7.42828],[34.00942,-7.4281],[34.00974,-7.42767],[34.00979,-7.42702],[34.00997,-7.42638],[34.01037,-7.42643],[34.01068,-7.42631],[34.01099,-7.42592],[34.01104,-7.42535],[34.01101,-7.42468],[34.01138,-7.42418],[34.01172,-7.42404],[34.01211,-7.42391],[34.01251,-7.42307],[34.01221,-7.42273],[34.01213,-7.42252],[34.01268,-7.42183],[34.01303,-7.42139],[34.01321,-7.42114],[34.01346,-7.4209],[34.01366,-7.42043],[34.01371,-7.42038],[34.01397,-7.41998],[34.01431,-7.41964],[34.01466,-7.41921],[34.0149,-7.41898],[34.01496,-7.41874],[34.01505,-7.41846],[34.01525,-7.41841],[34.01544,-7.41834],[34.01561,-7.4183],[34.01575,-7.41827],[34.01641,-7.41826],[34.01667,-7.41823],[34.01689,-7.41818],[34.01716,-7.41801],[34.01731,-7.41795],[34.01735,-7.41827],[34.01761,-7.41837],[34.01811,-7.41836],[34.01839,-7.41845],[34.01876,-7.41847],[34.01882,-7.41878],[34.01916,-7.41898],[34.01979,-7.41826],[34.02007,-7.41784],[34.02012,-7.4176],[34.02003,-7.41738],[34.02026,-7.41716],[34.02038,-7.41669],[34.02058,-7.41677],[34.02071,-7.417],[34.02102,-7.41745],[34.02117,-7.41758],[34.02239,-7.41745],[34.02273,-7.41715],[34.02301,-7.41683],[34.02273,-7.41583],[34.02267,-7.41567],[34.02274,-7.41549],[34.02305,-7.41532],[34.02331,-7.41515],[34.02349,-7.41491],[34.02391,-7.41453],[34.02436,-7.41459],[34.02481,-7.41457],[34.02494,-7.41479],[34.02501,-7.41498],[34.02508,-7.41528],[34.02522,-7.41523],[34.02531,-7.41487],[34.02543,-7.41456],[34.02576,-7.41443],[34.02588,-7.41413],[34.02595,-7.41395],[34.026,-7.41367],[34.02604,-7.4133],[34.02616,-7.41307],[34.02644,-7.41284],[34.02687,-7.41273],[34.02731,-7.41268],[34.0276,-7.41264],[34.0278,-7.41271],[34.02819,-7.4128],[34.02852,-7.41174],[34.02861,-7.41142],[34.02887,-7.4111],[34.02937,-7.41106],[34.02972,-7.411],[34.02982,-7.41084],[34.02996,-7.41077],[34.03025,-7.4107],[34.03049,-7.41068],[34.03087,-7.41068],[34.03121,-7.41064],[34.03165,-7.41052],[34.03199,-7.41054],[34.03213,-7.41066],[34.03244,-7.41074],[34.03296,-7.41078],[34.0331,-7.41092],[34.03328,-7.41107],[34.03348,-7.41108],[34.034,-7.41111],[34.03409,-7.41126],[34.03474,-7.41134],[34.03514,-7.41134],[34.03552,-7.4113],[34.03585,-7.41125],[34.03618,-7.41103],[34.03639,-7.41102],[34.03685,-7.41103],[34.03731,-7.41093],[34.03754,-7.41081],[34.03789,-7.41071],[34.03831,-7.41075],[34.03876,-7.41066],[34.03939,-7.41027],[34.03954,-7.41011],[34.0397,-7.40974],[34.0398,-7.40935],[34.04026,-7.40912],[34.04054,-7.40919],[34.04151,-7.40849],[34.04184,-7.40851],[34.04204,-7.40854],[34.04217,-7.40863],[34.04249,-7.40901],[34.04295,-7.40933],[34.04311,-7.4095],[34.04341,-7.40989],[34.04355,-7.41005],[34.04369,-7.41005],[34.04437,-7.40993],[34.04461,-7.4101],[34.04491,-7.40991],[34.04513,-7.40956],[34.04554,-7.40962],[34.04604,-7.40992],[34.04661,-7.40983],[34.04675,-7.40973],[34.04701,-7.40968],[34.04731,-7.40957],[34.04761,-7.40946],[34.04797,-7.40909],[34.04798,-7.4086],[34.04807,-7.4084],[34.04833,-7.40835],[34.04849,-7.40847],[34.04892,-7.4083],[34.04952,-7.40793],[34.04978,-7.40794],[34.05006,-7.40798],[34.05041,-7.40803],[34.05068,-7.40808],[34.05082,-7.40815],[34.05099,-7.40821],[34.05108,-7.4081],[34.05129,-7.40777],[34.05144,-7.40769],[34.05164,-7.40758],[34.05159,-7.40732],[34.05148,-7.40702],[34.0516,-7.40682],[34.05191,-7.40673],[34.05213,-7.4066],[34.05213,-7.40627],[34.05243,-7.40612],[34.05287,-7.406],[34.05317,-7.40581],[34.0533,-7.40566],[34.05359,-7.40548],[34.05377,-7.40562],[34.05407,-7.4057],[34.05459,-7.40552],[34.05502,-7.40538],[34.05526,-7.40524],[34.05562,-7.40487],[34.05587,-7.40432],[34.05602,-7.4041],[34.05616,-7.40393],[34.05615,-7.40354],[34.05656,-7.4032],[34.05688,-7.4031],[34.05703,-7.40293],[34.05691,-7.40285],[34.05675,-7.40264],[34.05694,-7.40236],[34.05724,-7.40214],[34.05759,-7.4022],[34.0579,-7.40205],[34.05805,-7.40195],[34.05824,-7.40184],[34.0584,-7.40188],[34.05868,-7.40209],[34.05899,-7.40223],[34.05941,-7.4025],[34.05972,-7.40265],[34.05996,-7.40291],[34.06005,-7.40308],[34.0602,-7.40329],[34.06051,-7.40339],[34.06088,-7.40351],[34.06115,-7.40353],[34.06152,-7.40336],[34.06193,-7.40347],[34.06237,-7.40313],[34.06252,-7.40273],[34.06276,-7.40257],[34.06293,-7.40254],[34.06307,-7.40253],[34.06328,-7.40249],[34.06361,-7.40215],[34.06475,-7.40216],[34.06531,-7.4022],[34.06585,-7.40213],[34.06588,-7.40127],[34.06598,-7.40087],[34.06633,-7.40079],[34.06665,-7.40088],[34.06692,-7.401],[34.06717,-7.40111],[34.06755,-7.40135],[34.06788,-7.40169],[34.06828,-7.40178],[34.06849,-7.40162],[34.06869,-7.4014],[34.06888,-7.40135],[34.06935,-7.40129],[34.0696,-7.40126],[34.06977,-7.40133],[34.06984,-7.40158],[34.06998,-7.40167],[34.07019,-7.40163],[34.07034,-7.40147],[34.07059,-7.4014],[34.07088,-7.4017],[34.07095,-7.40181],[34.07115,-7.40213],[34.07134,-7.40221],[34.07151,-7.40198],[34.07172,-7.4017],[34.07198,-7.40161],[34.07232,-7.40165],[34.07276,-7.4018],[34.07308,-7.40198],[34.07327,-7.40219],[34.0735,-7.40233],[34.07365,-7.40235],[34.07379,-7.40239],[34.07404,-7.40229],[34.07428,-7.40217],[34.07431,-7.40195],[34.07421,-7.40127],[34.07444,-7.40076],[34.07409,-7.4005],[34.07388,-7.40036],[34.07384,-7.40007],[34.07371,-7.39959],[34.0738,-7.39941],[34.07396,-7.39933],[34.07456,-7.39908],[34.07489,-7.39887],[34.07516,-7.39866],[34.07561,-7.39872],[34.076,-7.39862],[34.07688,-7.39891],[34.07726,-7.39901],[34.07787,-7.3992],[34.07844,-7.39916],[34.07877,-7.39926],[34.07922,-7.39952],[34.07974,-7.3996],[34.08027,-7.39992],[34.08055,-7.39998],[34.08096,-7.39964],[34.08118,-7.39961],[34.08177,-7.39954],[34.08206,-7.39926],[34.082,-7.39889],[34.08198,-7.3986],[34.08244,-7.39848],[34.08281,-7.39824],[34.08298,-7.39841],[34.08308,-7.39858],[34.0839,-7.39842],[34.08425,-7.39825],[34.08465,-7.3981],[34.08505,-7.39797],[34.08531,-7.39813],[34.08555,-7.39854],[34.08578,-7.39863],[34.08591,-7.39872],[34.08604,-7.39883],[34.08628,-7.39888],[34.0865,-7.39875],[34.08673,-7.39857],[34.08688,-7.39847],[34.08717,-7.39846],[34.08746,-7.39858],[34.08762,-7.39869],[34.08776,-7.39877],[34.08794,-7.39877],[34.08809,-7.3987],[34.08851,-7.39893],[34.08871,-7.39907],[34.089,-7.39919],[34.08952,-7.39921],[34.08998,-7.39912],[34.09047,-7.39894],[34.09093,-7.39874],[34.09124,-7.39857],[34.09153,-7.39853],[34.09193,-7.39867],[34.09216,-7.39884],[34.09231,-7.39897],[34.09269,-7.39901],[34.0933,-7.39884],[34.09407,-7.39856],[34.09494,-7.39809],[34.09527,-7.39782],[34.0955,-7.39761],[34.09583,-7.39751],[34.09637,-7.39755],[34.09661,-7.39759],[34.09683,-7.39763],[34.09704,-7.39758],[34.09739,-7.39736],[34.09761,-7.39722],[34.09789,-7.39716],[34.09806,-7.39727],[34.09829,-7.39765],[34.09849,-7.39804],[34.0987,-7.39833],[34.09912,-7.39837],[34.0995,-7.39828],[34.09979,-7.39815],[34.09997,-7.39821],[34.10005,-7.39845],[34.10018,-7.39867],[34.10037,-7.39885],[34.10051,-7.39882],[34.10072,-7.39835],[34.10081,-7.39822],[34.10109,-7.39814],[34.10124,-7.3981],[34.10142,-7.39808],[34.10179,-7.39817],[34.10205,-7.39839],[34.10216,-7.39855],[34.10227,-7.39867],[34.10259,-7.39862],[34.10285,-7.39851],[34.10314,-7.39853],[34.10342,-7.39854],[34.1038,-7.39842],[34.10414,-7.39842],[34.10455,-7.39836],[34.10476,-7.39805],[34.10478,-7.39765],[34.10479,-7.39723],[34.10484,-7.39707],[34.10516,-7.39693],[34.1056,-7.39671],[34.10613,-7.39641],[34.10642,-7.39611],[34.10672,-7.39586],[34.10715,-7.39567],[34.10747,-7.39561],[34.10754,-7.39531],[34.10756,-7.39506],[34.10775,-7.39471],[34.10792,-7.39463],[34.10818,-7.3946],[34.10832,-7.39464],[34.1084,-7.39478],[34.10841,-7.39517],[34.10845,-7.39532],[34.10865,-7.39548],[34.10881,-7.39523],[34.10888,-7.39508],[34.1094,-7.3949],[34.10959,-7.3949],[34.10986,-7.3949],[34.1101,-7.39484],[34.11043,-7.39455],[34.11084,-7.39381],[34.11098,-7.39362],[34.11117,-7.39348],[34.11158,-7.39339],[34.11191,-7.39341],[34.11214,-7.39341],[34.11242,-7.39333],[34.11292,-7.39285],[34.11306,-7.39273],[34.11331,-7.39265],[34.11348,-7.39263],[34.11409,-7.39252],[34.11424,-7.39255],[34.11456,-7.3926],[34.11486,-7.39255],[34.11507,-7.39244],[34.1152,-7.39233],[34.11532,-7.39216],[34.11547,-7.39202],[34.11572,-7.39197],[34.11596,-7.39199],[34.1162,-7.39204],[34.11644,-7.39214],[34.11659,-7.39221],[34.11675,-7.39219],[34.1171,-7.39191],[34.11732,-7.39166],[34.11748,-7.39152],[34.11776,-7.39134],[34.118,-7.39126],[34.11821,-7.39131],[34.11846,-7.3913],[34.11862,-7.39111],[34.11862,-7.39085],[34.11878,-7.39068],[34.1192,-7.39059],[34.11943,-7.39054],[34.1196,-7.39049],[34.11986,-7.39044],[34.12025,-7.39037],[34.12039,-7.3904],[34.12047,-7.39051],[34.12055,-7.39072],[34.12064,-7.39087],[34.12093,-7.39104],[34.12137,-7.39102],[34.12186,-7.39093],[34.1225,-7.39071],[34.12291,-7.39057],[34.12313,-7.39052],[34.12373,-7.39042],[34.12402,-7.39033],[34.1243,-7.39022],[34.12459,-7.39034],[34.12473,-7.39052],[34.12477,-7.39098],[34.12482,-7.39113],[34.125,-7.39123],[34.12531,-7.3913],[34.12569,-7.39138],[34.12598,-7.39146],[34.12633,-7.39168],[34.1267,-7.3918],[34.12706,-7.39175],[34.12727,-7.39167],[34.12738,-7.39137],[34.12745,-7.39117],[34.12768,-7.39106],[34.12799,-7.39103],[34.12809,-7.39087],[34.12832,-7.39078],[34.12857,-7.39094],[34.12862,-7.39121],[34.12881,-7.39131],[34.1293,-7.39108],[34.12944,-7.39094],[34.12992,-7.39082],[34.13052,-7.39089],[34.13109,-7.39088],[34.13168,-7.39085],[34.13214,-7.39071],[34.13241,-7.39061],[34.1327,-7.39053],[34.13306,-7.39035],[34.1333,-7.39014],[34.13372,-7.3897],[34.13396,-7.38948],[34.13407,-7.38939],[34.13473,-7.38936],[34.13499,-7.38938],[34.13531,-7.38948],[34.13553,-7.38963],[34.13572,-7.38989],[34.13599,-7.39023],[34.13618,-7.39041],[34.13639,-7.39043],[34.13658,-7.39031],[34.13681,-7.39027],[34.137,-7.39022],[34.13709,-7.39012],[34.13709,-7.38996],[34.13697,-7.38972],[34.13694,-7.38953],[34.13709,-7.38921],[34.13725,-7.38898],[34.13746,-7.38878],[34.13762,-7.38869],[34.13783,-7.38863],[34.13799,-7.38864],[34.13812,-7.38877],[34.13815,-7.38906],[34.13816,-7.38922],[34.13857,-7.38936],[34.13876,-7.38935],[34.13907,-7.38934],[34.13951,-7.38933],[34.13979,-7.38934],[34.14017,-7.38945],[34.14041,-7.38959],[34.14068,-7.38969],[34.14086,-7.38978],[34.14106,-7.38986],[34.14163,-7.39004],[34.14185,-7.38871],[34.1419,-7.38849],[34.14296,-7.38769],[34.14321,-7.3875],[34.14331,-7.38727],[34.14326,-7.38702],[34.14308,-7.38649],[34.1431,-7.38631],[34.1431,-7.38612],[34.14316,-7.38594],[34.14328,-7.38578],[34.14351,-7.38572],[34.1438,-7.38577],[34.144,-7.38584],[34.14403,-7.38615],[34.14405,-7.38637],[34.14415,-7.3865],[34.1445,-7.38649],[34.14459,-7.38621],[34.14461,-7.38584],[34.14469,-7.38572],[34.14542,-7.38538],[34.14568,-7.38529],[34.14597,-7.3852],[34.14631,-7.38518],[34.14646,-7.38539],[34.14665,-7.38557],[34.14701,-7.38564],[34.14723,-7.38582],[34.14739,-7.38613],[34.14775,-7.38627],[34.14805,-7.38626],[34.14824,-7.38588],[34.14836,-7.38563],[34.14866,-7.38531],[34.14903,-7.38503],[34.14944,-7.38488],[34.14985,-7.38475],[34.15027,-7.38468],[34.15075,-7.38452],[34.15097,-7.38441],[34.15144,-7.3843],[34.15295,-7.38359],[34.1534,-7.38328],[34.15384,-7.38289],[34.15429,-7.3826],[34.15489,-7.38236],[34.15531,-7.38207],[34.15565,-7.38167],[34.15578,-7.38142],[34.15597,-7.38125],[34.15625,-7.38125],[34.1565,-7.3814],[34.15677,-7.38163],[34.15722,-7.38182],[34.15767,-7.38195],[34.15799,-7.382],[34.15819,-7.38204],[34.15849,-7.38235],[34.15847,-7.38281],[34.15842,-7.3832],[34.15864,-7.3836],[34.15899,-7.38367],[34.15917,-7.38367],[34.1593,-7.38341],[34.1595,-7.38302],[34.15958,-7.3828],[34.1601,-7.38254],[34.16057,-7.38259],[34.16092,-7.38267],[34.16128,-7.38271],[34.1617,-7.3827],[34.1622,-7.38268],[34.16256,-7.38264],[34.1628,-7.38255],[34.1631,-7.38248],[34.16341,-7.38241],[34.16364,-7.38231],[34.16358,-7.3826],[34.1634,-7.38276],[34.16326,-7.38288],[34.16325,-7.38302],[34.16339,-7.38311],[34.16378,-7.38313],[34.16395,-7.38305],[34.16424,-7.3827],[34.16425,-7.38195],[34.16462,-7.38159],[34.16503,-7.3808],[34.16546,-7.38075],[34.16582,-7.38075],[34.16613,-7.38071],[34.16633,-7.38075],[34.16628,-7.38095],[34.16608,-7.38128],[34.16591,-7.38151],[34.16579,-7.38171],[34.16565,-7.38199],[34.16563,-7.38223],[34.16576,-7.38228],[34.16601,-7.38229],[34.16646,-7.38261],[34.16686,-7.38269],[34.16725,-7.38268],[34.16754,-7.38267],[34.16777,-7.38257],[34.16804,-7.38201],[34.16827,-7.38203],[34.16844,-7.38214],[34.16869,-7.38251],[34.16867,-7.38291],[34.16866,-7.38334],[34.16884,-7.38356],[34.16919,-7.38356],[34.16976,-7.38296],[34.16984,-7.38251],[34.16989,-7.38214],[34.17042,-7.38225],[34.17063,-7.38234],[34.17104,-7.38246],[34.17108,-7.3828],[34.17117,-7.38308],[34.17168,-7.38303],[34.17198,-7.38268],[34.17217,-7.38232],[34.17247,-7.38235],[34.17294,-7.3825],[34.1733,-7.38262],[34.17354,-7.38263],[34.17379,-7.38242],[34.17366,-7.38211],[34.17356,-7.38187],[34.17362,-7.38147],[34.17396,-7.38161],[34.17452,-7.38128],[34.17466,-7.3811],[34.17511,-7.38084],[34.17518,-7.38069],[34.17524,-7.38024],[34.17538,-7.38007],[34.17602,-7.37977],[34.17611,-7.37947],[34.17616,-7.37924],[34.17619,-7.37903],[34.17643,-7.379],[34.17711,-7.37895],[34.1773,-7.37889],[34.17754,-7.3789],[34.17777,-7.37893],[34.17799,-7.37893],[34.17814,-7.37896],[34.1783,-7.379],[34.17853,-7.37901],[34.17872,-7.37909],[34.17902,-7.37922],[34.17916,-7.37935],[34.17922,-7.37964],[34.17916,-7.37984],[34.17909,-7.38017],[34.1792,-7.38042],[34.17945,-7.38055],[34.17989,-7.38064],[34.1801,-7.38071],[34.18014,-7.38087],[34.18002,-7.38107],[34.18001,-7.38124],[34.1801,-7.38173],[34.18059,-7.38185],[34.18097,-7.38169],[34.18134,-7.38146],[34.18164,-7.3813],[34.18215,-7.38099],[34.18245,-7.38076],[34.18272,-7.3806],[34.1832,-7.38051],[34.18361,-7.38051],[34.18377,-7.3806],[34.18393,-7.38078],[34.18409,-7.38088],[34.18439,-7.38084],[34.18473,-7.38048],[34.18482,-7.38003],[34.18481,-7.37969],[34.18488,-7.37953],[34.18511,-7.3795],[34.18542,-7.37954],[34.18564,-7.37959],[34.18589,-7.3796],[34.18611,-7.37961],[34.18638,-7.37955],[34.18649,-7.3794],[34.18688,-7.37904],[34.18732,-7.37876],[34.1877,-7.37859],[34.18819,-7.37843],[34.18853,-7.37832],[34.18869,-7.37808],[34.18879,-7.37747],[34.18883,-7.37692],[34.18889,-7.37663],[34.18898,-7.37642],[34.18906,-7.37619],[34.1892,-7.37603],[34.18957,-7.3759],[34.1899,-7.37585],[34.19033,-7.37582],[34.19055,-7.37571],[34.19085,-7.37517],[34.19091,-7.37495],[34.19109,-7.3746],[34.19121,-7.37439],[34.19109,-7.37411],[34.19092,-7.37394],[34.19079,-7.37383],[34.19067,-7.37373],[34.19058,-7.37359],[34.19072,-7.37343],[34.191,-7.37335],[34.19141,-7.37325],[34.19188,-7.37317],[34.19225,-7.37306],[34.19264,-7.37307],[34.19298,-7.37327],[34.19339,-7.37352],[34.1938,-7.37374],[34.19431,-7.37397],[34.19505,-7.37401],[34.19544,-7.37397],[34.19587,-7.37381],[34.19587,-7.37333],[34.19579,-7.37297],[34.19576,-7.37262],[34.19587,-7.37238],[34.19617,-7.37206],[34.19633,-7.372],[34.19649,-7.37188],[34.19684,-7.37149],[34.19704,-7.37095],[34.19701,-7.37065],[34.19693,-7.37052],[34.19675,-7.37045],[34.19647,-7.37056],[34.19613,-7.37058],[34.19581,-7.37043],[34.19557,-7.37002],[34.19561,-7.36956],[34.19594,-7.36921],[34.19621,-7.36895],[34.19658,-7.36867],[34.19688,-7.36852],[34.19731,-7.36832],[34.19777,-7.36813],[34.19805,-7.36801],[34.19833,-7.36786],[34.19858,-7.36771],[34.19858,-7.3675],[34.19856,-7.36733],[34.19856,-7.36712],[34.19863,-7.36694],[34.19873,-7.36684],[34.19886,-7.36674],[34.19901,-7.36671],[34.19937,-7.36688],[34.1997,-7.36722],[34.19987,-7.36743],[34.20008,-7.36757],[34.20031,-7.36756],[34.20043,-7.36717],[34.20047,-7.36687],[34.2007,-7.36661],[34.20084,-7.36628],[34.20097,-7.36582],[34.20127,-7.36578],[34.20152,-7.36593],[34.20177,-7.36597],[34.202,-7.3657],[34.20232,-7.36569],[34.20283,-7.3656],[34.20302,-7.36535],[34.20309,-7.36489],[34.20319,-7.3645],[34.20334,-7.36425],[34.2036,-7.36402],[34.20381,-7.36394],[34.20411,-7.36366],[34.20441,-7.36362],[34.20449,-7.36348],[34.20455,-7.36332],[34.2047,-7.36297],[34.20484,-7.3627],[34.2047,-7.36232],[34.20462,-7.36205],[34.20485,-7.36172],[34.20507,-7.36175],[34.20537,-7.36169],[34.20557,-7.36165],[34.20584,-7.36169],[34.2061,-7.36155],[34.20629,-7.36122],[34.20633,-7.36105],[34.20637,-7.36071],[34.20644,-7.36058],[34.20653,-7.36046],[34.2066,-7.36034],[34.20678,-7.36028],[34.20695,-7.36024],[34.20712,-7.35996],[34.20738,-7.35956],[34.20763,-7.35925],[34.20784,-7.35892],[34.20797,-7.35869],[34.20815,-7.35855],[34.20847,-7.35858],[34.20867,-7.35861],[34.20884,-7.35864],[34.20898,-7.35861],[34.20906,-7.35846],[34.209,-7.3582],[34.2089,-7.35791],[34.20892,-7.35775],[34.20915,-7.35757],[34.20936,-7.35743],[34.20959,-7.35728],[34.20968,-7.35714],[34.20984,-7.35652],[34.21,-7.35591],[34.21017,-7.35567],[34.21038,-7.35545],[34.21067,-7.35518],[34.21151,-7.35452],[34.21246,-7.35369],[34.21369,-7.35274],[34.21439,-7.35221],[34.21465,-7.352],[34.21488,-7.35188],[34.21499,-7.35178],[34.21525,-7.35162],[34.21571,-7.35116],[34.21597,-7.35085],[34.21619,-7.35061],[34.21637,-7.35043],[34.21687,-7.35059],[34.21722,-7.35049],[34.21737,-7.35038],[34.21756,-7.35022],[34.21776,-7.34986],[34.2179,-7.34968],[34.21806,-7.3493],[34.21856,-7.34917],[34.21895,-7.34907],[34.21921,-7.3487],[34.2193,-7.34802],[34.21949,-7.34778],[34.22029,-7.3469],[34.22089,-7.34634],[34.22139,-7.34592],[34.22192,-7.34553],[34.2225,-7.34518],[34.22323,-7.34475],[34.22383,-7.34426],[34.22438,-7.34381],[34.22451,-7.34371],[34.22495,-7.34337],[34.22602,-7.34229],[34.22663,-7.34166],[34.2275,-7.3409],[34.22781,-7.34063],[34.22803,-7.34051],[34.22905,-7.33993],[34.22947,-7.33964],[34.22996,-7.33919],[34.23044,-7.33885],[34.23083,-7.33852],[34.23104,-7.33808],[34.23113,-7.33787],[34.23119,-7.33758],[34.23158,-7.33746],[34.23183,-7.33751],[34.23199,-7.33758],[34.2324,-7.3376],[34.23255,-7.33744],[34.2328,-7.33722],[34.23345,-7.33716],[34.23375,-7.33705],[34.23402,-7.33666],[34.2342,-7.3361],[34.2343,-7.33577],[34.2343,-7.33561],[34.23425,-7.33533],[34.23442,-7.33478],[34.23465,-7.33458],[34.23493,-7.3344],[34.23513,-7.33431],[34.23532,-7.33427],[34.23566,-7.33434],[34.23579,-7.3344],[34.23596,-7.33469],[34.23602,-7.3349],[34.23633,-7.33509],[34.23647,-7.33515],[34.23665,-7.33532],[34.23745,-7.33579],[34.23858,-7.33548],[34.23913,-7.33536],[34.23939,-7.33526],[34.23966,-7.33532],[34.24001,-7.33546],[34.24034,-7.33543],[34.24053,-7.33539],[34.24069,-7.3353],[34.24144,-7.33457],[34.24177,-7.33429],[34.24197,-7.3341],[34.24228,-7.33391],[34.24274,-7.33383],[34.24295,-7.33357],[34.24315,-7.33322],[34.24333,-7.3329],[34.24356,-7.33273],[34.2438,-7.33264],[34.24409,-7.3325],[34.24429,-7.33234],[34.24421,-7.33174],[34.24406,-7.33154],[34.24393,-7.33143],[34.24366,-7.33116],[34.2435,-7.33098],[34.24366,-7.33072],[34.24401,-7.33065],[34.24418,-7.33059],[34.24433,-7.33045],[34.24459,-7.33018],[34.24469,-7.33008],[34.24494,-7.32995],[34.24545,-7.33009],[34.2456,-7.33019],[34.24597,-7.33023],[34.24614,-7.33014],[34.24633,-7.32988],[34.24747,-7.3291],[34.24788,-7.32905],[34.24802,-7.32917],[34.24824,-7.32941],[34.24844,-7.32961],[34.24878,-7.3297],[34.24911,-7.32913],[34.24937,-7.32905],[34.24982,-7.32909],[34.25032,-7.32909],[34.25047,-7.32915],[34.25065,-7.32915],[34.25075,-7.32938],[34.25113,-7.32961],[34.25165,-7.32989],[34.25223,-7.33007],[34.25247,-7.33001],[34.25279,-7.32986],[34.25297,-7.32969],[34.25346,-7.32937],[34.25364,-7.32936],[34.2538,-7.32977],[34.25424,-7.33],[34.25455,-7.33009],[34.25526,-7.33034],[34.25562,-7.33038],[34.2558,-7.33039],[34.25595,-7.33039],[34.25619,-7.33073],[34.25658,-7.33116],[34.25703,-7.33155],[34.25801,-7.33203],[34.25841,-7.33209],[34.25869,-7.33218],[34.25905,-7.3324],[34.25924,-7.33261],[34.25966,-7.33294],[34.2601,-7.333],[34.26093,-7.33309],[34.26123,-7.33308],[34.26161,-7.33297],[34.26205,-7.33277],[34.26234,-7.33263],[34.26261,-7.33253],[34.26286,-7.3325],[34.26309,-7.33252],[34.26325,-7.3326],[34.2633,-7.3329],[34.26332,-7.33308],[34.26362,-7.3334],[34.26426,-7.33336],[34.26484,-7.3336],[34.26594,-7.33412],[34.26638,-7.3342],[34.26698,-7.3342],[34.26739,-7.33388],[34.26746,-7.33362],[34.2677,-7.33307],[34.26796,-7.33277],[34.26825,-7.33261],[34.26853,-7.33252],[34.26869,-7.33248],[34.26901,-7.33264],[34.26925,-7.333],[34.26948,-7.33332],[34.26982,-7.33364],[34.26991,-7.33394],[34.26992,-7.33445],[34.27,-7.33503],[34.2702,-7.33529],[34.27053,-7.33557],[34.27067,-7.33581],[34.27099,-7.3361],[34.27151,-7.33629],[34.27183,-7.33639],[34.2721,-7.33648],[34.27248,-7.33673],[34.27274,-7.33701],[34.27289,-7.33711],[34.27312,-7.33719],[34.27331,-7.33723],[34.27346,-7.3373],[34.27354,-7.33741],[34.2737,-7.33746],[34.27414,-7.33738],[34.27482,-7.33724],[34.27531,-7.33716],[34.27594,-7.33705],[34.27635,-7.337],[34.27653,-7.33696],[34.27692,-7.33693],[34.27713,-7.3368],[34.27716,-7.33665],[34.27722,-7.33645],[34.2774,-7.33635],[34.27775,-7.33624],[34.27798,-7.33619],[34.27853,-7.33603],[34.27893,-7.3358],[34.27954,-7.33548],[34.27987,-7.33534],[34.28068,-7.33512],[34.28113,-7.33503],[34.28171,-7.33501],[34.2826,-7.33481],[34.28309,-7.33464],[34.28368,-7.33437],[34.28415,-7.33416],[34.28537,-7.33377],[34.28605,-7.33353],[34.28628,-7.33341],[34.28653,-7.33333],[34.28711,-7.33308],[34.2875,-7.33293],[34.28787,-7.33277],[34.28809,-7.33263],[34.2883,-7.3325],[34.28843,-7.3323],[34.28866,-7.33215],[34.2889,-7.33198],[34.28907,-7.33171],[34.28911,-7.33145],[34.28913,-7.33124],[34.28911,-7.33104],[34.2892,-7.33065],[34.28955,-7.33046],[34.2899,-7.33029],[34.29028,-7.3301],[34.29069,-7.3299],[34.29096,-7.3298],[34.29137,-7.32966],[34.29169,-7.32966],[34.29198,-7.32969],[34.29243,-7.32975],[34.29295,-7.32983],[34.29329,-7.32988],[34.29351,-7.32989],[34.2937,-7.32989],[34.29391,-7.32985],[34.29411,-7.3297],[34.2943,-7.32974],[34.29474,-7.32985],[34.29513,-7.32986],[34.29573,-7.3297],[34.29631,-7.32953],[34.29669,-7.32946],[34.29704,-7.32939],[34.29752,-7.3292],[34.29776,-7.32911],[34.29799,-7.32895],[34.29829,-7.32888],[34.29857,-7.32894],[34.29876,-7.32902],[34.29928,-7.32918],[34.29963,-7.32932],[34.29988,-7.32948],[34.29997,-7.32969],[34.3002,-7.32995],[34.30049,-7.33018],[34.30082,-7.33048],[34.30106,-7.33074],[34.30117,-7.33124],[34.30074,-7.33184],[34.30054,-7.33212],[34.30048,-7.33236],[34.30027,-7.33264],[34.30013,-7.3328],[34.29996,-7.33295],[34.30024,-7.33343],[34.30054,-7.33357],[34.30078,-7.33383],[34.30104,-7.3342],[34.3012,-7.33455],[34.30128,-7.33475],[34.30199,-7.33501],[34.30223,-7.33499],[34.30271,-7.33496],[34.30319,-7.33494],[34.30351,-7.3349],[34.3038,-7.33488],[34.3041,-7.33473],[34.30429,-7.33464],[34.30446,-7.3346],[34.3046,-7.33452],[34.30507,-7.33395],[34.30534,-7.33339],[34.30582,-7.33228],[34.30605,-7.33164],[34.30625,-7.33114],[34.30641,-7.33084],[34.30647,-7.33071],[34.30654,-7.33058],[34.30673,-7.33043],[34.30698,-7.33021],[34.30715,-7.33021],[34.30741,-7.33032],[34.30753,-7.33078],[34.30757,-7.33111],[34.30767,-7.33132],[34.30799,-7.33149],[34.30833,-7.33158],[34.30877,-7.33164],[34.30925,-7.33172],[34.30955,-7.33212],[34.30937,-7.33311],[34.30931,-7.33328],[34.30913,-7.3337],[34.30905,-7.33413],[34.30906,-7.33436],[34.30938,-7.33444],[34.30971,-7.33431],[34.30994,-7.33416],[34.31022,-7.33407],[34.31044,-7.33419],[34.3107,-7.33424],[34.31103,-7.33431],[34.31129,-7.33448],[34.31116,-7.33483],[34.31103,-7.33502],[34.31088,-7.33525],[34.31079,-7.33553],[34.31102,-7.33579],[34.3112,-7.33599],[34.31134,-7.33615],[34.31142,-7.33632],[34.31191,-7.33665],[34.31217,-7.33709],[34.31232,-7.33766],[34.31243,-7.338],[34.31259,-7.33832],[34.3127,-7.33852],[34.31293,-7.33873],[34.31322,-7.33884],[34.3134,-7.33876],[34.31359,-7.33842],[34.31364,-7.33827],[34.31365,-7.3379],[34.3137,-7.3377],[34.31379,-7.33752],[34.314,-7.33746],[34.31426,-7.33737],[34.31455,-7.33718],[34.31472,-7.337],[34.31484,-7.3368],[34.31488,-7.33657],[34.31504,-7.33643],[34.31528,-7.33642],[34.3156,-7.33657],[34.31585,-7.33666],[34.31631,-7.33641],[34.31657,-7.33634],[34.317,-7.33625],[34.31744,-7.33609],[34.31773,-7.3361],[34.3179,-7.33623],[34.31828,-7.3362],[34.31869,-7.33598],[34.31921,-7.33591],[34.31997,-7.33594],[34.32045,-7.33612],[34.32081,-7.33623],[34.32109,-7.33646],[34.32135,-7.33669],[34.32149,-7.33678],[34.32163,-7.3369],[34.32181,-7.33701],[34.32211,-7.33705],[34.32233,-7.33717],[34.32257,-7.33688],[34.32265,-7.33656],[34.32267,-7.33634],[34.32276,-7.336],[34.32288,-7.33587],[34.32311,-7.33565],[34.3232,-7.33531],[34.32324,-7.3351],[34.32344,-7.33496],[34.32376,-7.33502],[34.32398,-7.33509],[34.32418,-7.33518],[34.32433,-7.33522],[34.32476,-7.33533],[34.32517,-7.33528],[34.32556,-7.33504],[34.32601,-7.33457],[34.32625,-7.33418],[34.32628,-7.33395],[34.32632,-7.33373],[34.32637,-7.33354],[34.32654,-7.3333],[34.32693,-7.33315],[34.32723,-7.33314],[34.32763,-7.3331],[34.32793,-7.3331],[34.32855,-7.33302],[34.32871,-7.33301],[34.32885,-7.33307],[34.32915,-7.33323],[34.32946,-7.33329],[34.33015,-7.33333],[34.33054,-7.33327],[34.33118,-7.33301],[34.33169,-7.33264],[34.33216,-7.33236],[34.33236,-7.33229],[34.3326,-7.33218],[34.33294,-7.33207],[34.33344,-7.33208],[34.33382,-7.33197],[34.33419,-7.33177],[34.33435,-7.33167],[34.33449,-7.33158],[34.33474,-7.33139],[34.33518,-7.33151],[34.33548,-7.33178],[34.33571,-7.332],[34.33599,-7.33204],[34.33646,-7.33191],[34.33694,-7.33188],[34.33762,-7.33212],[34.33807,-7.33238],[34.33835,-7.33254],[34.33876,-7.33287],[34.33909,-7.33305],[34.33961,-7.33329],[34.34,-7.33369],[34.34013,-7.33378],[34.34034,-7.33383],[34.3407,-7.33384],[34.3409,-7.33376],[34.34112,-7.33366],[34.34132,-7.33365],[34.34155,-7.33369],[34.34159,-7.33398],[34.34161,-7.33413],[34.34169,-7.33428],[34.34187,-7.33443],[34.3423,-7.33435],[34.34256,-7.33419],[34.34273,-7.33401],[34.34288,-7.33375],[34.34299,-7.33359],[34.3432,-7.3334],[34.34342,-7.33332],[34.34359,-7.33334],[34.34375,-7.33335],[34.34389,-7.33343],[34.34403,-7.3336],[34.34414,-7.33382],[34.34439,-7.33381],[34.34449,-7.33364],[34.34447,-7.33324],[34.34487,-7.33306],[34.3451,-7.33304],[34.3453,-7.33306],[34.34541,-7.33286],[34.34544,-7.33272],[34.34551,-7.33248],[34.34558,-7.33232],[34.34598,-7.33249],[34.34615,-7.33267],[34.34629,-7.33284],[34.34643,-7.33292],[34.34676,-7.33302],[34.34698,-7.33298],[34.34716,-7.33242],[34.34717,-7.33205],[34.34713,-7.33179],[34.34718,-7.33159],[34.34729,-7.33148],[34.34781,-7.33147],[34.34824,-7.33149],[34.34863,-7.3314],[34.34875,-7.33126],[34.3489,-7.33084],[34.34895,-7.33058],[34.3491,-7.33022],[34.34927,-7.32983],[34.34931,-7.3294],[34.34924,-7.32916],[34.34939,-7.32885],[34.34968,-7.32858],[34.35003,-7.32836],[34.35022,-7.32814],[34.35029,-7.32777],[34.35042,-7.32751],[34.35059,-7.32736],[34.35076,-7.32722],[34.35104,-7.32713],[34.35128,-7.32711],[34.3515,-7.3271],[34.35176,-7.32709],[34.35195,-7.32704],[34.35225,-7.32694],[34.35244,-7.32685],[34.3527,-7.32677],[34.35309,-7.32671],[34.35328,-7.32671],[34.35369,-7.32672],[34.35397,-7.32674],[34.35441,-7.32678],[34.35473,-7.32687],[34.35502,-7.32694],[34.35526,-7.32698],[34.35547,-7.32688],[34.35556,-7.32668],[34.35576,-7.32645],[34.35592,-7.3263],[34.35614,-7.32618],[34.35647,-7.32626],[34.35664,-7.32643],[34.35676,-7.32673],[34.35686,-7.32702],[34.35693,-7.3273],[34.35699,-7.32752],[34.35706,-7.3277],[34.35721,-7.32789],[34.35752,-7.32801],[34.35771,-7.32801],[34.35793,-7.32799],[34.35809,-7.32795],[34.3582,-7.32785],[34.3584,-7.32755],[34.35866,-7.32734],[34.35882,-7.32729],[34.35906,-7.32729],[34.35926,-7.3273],[34.3594,-7.3273],[34.35963,-7.32725],[34.36,-7.32718],[34.3601,-7.32672],[34.36004,-7.32644],[34.35999,-7.32625],[34.35999,-7.32608],[34.3601,-7.3259],[34.36018,-7.32579],[34.36045,-7.32558],[34.36066,-7.32546],[34.36083,-7.32534],[34.36113,-7.32514],[34.36122,-7.32471],[34.36128,-7.3245],[34.3613,-7.32435],[34.36136,-7.32399],[34.36157,-7.32372],[34.36185,-7.32344],[34.36199,-7.32329],[34.36219,-7.32308],[34.36234,-7.32295],[34.36257,-7.32267],[34.36266,-7.32253],[34.36283,-7.32219],[34.3629,-7.32195],[34.36289,-7.32181],[34.36275,-7.32162],[34.36281,-7.32147],[34.36299,-7.32135],[34.36317,-7.32138],[34.36347,-7.32146],[34.36377,-7.32153],[34.36403,-7.32159],[34.36426,-7.32161],[34.36448,-7.32157],[34.36471,-7.32157],[34.36504,-7.3216],[34.36555,-7.32164],[34.36598,-7.32185],[34.36609,-7.32193],[34.36594,-7.32215],[34.36581,-7.32232],[34.36587,-7.32268],[34.36589,-7.32303],[34.36584,-7.32323],[34.36583,-7.32346],[34.36592,-7.32381],[34.36611,-7.32389],[34.36655,-7.32354],[34.36693,-7.32346],[34.36745,-7.32339],[34.36784,-7.32331],[34.36826,-7.32331],[34.36857,-7.32338],[34.36876,-7.32356],[34.36896,-7.32387],[34.36908,-7.32402],[34.36962,-7.32416],[34.37002,-7.32403],[34.37056,-7.32393],[34.37093,-7.32386],[34.37137,-7.32386],[34.37165,-7.32396],[34.37188,-7.32409],[34.37222,-7.32413],[34.37258,-7.32395],[34.37279,-7.32351],[34.37303,-7.3233],[34.37328,-7.32337],[34.37363,-7.32351],[34.37387,-7.32383],[34.37398,-7.32409],[34.37408,-7.32433],[34.3744,-7.32463],[34.37473,-7.32495],[34.37498,-7.32531],[34.37517,-7.32564],[34.37529,-7.32576],[34.37547,-7.32614],[34.37555,-7.32631],[34.37564,-7.32647],[34.37574,-7.32662],[34.37592,-7.32666],[34.37629,-7.32655],[34.37661,-7.32652],[34.37694,-7.32657],[34.37724,-7.32662],[34.37755,-7.32666],[34.37799,-7.32671],[34.37852,-7.32672],[34.37908,-7.32665],[34.37955,-7.32647],[34.38001,-7.32618],[34.38026,-7.32579],[34.38046,-7.32536],[34.38058,-7.32511],[34.38072,-7.32479],[34.38082,-7.32455],[34.38088,-7.32441],[34.38108,-7.32398],[34.38126,-7.32377],[34.38145,-7.32366],[34.38179,-7.32361],[34.38199,-7.32361],[34.38233,-7.3237],[34.38264,-7.3239],[34.3829,-7.32406],[34.38318,-7.3242],[34.38338,-7.32429],[34.38354,-7.32438],[34.38365,-7.32448],[34.38378,-7.32462],[34.38413,-7.3249],[34.38459,-7.32509],[34.3848,-7.32512],[34.38505,-7.32518],[34.38533,-7.32535],[34.38546,-7.32554],[34.38561,-7.32577],[34.38571,-7.326],[34.38579,-7.32616],[34.38594,-7.32632],[34.38638,-7.32603],[34.38653,-7.32577],[34.38663,-7.32547],[34.38669,-7.32533],[34.38676,-7.32515],[34.38685,-7.32495],[34.38699,-7.32485],[34.38724,-7.32481],[34.38741,-7.32486],[34.38764,-7.32498],[34.38778,-7.32508],[34.38796,-7.32507],[34.38886,-7.32492],[34.38905,-7.32486],[34.38921,-7.3248],[34.38945,-7.3247],[34.38969,-7.32439],[34.38983,-7.3242],[34.38997,-7.32404],[34.39015,-7.32393],[34.39052,-7.32388],[34.39067,-7.32388],[34.39107,-7.32393],[34.39151,-7.32402],[34.39188,-7.32409],[34.39224,-7.32417],[34.39265,-7.32422],[34.39294,-7.32432],[34.39319,-7.32441],[34.3935,-7.32454],[34.39369,-7.32459],[34.39406,-7.3246],[34.39428,-7.3245],[34.39456,-7.32419],[34.3947,-7.324],[34.39489,-7.32381],[34.39509,-7.32372],[34.39535,-7.3237],[34.39584,-7.32356],[34.39617,-7.32338],[34.39648,-7.32317],[34.39701,-7.32244],[34.39724,-7.32204],[34.39739,-7.32184],[34.39766,-7.32165],[34.398,-7.32158],[34.39838,-7.32144],[34.39864,-7.3213],[34.39876,-7.32114],[34.39903,-7.32091],[34.39916,-7.32068],[34.39922,-7.32046],[34.39931,-7.3203],[34.39962,-7.32026],[34.4,-7.32025],[34.40029,-7.32019],[34.40045,-7.31996],[34.40055,-7.31984],[34.40071,-7.31977],[34.40105,-7.31979],[34.4015,-7.31982],[34.40188,-7.31981],[34.40222,-7.31961],[34.40229,-7.31924],[34.4024,-7.31898],[34.40245,-7.31884],[34.4026,-7.31871],[34.403,-7.31879],[34.40321,-7.31886],[34.40367,-7.31884],[34.40416,-7.31869],[34.4049,-7.31831],[34.40558,-7.31795],[34.40628,-7.31757],[34.4069,-7.3173],[34.4073,-7.3172],[34.40774,-7.31691],[34.40797,-7.31665],[34.40842,-7.31647],[34.40877,-7.31631],[34.40899,-7.31624],[34.40931,-7.3162],[34.40957,-7.31625],[34.40977,-7.31644],[34.40993,-7.31661],[34.41008,-7.31665],[34.41032,-7.31654],[34.4104,-7.31637],[34.41038,-7.31623],[34.41055,-7.31607],[34.41087,-7.31602],[34.41142,-7.31599],[34.41179,-7.31599],[34.41228,-7.31598],[34.41251,-7.31599],[34.4127,-7.31603],[34.41281,-7.31614],[34.41275,-7.3164],[34.41267,-7.31666],[34.4126,-7.31706],[34.4128,-7.3174],[34.41304,-7.31764],[34.41347,-7.31791],[34.41387,-7.31802],[34.4142,-7.31797],[34.41449,-7.31782],[34.41471,-7.3177],[34.41487,-7.31761],[34.41516,-7.31754],[34.41538,-7.31752],[34.41574,-7.31764],[34.41605,-7.31776],[34.41621,-7.31785],[34.41657,-7.3181],[34.41693,-7.31822],[34.41749,-7.31815],[34.418,-7.31791],[34.41826,-7.3177],[34.41849,-7.31734],[34.41861,-7.317],[34.4186,-7.31679],[34.41855,-7.31663],[34.41918,-7.31627],[34.4198,-7.31641],[34.42036,-7.31655],[34.42079,-7.31669],[34.42107,-7.31682],[34.42129,-7.31691],[34.42158,-7.31708],[34.42195,-7.31722],[34.42232,-7.3171],[34.42277,-7.31703],[34.42324,-7.31697],[34.42367,-7.3167],[34.42405,-7.31628],[34.42422,-7.31592],[34.42436,-7.31519],[34.42431,-7.31489],[34.4243,-7.31468],[34.42436,-7.31445],[34.42456,-7.31441],[34.42475,-7.3146],[34.42504,-7.31482],[34.42536,-7.31509],[34.42577,-7.31536],[34.42633,-7.31568],[34.42661,-7.31588],[34.42708,-7.31621],[34.42741,-7.31656],[34.42786,-7.31697],[34.42825,-7.3174],[34.42847,-7.31757],[34.42872,-7.31777],[34.42872,-7.31819],[34.42859,-7.31848],[34.42851,-7.31874],[34.42851,-7.31891],[34.42853,-7.31909],[34.42856,-7.31927],[34.42874,-7.31942],[34.42913,-7.31943],[34.42943,-7.31942],[34.42984,-7.31953],[34.43009,-7.31965],[34.43025,-7.31984],[34.43056,-7.32],[34.4312,-7.32007],[34.43162,-7.32],[34.43212,-7.31996],[34.43242,-7.31994],[34.43264,-7.31991],[34.43286,-7.31992],[34.43316,-7.32007],[34.43347,-7.32011],[34.43371,-7.31991],[34.43382,-7.31946],[34.43382,-7.31918],[34.43465,-7.31814],[34.435,-7.31787],[34.43544,-7.3175],[34.4358,-7.31714],[34.43594,-7.31684],[34.43603,-7.31633],[34.43591,-7.31613],[34.4358,-7.31587],[34.43558,-7.31542],[34.43535,-7.31498],[34.43523,-7.31468],[34.43519,-7.31446],[34.43531,-7.31416],[34.43543,-7.314],[34.43567,-7.31352],[34.43588,-7.31317],[34.43611,-7.31278],[34.4361,-7.31244],[34.43608,-7.31184],[34.43616,-7.31159],[34.43626,-7.3112],[34.4361,-7.31086],[34.4358,-7.31064],[34.43557,-7.3104],[34.43556,-7.31015],[34.43553,-7.30996],[34.4357,-7.30949],[34.43584,-7.30931],[34.43601,-7.30886],[34.43602,-7.30789],[34.43593,-7.30742],[34.4359,-7.30716],[34.43578,-7.3067],[34.43582,-7.30627],[34.43596,-7.30582],[34.43614,-7.30554],[34.43638,-7.30525],[34.43687,-7.30468],[34.43698,-7.30442],[34.43702,-7.30382],[34.437,-7.30368],[34.43696,-7.30349],[34.43706,-7.30311],[34.43733,-7.30288],[34.43772,-7.30253],[34.43803,-7.30233],[34.43818,-7.30216],[34.43838,-7.30188],[34.43857,-7.30158],[34.43865,-7.30121],[34.43869,-7.30107],[34.43874,-7.30081],[34.43877,-7.30055],[34.43882,-7.30039],[34.43895,-7.30016],[34.4393,-7.3],[34.43954,-7.29995],[34.43984,-7.29985],[34.44019,-7.2997],[34.44042,-7.2996],[34.44088,-7.29943],[34.44145,-7.29944],[34.44188,-7.29941],[34.44236,-7.29921],[34.44276,-7.29908],[34.44317,-7.29904],[34.44351,-7.29899],[34.44363,-7.29883],[34.44375,-7.29868],[34.44409,-7.29862],[34.44449,-7.29845],[34.44474,-7.29822],[34.44489,-7.298],[34.4451,-7.29777],[34.44528,-7.2975],[34.44536,-7.29721],[34.4454,-7.29708],[34.44546,-7.29649],[34.44536,-7.29602],[34.44533,-7.29566],[34.44525,-7.2954],[34.44531,-7.29515],[34.44551,-7.29502],[34.44581,-7.29496],[34.44609,-7.29482],[34.44629,-7.29469],[34.44647,-7.29452],[34.44657,-7.29441],[34.44668,-7.29427],[34.44692,-7.29418],[34.44708,-7.29417],[34.44741,-7.29422],[34.44764,-7.2942],[34.44794,-7.29405],[34.44815,-7.29375],[34.44826,-7.2931],[34.44829,-7.29295],[34.44835,-7.29261],[34.44839,-7.29234],[34.44846,-7.29196],[34.44852,-7.29166],[34.4486,-7.29135],[34.44867,-7.29096],[34.44876,-7.29057],[34.44882,-7.29027],[34.44893,-7.29011],[34.44903,-7.28957],[34.44905,-7.28909],[34.44908,-7.28877],[34.44914,-7.2885],[34.44918,-7.28829],[34.44922,-7.28796],[34.44925,-7.28777],[34.44942,-7.28739],[34.44958,-7.28719],[34.44974,-7.28704],[34.44991,-7.28689],[34.45002,-7.28672],[34.45007,-7.28618],[34.45011,-7.28599],[34.45008,-7.28563],[34.45023,-7.28549],[34.4503,-7.2853],[34.45038,-7.28518],[34.45053,-7.2851],[34.45072,-7.28506],[34.45088,-7.28512],[34.45107,-7.2852],[34.45123,-7.28525],[34.45151,-7.28538],[34.45166,-7.28547],[34.4518,-7.28558],[34.45198,-7.28567],[34.4522,-7.28579],[34.45232,-7.28586],[34.45245,-7.28593],[34.45259,-7.28598],[34.45274,-7.28599],[34.45288,-7.28601],[34.45305,-7.28603],[34.45322,-7.28605],[34.45337,-7.2861],[34.45354,-7.28618],[34.45364,-7.28628],[34.45376,-7.28643],[34.4539,-7.28661],[34.45404,-7.28671],[34.45422,-7.2867],[34.45445,-7.28661],[34.45458,-7.28656],[34.45476,-7.28656],[34.4549,-7.2866],[34.45504,-7.28664],[34.45522,-7.28665],[34.45538,-7.28665],[34.45554,-7.28661],[34.45579,-7.28654],[34.45598,-7.28635],[34.45608,-7.28624],[34.45624,-7.28602],[34.45646,-7.28581],[34.45664,-7.28567],[34.45673,-7.28557],[34.45687,-7.28546],[34.45701,-7.28537],[34.45713,-7.28521],[34.45724,-7.28506],[34.45732,-7.28495],[34.45743,-7.2848],[34.45751,-7.28464],[34.45753,-7.28449],[34.45749,-7.28428],[34.45744,-7.28407],[34.45741,-7.28391],[34.4574,-7.28372],[34.45741,-7.28357],[34.45746,-7.28344],[34.45758,-7.2833],[34.4577,-7.28319],[34.45781,-7.28304],[34.45787,-7.28285],[34.45793,-7.28272],[34.45801,-7.2826],[34.4581,-7.28247],[34.45829,-7.28242],[34.45851,-7.2824],[34.45871,-7.28236],[34.45898,-7.28233],[34.4592,-7.28226],[34.4594,-7.2822],[34.4595,-7.2821],[34.4596,-7.28198],[34.45977,-7.28171],[34.4599,-7.28155],[34.46,-7.28142],[34.46012,-7.28127],[34.46026,-7.28115],[34.46041,-7.28109],[34.46056,-7.28103],[34.46071,-7.281],[34.46085,-7.28094],[34.46102,-7.2809],[34.46124,-7.28083],[34.46145,-7.28082],[34.46161,-7.2808],[34.46175,-7.28079],[34.46195,-7.28077],[34.46217,-7.28073],[34.46243,-7.28066],[34.46262,-7.28061],[34.46313,-7.28047],[34.4633,-7.28044],[34.46345,-7.28044],[34.46386,-7.28039],[34.4641,-7.28038],[34.46439,-7.28037],[34.46455,-7.28036],[34.46473,-7.28035],[34.46498,-7.28035],[34.46526,-7.28041],[34.46568,-7.28045],[34.46585,-7.28043],[34.46608,-7.28043],[34.46632,-7.28044],[34.46646,-7.28046],[34.46665,-7.28048],[34.46678,-7.2805],[34.46692,-7.28051],[34.46713,-7.28054],[34.46724,-7.28062],[34.46744,-7.28068],[34.46766,-7.28073],[34.46787,-7.28068],[34.46803,-7.28062],[34.46818,-7.28057],[34.46827,-7.28046],[34.46834,-7.28029],[34.46838,-7.28015],[34.46845,-7.27996],[34.46855,-7.27978],[34.46865,-7.27966],[34.4688,-7.27952],[34.46896,-7.27943],[34.4691,-7.27937],[34.46924,-7.2793],[34.46946,-7.27921],[34.46962,-7.27914],[34.4699,-7.27893],[34.47014,-7.2787],[34.47035,-7.27855],[34.47047,-7.27842],[34.47055,-7.27826],[34.47065,-7.27808],[34.47077,-7.27817],[34.47094,-7.27823],[34.47116,-7.27831],[34.4713,-7.27836],[34.47145,-7.2784],[34.47168,-7.27847],[34.47215,-7.2786],[34.47231,-7.27864],[34.47247,-7.27869],[34.47264,-7.27871],[34.47295,-7.27874],[34.47309,-7.27872],[34.4733,-7.27869],[34.47345,-7.27868],[34.47364,-7.27869],[34.47386,-7.2787],[34.47409,-7.27874],[34.47429,-7.27875],[34.47447,-7.27876],[34.47467,-7.2788],[34.47492,-7.27887],[34.47514,-7.27889],[34.47528,-7.27888],[34.47546,-7.27884],[34.47563,-7.27881],[34.47576,-7.27877],[34.4759,-7.27868],[34.47604,-7.27857],[34.47622,-7.27851],[34.47635,-7.27856],[34.47662,-7.27862],[34.47676,-7.27866],[34.47694,-7.27869],[34.47715,-7.27873],[34.4773,-7.27874],[34.47768,-7.27872],[34.47784,-7.27869],[34.47801,-7.27864],[34.47821,-7.27862],[34.47837,-7.27861],[34.47851,-7.27864],[34.47868,-7.27869],[34.47882,-7.27878],[34.47896,-7.27885],[34.47907,-7.27894],[34.47923,-7.279],[34.4794,-7.27906],[34.47956,-7.27911],[34.4799,-7.27904],[34.48006,-7.27897],[34.48019,-7.27892],[34.48034,-7.27887],[34.48049,-7.27886],[34.48071,-7.27886],[34.48089,-7.27884],[34.48117,-7.27881],[34.48131,-7.2788],[34.48153,-7.27878],[34.48166,-7.27873],[34.48186,-7.27869],[34.48217,-7.27862],[34.48232,-7.27857],[34.48247,-7.27851],[34.48259,-7.27842],[34.48274,-7.27829],[34.48291,-7.27812],[34.48304,-7.27788],[34.48311,-7.27776],[34.48318,-7.27759],[34.48323,-7.27743],[34.48327,-7.2773],[34.4833,-7.27711],[34.4833,-7.27694],[34.48323,-7.27663],[34.48323,-7.27645],[34.48332,-7.27619],[34.48343,-7.2761],[34.48366,-7.27593],[34.48391,-7.27578],[34.48405,-7.27567],[34.48418,-7.27556],[34.48432,-7.27542],[34.48446,-7.27527],[34.48461,-7.2751],[34.48471,-7.27496],[34.48483,-7.27482],[34.48501,-7.27453],[34.48508,-7.27441],[34.48517,-7.27426],[34.48522,-7.27412],[34.485,-7.27357],[34.4847,-7.27317],[34.48459,-7.27276],[34.48452,-7.27258],[34.4844,-7.27224],[34.48434,-7.27208],[34.48427,-7.27193],[34.48419,-7.2718],[34.48409,-7.27167],[34.48365,-7.27079],[34.48363,-7.27052],[34.48364,-7.27035],[34.48366,-7.27016],[34.48374,-7.26992],[34.4838,-7.26973],[34.48383,-7.26957],[34.48383,-7.26939],[34.48379,-7.26925],[34.48373,-7.2691],[34.48368,-7.26896],[34.48361,-7.26873],[34.48349,-7.26848],[34.48318,-7.26804],[34.48286,-7.26778],[34.4827,-7.26759],[34.48259,-7.2674],[34.48242,-7.26714],[34.4823,-7.26691],[34.48226,-7.26677],[34.48231,-7.26639],[34.48238,-7.26614],[34.48249,-7.26597],[34.4826,-7.26561],[34.48264,-7.26532],[34.48262,-7.26504],[34.48259,-7.26488],[34.48262,-7.26467],[34.48272,-7.26456],[34.48286,-7.26441],[34.48303,-7.26427],[34.48317,-7.26416],[34.48326,-7.26401],[34.48333,-7.26382],[34.48334,-7.26347],[34.4833,-7.26319],[34.48333,-7.26304],[34.48343,-7.26294],[34.48355,-7.26284],[34.48369,-7.26276],[34.48385,-7.26256],[34.48394,-7.26243],[34.48401,-7.2623],[34.48414,-7.26204],[34.48419,-7.26178],[34.48444,-7.26169],[34.48466,-7.26173],[34.4848,-7.26175],[34.48506,-7.26175],[34.48534,-7.26178],[34.48571,-7.26184],[34.48595,-7.26186],[34.48629,-7.26186],[34.48649,-7.26185],[34.48669,-7.26184],[34.48702,-7.26181],[34.48744,-7.26168],[34.48765,-7.26158],[34.48775,-7.26149],[34.48787,-7.26139],[34.48799,-7.26127],[34.48799,-7.26109],[34.48801,-7.26096],[34.48805,-7.26081],[34.48809,-7.26067],[34.48819,-7.26052],[34.48828,-7.2604],[34.4884,-7.26029],[34.48857,-7.2602],[34.4888,-7.26011],[34.48906,-7.25994],[34.48917,-7.25981],[34.4893,-7.25967],[34.48942,-7.25952],[34.48948,-7.25939],[34.48932,-7.25905],[34.48894,-7.25878],[34.48884,-7.25869],[34.48888,-7.25853],[34.489,-7.25833],[34.48908,-7.25821],[34.48912,-7.25808],[34.4891,-7.25789],[34.48898,-7.25773],[34.48878,-7.2576],[34.48867,-7.2575],[34.4887,-7.25733],[34.48878,-7.25721],[34.48883,-7.25683],[34.48873,-7.25658],[34.48871,-7.25644],[34.4888,-7.25624],[34.489,-7.25614],[34.48916,-7.25613],[34.4893,-7.25614],[34.48949,-7.25612],[34.48961,-7.25604],[34.48971,-7.25594],[34.48974,-7.25569],[34.48967,-7.25555],[34.48966,-7.25539],[34.4897,-7.25526],[34.48975,-7.2551],[34.48977,-7.25497],[34.48984,-7.25485],[34.49002,-7.25467],[34.49016,-7.25456],[34.49034,-7.25443],[34.49045,-7.25435],[34.49059,-7.25423],[34.49071,-7.25414],[34.49086,-7.25405],[34.49097,-7.25398],[34.49111,-7.25387],[34.49126,-7.25384],[34.49142,-7.25375],[34.49158,-7.25363],[34.49169,-7.25354],[34.49193,-7.25342],[34.49218,-7.25339],[34.49252,-7.25344],[34.49281,-7.25355],[34.49305,-7.25366],[34.49319,-7.25372],[34.49334,-7.2538],[34.49354,-7.2539],[34.49392,-7.25407],[34.49421,-7.25416],[34.49462,-7.25432],[34.49493,-7.25435],[34.4951,-7.25436],[34.49523,-7.2544],[34.49558,-7.25453],[34.49574,-7.25457],[34.49591,-7.25464],[34.49603,-7.25472],[34.49631,-7.25495],[34.49647,-7.25505],[34.49666,-7.25516],[34.49682,-7.25525],[34.49695,-7.25533],[34.49709,-7.25543],[34.49738,-7.25565],[34.49756,-7.25574],[34.49797,-7.25603],[34.49811,-7.2561],[34.49832,-7.25617],[34.49848,-7.25621],[34.49863,-7.25625],[34.49881,-7.25627],[34.49896,-7.25633],[34.49954,-7.25651],[34.49974,-7.25652],[34.49995,-7.25651],[34.50021,-7.25644],[34.50034,-7.25638],[34.50047,-7.2563],[34.50063,-7.25613],[34.50087,-7.2559],[34.50253,-7.25226],[34.50237,-7.25214],[34.50243,-7.25193],[34.50257,-7.25174],[34.50277,-7.25159],[34.50285,-7.25122],[34.50288,-7.25102],[34.503,-7.25074],[34.50314,-7.25053],[34.50331,-7.25024],[34.50335,-7.24991],[34.50331,-7.24966],[34.50331,-7.24942],[34.50339,-7.24919],[34.5037,-7.24876],[34.50391,-7.24845],[34.50408,-7.24816],[34.50418,-7.24796],[34.50426,-7.24783],[34.50449,-7.24767],[34.50461,-7.24748],[34.50457,-7.24729],[34.50457,-7.24715],[34.50482,-7.24679],[34.50517,-7.24637],[34.50553,-7.24592],[34.50579,-7.2457],[34.50599,-7.24562],[34.50615,-7.24549],[34.50638,-7.24535],[34.50666,-7.24504],[34.50682,-7.24454],[34.50694,-7.24399],[34.50722,-7.24347],[34.50781,-7.24296],[34.50836,-7.24255],[34.50871,-7.24214],[34.50885,-7.24156],[34.5089,-7.2409],[34.50891,-7.24024],[34.50892,-7.23985],[34.50891,-7.23954],[34.50854,-7.23914],[34.50831,-7.23901],[34.5082,-7.23872],[34.50818,-7.23841],[34.50815,-7.23817],[34.50796,-7.23795],[34.50761,-7.23773],[34.50715,-7.23724],[34.50708,-7.237],[34.50688,-7.23662],[34.50688,-7.23648],[34.50694,-7.23634],[34.50746,-7.236],[34.50787,-7.23564],[34.50822,-7.23537],[34.50839,-7.23519],[34.50875,-7.23507],[34.50904,-7.23494],[34.50923,-7.2347],[34.50909,-7.23437],[34.50895,-7.23422],[34.5091,-7.23394],[34.50938,-7.23383],[34.5097,-7.23376],[34.51007,-7.23365],[34.51039,-7.23363],[34.51091,-7.23337],[34.51152,-7.23283],[34.51194,-7.23236],[34.51218,-7.23216],[34.51239,-7.23201],[34.51296,-7.232],[34.51339,-7.23209],[34.51379,-7.23217],[34.5143,-7.23235],[34.51455,-7.23253],[34.51481,-7.23271],[34.51496,-7.2328],[34.51519,-7.23293],[34.51543,-7.23307],[34.51583,-7.23299],[34.5164,-7.2328],[34.5171,-7.23249],[34.51778,-7.23205],[34.5183,-7.23174],[34.51876,-7.23143],[34.51914,-7.23138],[34.51979,-7.2313],[34.52046,-7.23129],[34.52079,-7.23126],[34.52109,-7.23139],[34.5214,-7.23153],[34.52183,-7.23164],[34.52215,-7.23157],[34.5224,-7.23158],[34.52267,-7.23144],[34.52285,-7.23109],[34.5229,-7.23079],[34.52294,-7.23059],[34.52295,-7.23046],[34.52354,-7.23028],[34.52424,-7.22997],[34.5246,-7.22972],[34.52482,-7.22953],[34.52494,-7.22931],[34.52543,-7.22918],[34.52598,-7.22896],[34.52628,-7.22881],[34.52649,-7.22876],[34.52666,-7.22865],[34.52679,-7.22836],[34.52687,-7.22809],[34.52718,-7.2277],[34.52742,-7.22735],[34.52768,-7.22702],[34.52788,-7.22675],[34.52823,-7.22646],[34.52857,-7.22624],[34.52933,-7.22593],[34.52995,-7.22562],[34.53042,-7.22518],[34.53089,-7.22477],[34.53125,-7.22445],[34.53137,-7.22437],[34.5316,-7.22415],[34.53183,-7.22385],[34.53228,-7.22346],[34.5331,-7.22303],[34.53376,-7.22255],[34.53424,-7.22207],[34.53467,-7.22156],[34.5351,-7.22086],[34.53545,-7.22033],[34.53566,-7.2198],[34.53583,-7.2193],[34.53601,-7.21905],[34.53619,-7.2188],[34.5364,-7.21848],[34.53647,-7.218],[34.53622,-7.21744],[34.53577,-7.21693],[34.53538,-7.21634],[34.5352,-7.21561],[34.53537,-7.2149],[34.53581,-7.21422],[34.5362,-7.21348],[34.53659,-7.21294],[34.53705,-7.21243],[34.53761,-7.21209],[34.53822,-7.21191],[34.53884,-7.21198],[34.53935,-7.21213],[34.53985,-7.2123],[34.54017,-7.21248],[34.54032,-7.2126],[34.54039,-7.21282],[34.54032,-7.21311],[34.54025,-7.21341],[34.54025,-7.21371],[34.54036,-7.21398],[34.54065,-7.21419],[34.54102,-7.21423],[34.54134,-7.21421],[34.54157,-7.21418],[34.54175,-7.21453],[34.54209,-7.21491],[34.54251,-7.21529],[34.54309,-7.21558],[34.54353,-7.21584],[34.54386,-7.21602],[34.54425,-7.21623],[34.54476,-7.21614],[34.54516,-7.21593],[34.54538,-7.2157],[34.54561,-7.21536],[34.54578,-7.21509],[34.54606,-7.21489],[34.5465,-7.21499],[34.54708,-7.21524],[34.54763,-7.21544],[34.54845,-7.21542],[34.54937,-7.21525],[34.5501,-7.21516],[34.55079,-7.21517],[34.55133,-7.21514],[34.55184,-7.21509],[34.55208,-7.21508],[34.55229,-7.21507],[34.55296,-7.21505],[34.55397,-7.21478],[34.55475,-7.21436],[34.5554,-7.21389],[34.5563,-7.21343],[34.55691,-7.21337],[34.55765,-7.21325],[34.55834,-7.21323],[34.55889,-7.21325],[34.55953,-7.21297],[34.55991,-7.21266],[34.56023,-7.21242],[34.561,-7.21233],[34.56156,-7.21231],[34.56203,-7.21224],[34.56227,-7.2122],[34.56278,-7.21189],[34.56318,-7.21139],[34.56347,-7.21081],[34.56368,-7.21018],[34.56405,-7.2096],[34.56451,-7.2089],[34.56506,-7.20828],[34.56546,-7.20774],[34.56573,-7.20729],[34.56597,-7.20667],[34.56618,-7.20618],[34.56655,-7.20552],[34.56692,-7.20506],[34.56742,-7.2047],[34.56838,-7.20433],[34.56894,-7.20406],[34.56953,-7.20351],[34.56976,-7.20298],[34.5697,-7.20246],[34.56963,-7.20216],[34.56975,-7.20191],[34.56982,-7.20172],[34.56974,-7.20135],[34.56982,-7.20095],[34.56988,-7.20054],[34.56993,-7.2003],[34.57028,-7.20018],[34.57075,-7.19999],[34.57104,-7.19992],[34.57168,-7.19978],[34.5719,-7.19968],[34.57218,-7.19961],[34.57259,-7.19946],[34.57283,-7.19921],[34.5731,-7.1988],[34.57326,-7.19857],[34.57371,-7.19832],[34.57447,-7.19797],[34.57526,-7.19755],[34.57633,-7.19712],[34.57687,-7.19694],[34.57778,-7.19674],[34.57836,-7.1966],[34.57897,-7.19648],[34.5797,-7.19641],[34.58022,-7.19622],[34.58049,-7.19606],[34.58067,-7.19594],[34.58088,-7.19587],[34.58106,-7.19586],[34.5813,-7.19557],[34.58138,-7.19529],[34.58149,-7.19507],[34.58175,-7.1948],[34.58176,-7.19478],[34.58223,-7.19445],[34.58247,-7.19443],[34.58252,-7.19442],[34.58296,-7.19417],[34.58324,-7.19388],[34.58359,-7.19363],[34.58383,-7.19323],[34.58405,-7.19251],[34.58425,-7.19185],[34.58479,-7.19119],[34.58554,-7.19096],[34.58632,-7.19065],[34.58673,-7.19046],[34.58701,-7.19033],[34.58728,-7.19014],[34.58776,-7.18987],[34.58821,-7.18927],[34.5885,-7.18887],[34.58886,-7.18864],[34.58916,-7.18839],[34.58938,-7.1883],[34.58979,-7.18825],[34.59005,-7.18816],[34.59044,-7.18785],[34.59087,-7.18752],[34.59129,-7.18725],[34.59169,-7.18705],[34.59269,-7.18661],[34.59369,-7.18637],[34.59452,-7.18597],[34.59505,-7.18574],[34.59543,-7.18539],[34.59564,-7.18482],[34.5957,-7.1843],[34.59579,-7.18395],[34.59582,-7.18365],[34.59574,-7.18341],[34.5957,-7.18319],[34.59558,-7.18305],[34.59546,-7.18286],[34.59531,-7.18264],[34.59501,-7.18251],[34.59433,-7.18244],[34.5937,-7.18237],[34.59308,-7.18227],[34.59282,-7.18215],[34.59268,-7.18201],[34.59269,-7.18176],[34.59294,-7.18116],[34.59298,-7.18102],[34.59311,-7.1808],[34.59372,-7.18048],[34.59426,-7.17958],[34.59472,-7.17886],[34.59498,-7.17851],[34.59516,-7.17839],[34.5959,-7.17834],[34.59649,-7.17832],[34.5971,-7.17795],[34.59745,-7.17767],[34.59766,-7.17737],[34.59784,-7.17706],[34.59794,-7.1768],[34.59799,-7.17637],[34.5981,-7.17607],[34.5986,-7.17568],[34.59948,-7.17525],[34.60004,-7.17489],[34.60047,-7.17451],[34.60096,-7.17406],[34.6012,-7.17369],[34.60136,-7.17345],[34.60143,-7.1732],[34.60185,-7.17297],[34.60209,-7.17272],[34.60256,-7.17244],[34.60347,-7.17192],[34.60402,-7.17157],[34.60491,-7.17118],[34.60564,-7.17097],[34.60605,-7.17067],[34.60651,-7.17036],[34.60697,-7.17013],[34.60743,-7.16981],[34.60762,-7.16969],[34.608,-7.16937],[34.60835,-7.16909],[34.60878,-7.1689],[34.60902,-7.16871],[34.60925,-7.16836],[34.60947,-7.1681],[34.60984,-7.16788],[34.61033,-7.16757],[34.61078,-7.167],[34.61109,-7.16654],[34.61128,-7.16617],[34.61155,-7.16592],[34.61195,-7.16554],[34.61211,-7.16517],[34.61218,-7.16499],[34.61226,-7.16475],[34.6124,-7.16416],[34.61253,-7.16345],[34.61259,-7.16245],[34.61248,-7.16197],[34.61235,-7.1616],[34.61238,-7.16142],[34.61242,-7.16105],[34.61217,-7.16064],[34.61195,-7.16038],[34.61182,-7.16011],[34.6119,-7.15946],[34.612,-7.15821],[34.61203,-7.15673],[34.61222,-7.15531],[34.61259,-7.15466],[34.61301,-7.15394],[34.61344,-7.15318],[34.61364,-7.15282],[34.61426,-7.15204],[34.61449,-7.15133],[34.6146,-7.15066],[34.61435,-7.14981],[34.61435,-7.14904],[34.61433,-7.14826],[34.61438,-7.14786],[34.61444,-7.14741],[34.61458,-7.14723],[34.6155,-7.14719],[34.61633,-7.14745],[34.61672,-7.14773],[34.61688,-7.14812],[34.6172,-7.14864],[34.61774,-7.14913],[34.61854,-7.14933],[34.61939,-7.14927],[34.6202,-7.14911],[34.62048,-7.14893],[34.62061,-7.14839],[34.62082,-7.14776],[34.62122,-7.14708],[34.62182,-7.14646],[34.62242,-7.14582],[34.62306,-7.14507],[34.62369,-7.14432],[34.62399,-7.1438],[34.6242,-7.14342],[34.62439,-7.14322],[34.62461,-7.14314],[34.62475,-7.14316],[34.62495,-7.14325],[34.62526,-7.14292],[34.6255,-7.14238],[34.62564,-7.14171],[34.62603,-7.14092],[34.62655,-7.14013],[34.62685,-7.13967],[34.62704,-7.13921],[34.62705,-7.13836],[34.62678,-7.13743],[34.62657,-7.13657],[34.62643,-7.13603],[34.62634,-7.13507],[34.6264,-7.13381],[34.62674,-7.13311],[34.6271,-7.13273],[34.62751,-7.13256],[34.62825,-7.13235],[34.62863,-7.13212],[34.62928,-7.13172],[34.62999,-7.13102],[34.63041,-7.13056],[34.63073,-7.13031],[34.63109,-7.13034],[34.63157,-7.13063],[34.63363,-7.13172],[34.63397,-7.13181],[34.63445,-7.132],[34.63484,-7.13206],[34.63539,-7.13196],[34.63627,-7.13191],[34.63676,-7.13174],[34.63735,-7.13149],[34.63775,-7.13128],[34.63804,-7.13076],[34.63813,-7.13014],[34.63812,-7.12926],[34.63793,-7.1285],[34.63764,-7.12786],[34.63758,-7.12734],[34.63774,-7.12692],[34.63827,-7.12632],[34.63873,-7.126],[34.6389,-7.1258],[34.63944,-7.12559],[34.63976,-7.12539],[34.64006,-7.12503],[34.64051,-7.12434],[34.64093,-7.12354],[34.64157,-7.12267],[34.64197,-7.12206],[34.6425,-7.12168],[34.64311,-7.12096],[34.64362,-7.12025],[34.64424,-7.1197],[34.64444,-7.11951],[34.64467,-7.11936],[34.64496,-7.11864],[34.64538,-7.11772],[34.64574,-7.11697],[34.64587,-7.11638],[34.64611,-7.11599],[34.64673,-7.1154],[34.64766,-7.1145],[34.64825,-7.11405],[34.64881,-7.11366],[34.6494,-7.11307],[34.64985,-7.11253],[34.6501,-7.11172],[34.65017,-7.11129],[34.65029,-7.11104],[34.65046,-7.11041],[34.65072,-7.1099],[34.65097,-7.10927],[34.65132,-7.10838],[34.65165,-7.10754],[34.65182,-7.10681],[34.65223,-7.10603],[34.65291,-7.10514],[34.65357,-7.10385],[34.65408,-7.10294],[34.65491,-7.10178],[34.65563,-7.10042],[34.65639,-7.09903],[34.65709,-7.09746],[34.65762,-7.09636],[34.65825,-7.09576],[34.65861,-7.09542],[34.65869,-7.09521],[34.65877,-7.09505],[34.65875,-7.09481],[34.65876,-7.09457],[34.65882,-7.09386],[34.65884,-7.09342],[34.65933,-7.09261],[34.65987,-7.09198],[34.66022,-7.09129],[34.66075,-7.09057],[34.661,-7.09009],[34.6611,-7.08979],[34.66134,-7.08963],[34.6615,-7.08952],[34.6616,-7.08939],[34.66168,-7.08916],[34.66198,-7.08893],[34.66184,-7.08842],[34.66189,-7.08776],[34.66192,-7.08701],[34.66128,-7.08642],[34.66071,-7.08607],[34.65992,-7.08541],[34.65937,-7.08472],[34.65915,-7.08348],[34.65951,-7.08239],[34.65994,-7.08149],[34.66025,-7.08099],[34.66057,-7.08086],[34.66106,-7.08099],[34.66151,-7.08111],[34.66195,-7.08127],[34.66233,-7.08144],[34.6625,-7.08149],[34.66264,-7.08125],[34.66279,-7.08108],[34.66359,-7.08048],[34.66416,-7.08013],[34.66475,-7.07979],[34.6653,-7.07927],[34.6658,-7.07864],[34.66632,-7.07812],[34.6669,-7.07786],[34.66721,-7.07778],[34.66736,-7.07774],[34.66789,-7.0775],[34.66842,-7.07705],[34.66846,-7.07646],[34.66863,-7.07554],[34.6687,-7.07479],[34.66875,-7.07425],[34.66896,-7.07382],[34.66908,-7.07363],[34.66933,-7.07346],[34.66935,-7.07333],[34.66935,-7.07319],[34.6696,-7.07309],[34.6703,-7.07284],[34.67089,-7.07234],[34.67129,-7.07205],[34.67159,-7.07175],[34.67174,-7.0715],[34.67195,-7.07128],[34.67216,-7.07119],[34.67239,-7.07103],[34.67236,-7.07083],[34.67234,-7.07065],[34.6722,-7.07052],[34.67222,-7.07012],[34.6724,-7.06963],[34.67251,-7.06923],[34.67275,-7.06864],[34.67289,-7.06822],[34.67303,-7.06784],[34.67328,-7.06759],[34.67358,-7.06723],[34.67378,-7.067],[34.67396,-7.06694],[34.67405,-7.06723],[34.67426,-7.06695],[34.67425,-7.06591],[34.6743,-7.06502],[34.67451,-7.06371],[34.67487,-7.06312],[34.67526,-7.06244],[34.67552,-7.06171],[34.67607,-7.06098],[34.67625,-7.06065],[34.67632,-7.06039],[34.67609,-7.06025],[34.67601,-7.06008],[34.67576,-7.05964],[34.6756,-7.05944],[34.67555,-7.05902],[34.67552,-7.0584],[34.67538,-7.05787],[34.67531,-7.05759],[34.67546,-7.05734],[34.67572,-7.05714],[34.67586,-7.05686],[34.67607,-7.05679],[34.67657,-7.05664],[34.67773,-7.05745],[34.67812,-7.0574],[34.67832,-7.0574],[34.67847,-7.05741],[34.67863,-7.05738],[34.67886,-7.0574],[34.67931,-7.05715],[34.67973,-7.05684],[34.67992,-7.05665],[34.68012,-7.05639],[34.68042,-7.05611],[34.6806,-7.05596],[34.68079,-7.05579],[34.68098,-7.05566],[34.68137,-7.05555],[34.68169,-7.05555],[34.68211,-7.05539],[34.68244,-7.0551],[34.68264,-7.05491],[34.68297,-7.05482],[34.68347,-7.05468],[34.6838,-7.05447],[34.68398,-7.05432],[34.68422,-7.05412],[34.68434,-7.05393],[34.68442,-7.05381],[34.68463,-7.0536],[34.68499,-7.05339],[34.68512,-7.0533],[34.68521,-7.05314],[34.68536,-7.05291],[34.6854,-7.05272],[34.68542,-7.05259],[34.68542,-7.05244],[34.68528,-7.05215],[34.68527,-7.05189],[34.68541,-7.05167],[34.68558,-7.05133],[34.68573,-7.05107],[34.6859,-7.05078],[34.68621,-7.05038],[34.68638,-7.05021],[34.6868,-7.04981],[34.68708,-7.04954],[34.68743,-7.04917],[34.68762,-7.0489],[34.68788,-7.04867],[34.688,-7.04855],[34.68826,-7.0482],[34.68836,-7.04808],[34.68845,-7.04793],[34.68853,-7.04779],[34.68863,-7.04768],[34.68878,-7.04759],[34.68889,-7.04747],[34.68935,-7.04706],[34.69006,-7.04655],[34.69049,-7.04632],[34.69104,-7.04597],[34.69151,-7.04569],[34.69195,-7.04544],[34.69233,-7.04524],[34.69245,-7.04517],[34.69282,-7.0452],[34.6934,-7.04528],[34.69368,-7.0453],[34.69398,-7.04527],[34.69432,-7.04498],[34.69453,-7.0448],[34.69485,-7.04459],[34.69519,-7.04461],[34.69539,-7.04457],[34.69556,-7.04446],[34.6957,-7.04438],[34.69607,-7.04428],[34.69629,-7.0444],[34.69648,-7.04456],[34.6966,-7.04464],[34.69675,-7.04472],[34.69709,-7.04483],[34.69732,-7.04485],[34.69757,-7.04489],[34.69785,-7.04492],[34.69802,-7.04494],[34.69817,-7.04497],[34.69854,-7.04489],[34.69886,-7.04485],[34.69907,-7.04474],[34.69926,-7.0446],[34.69937,-7.04438],[34.69943,-7.04421],[34.69946,-7.04407],[34.69951,-7.04389],[34.69982,-7.04366],[34.70004,-7.04348],[34.70043,-7.04333],[34.70063,-7.04323],[34.70085,-7.04317],[34.70102,-7.04313],[34.70138,-7.04309],[34.70163,-7.04301],[34.70192,-7.04276],[34.70206,-7.04261],[34.70217,-7.04253],[34.70237,-7.04245],[34.70263,-7.04242],[34.70287,-7.04251],[34.70307,-7.0426],[34.70336,-7.04251],[34.70365,-7.0425],[34.70376,-7.04258],[34.70408,-7.04257],[34.7044,-7.04255],[34.70453,-7.0426],[34.70469,-7.04274],[34.70482,-7.04284],[34.70499,-7.04292],[34.70546,-7.04305],[34.7058,-7.04313],[34.70612,-7.04316],[34.70641,-7.04317],[34.70672,-7.04323],[34.70695,-7.04328],[34.70764,-7.04337],[34.70801,-7.04337],[34.70834,-7.04336],[34.70855,-7.04335],[34.70874,-7.04327],[34.7089,-7.0432],[34.70906,-7.04317],[34.70923,-7.04319],[34.70946,-7.04311],[34.70962,-7.04277],[34.70984,-7.04243],[34.71007,-7.04211],[34.71024,-7.04186],[34.7105,-7.04163],[34.7109,-7.04151],[34.71142,-7.04136],[34.71197,-7.04114],[34.71259,-7.04087],[34.71314,-7.04068],[34.7138,-7.0404],[34.71446,-7.04013],[34.71514,-7.03985],[34.71559,-7.03971],[34.71612,-7.03956],[34.71681,-7.03937],[34.71711,-7.03928],[34.71743,-7.0392],[34.71762,-7.03917],[34.71782,-7.03921],[34.71827,-7.03899],[34.71865,-7.03881],[34.71918,-7.03871],[34.71961,-7.03839],[34.71984,-7.03793],[34.72002,-7.0377],[34.72033,-7.03745],[34.72052,-7.03731],[34.72086,-7.03706],[34.72135,-7.03691],[34.7216,-7.03681],[34.72183,-7.03674],[34.72213,-7.03669],[34.72246,-7.03662],[34.72268,-7.03655],[34.72292,-7.03638],[34.72307,-7.03622],[34.72314,-7.03609],[34.72327,-7.03574],[34.72338,-7.0356],[34.72357,-7.03553],[34.72374,-7.03535],[34.72387,-7.03521],[34.72404,-7.03493],[34.72421,-7.0347],[34.72431,-7.03434],[34.7244,-7.03406],[34.72445,-7.03386],[34.72448,-7.03368],[34.72447,-7.03309],[34.72429,-7.03252],[34.72413,-7.03222],[34.724,-7.03206],[34.72384,-7.03176],[34.72386,-7.03134],[34.72397,-7.03086],[34.72404,-7.03041],[34.7242,-7.02959],[34.72423,-7.02907],[34.72435,-7.02855],[34.72456,-7.02788],[34.72474,-7.02738],[34.72495,-7.02691],[34.72513,-7.02657],[34.72541,-7.02614],[34.72592,-7.02574],[34.72627,-7.02559],[34.7265,-7.02558],[34.72687,-7.02564],[34.72718,-7.0256],[34.72746,-7.02541],[34.72783,-7.02527],[34.7285,-7.02514],[34.72889,-7.02513],[34.7294,-7.02517],[34.72977,-7.02516],[34.73045,-7.02514],[34.73089,-7.02508],[34.73131,-7.02502],[34.73179,-7.02497],[34.73193,-7.02491],[34.73221,-7.02478],[34.73245,-7.02464],[34.73274,-7.02442],[34.73308,-7.02418],[34.73341,-7.02403],[34.73383,-7.02388],[34.73414,-7.02364],[34.73425,-7.02342],[34.7338,-7.02305],[34.73389,-7.02293],[34.7341,-7.02282],[34.73427,-7.02255],[34.73444,-7.02214],[34.73443,-7.02174],[34.73451,-7.02133],[34.73459,-7.02102],[34.7347,-7.02069],[34.73482,-7.02036],[34.73509,-7.01987],[34.73529,-7.01937],[34.73542,-7.01897],[34.73557,-7.01847],[34.73573,-7.01828],[34.73612,-7.01806],[34.73662,-7.01784],[34.73717,-7.01749],[34.73766,-7.01705],[34.73798,-7.01677],[34.73843,-7.01644],[34.73891,-7.01608],[34.73937,-7.01573],[34.73983,-7.01539],[34.74042,-7.01505],[34.74089,-7.01467],[34.74122,-7.01444],[34.74144,-7.01425],[34.74166,-7.01408],[34.74205,-7.01384],[34.74228,-7.01373],[34.74282,-7.01354],[34.74349,-7.01344],[34.74429,-7.01339],[34.74493,-7.0135],[34.74529,-7.01354],[34.74574,-7.01359],[34.74613,-7.01366],[34.74683,-7.01377],[34.74745,-7.01377],[34.7479,-7.01376],[34.74851,-7.01371],[34.749,-7.01369],[34.74963,-7.01356],[34.74987,-7.01345],[34.75019,-7.01328],[34.75037,-7.01318],[34.7506,-7.0131],[34.75081,-7.01317],[34.7519,-7.01129],[34.75219,-7.0113],[34.75258,-7.01114],[34.75283,-7.01103],[34.7533,-7.01085],[34.7536,-7.01071],[34.75395,-7.01058],[34.75428,-7.01049],[34.75451,-7.01043],[34.75489,-7.01027],[34.75505,-7.01022],[34.75539,-7.01011],[34.75574,-7.01005],[34.75607,-7.00993],[34.7563,-7.00984],[34.75651,-7.00972],[34.75669,-7.0095],[34.75685,-7.00928],[34.757,-7.00907],[34.75712,-7.00885],[34.75729,-7.0085],[34.75791,-7.00808],[34.76546,-7.0022],[34.76574,-7.002],[34.76582,-7.0018],[34.76594,-7.00148],[34.76618,-7.00111],[34.76646,-7.0007],[34.7666,-7.00027],[34.76669,-6.99986],[34.76685,-6.99956],[34.76734,-6.99915],[34.76801,-6.99879],[34.76829,-6.9986],[34.76888,-6.99819],[34.76972,-6.99784],[34.77031,-6.99774],[34.77079,-6.9975],[34.77117,-6.99723],[34.77131,-6.99709],[34.77179,-6.99679],[34.77215,-6.99663],[34.77258,-6.99615],[34.77283,-6.99578],[34.77304,-6.99545],[34.77319,-6.99519],[34.77331,-6.99495],[34.77339,-6.99474],[34.77349,-6.9945],[34.77375,-6.9942],[34.77402,-6.99413],[34.77419,-6.99396],[34.77461,-6.99362],[34.77495,-6.99321],[34.77512,-6.99291],[34.77518,-6.99248],[34.7751,-6.99221],[34.77506,-6.9919],[34.77513,-6.99174],[34.77542,-6.99143],[34.77562,-6.99115],[34.77584,-6.99085],[34.77602,-6.99052],[34.77608,-6.99025],[34.77623,-6.99001],[34.77649,-6.9898],[34.77681,-6.98954],[34.77703,-6.98936],[34.77715,-6.98926],[34.77761,-6.98888],[34.77794,-6.98862],[34.77811,-6.98808],[34.77824,-6.98763],[34.77841,-6.98718],[34.77854,-6.98688],[34.7787,-6.98658],[34.77878,-6.98638],[34.77878,-6.98625],[34.77867,-6.98595],[34.77866,-6.98569],[34.7786,-6.98532],[34.77859,-6.98498],[34.77855,-6.98473],[34.77854,-6.98452],[34.77857,-6.98429],[34.77862,-6.98413],[34.7788,-6.98389],[34.77919,-6.98343],[34.77945,-6.98317],[34.77961,-6.98295],[34.77979,-6.98268],[34.77992,-6.98251],[34.78002,-6.9823],[34.78014,-6.98216],[34.78046,-6.98201],[34.78069,-6.9819],[34.78092,-6.98182],[34.78116,-6.98171],[34.78142,-6.98156],[34.78165,-6.98148],[34.78179,-6.98141],[34.78249,-6.98112],[34.7829,-6.98081],[34.78328,-6.98053],[34.78376,-6.98037],[34.78398,-6.98021],[34.78451,-6.97983],[34.7851,-6.97946],[34.78542,-6.97907],[34.78581,-6.97864],[34.78608,-6.97837],[34.78631,-6.97814],[34.78668,-6.97789],[34.78734,-6.97788],[34.7879,-6.97776],[34.78825,-6.97766],[34.78857,-6.97756],[34.78899,-6.97741],[34.78943,-6.97729],[34.78983,-6.97718],[34.7903,-6.97711],[34.79085,-6.97698],[34.79141,-6.97679],[34.79167,-6.97672],[34.79248,-6.97633],[34.79283,-6.97613],[34.79328,-6.97584],[34.7939,-6.97558],[34.79442,-6.97516],[34.79489,-6.97478],[34.79509,-6.97461],[34.79565,-6.97416],[34.79584,-6.974],[34.79602,-6.97388],[34.7963,-6.97365],[34.79669,-6.97352],[34.79717,-6.9734],[34.79746,-6.97335],[34.79778,-6.97319],[34.79813,-6.97289],[34.79852,-6.97248],[34.79894,-6.97213],[34.79956,-6.9717],[34.79995,-6.97144],[34.80057,-6.97099],[34.80092,-6.97074],[34.80128,-6.97044],[34.80164,-6.97008],[34.80201,-6.96975],[34.80241,-6.96934],[34.80289,-6.96885],[34.80306,-6.96862],[34.8033,-6.96827],[34.80339,-6.96794],[34.80386,-6.96742],[34.80385,-6.96691],[34.8038,-6.96668],[34.80386,-6.9663],[34.80394,-6.96594],[34.80401,-6.96558],[34.80406,-6.96534],[34.80423,-6.96496],[34.80455,-6.96479],[34.80494,-6.96466],[34.80544,-6.96442],[34.80581,-6.96414],[34.80618,-6.96389],[34.8064,-6.96385],[34.80678,-6.96377],[34.8071,-6.96362],[34.80743,-6.96339],[34.80767,-6.96323],[34.80809,-6.96297],[34.80855,-6.96268],[34.80883,-6.96252],[34.80909,-6.96243],[34.80949,-6.96236],[34.81008,-6.96236],[34.81071,-6.96229],[34.81121,-6.96234],[34.81137,-6.96238],[34.81153,-6.96242],[34.81174,-6.96244],[34.812,-6.96243],[34.81243,-6.96231],[34.8131,-6.96235],[34.81346,-6.96244],[34.81381,-6.9626],[34.81464,-6.96287],[34.81493,-6.963],[34.81528,-6.96306],[34.81566,-6.96312],[34.81597,-6.96316],[34.81637,-6.96301],[34.81658,-6.9629],[34.81705,-6.96273],[34.81749,-6.96273],[34.81768,-6.96277],[34.81784,-6.96281],[34.818,-6.96292],[34.81817,-6.96309],[34.81862,-6.96322],[34.81899,-6.9633],[34.81955,-6.96324],[34.81999,-6.96314],[34.82023,-6.96303],[34.82065,-6.96282],[34.82108,-6.96254],[34.82125,-6.96241],[34.82146,-6.96223],[34.82179,-6.962],[34.822,-6.96183],[34.82235,-6.96156],[34.82251,-6.96146],[34.82273,-6.96134],[34.82308,-6.96106],[34.82351,-6.96066],[34.82388,-6.96038],[34.82423,-6.96012],[34.82475,-6.95972],[34.8252,-6.95934],[34.82551,-6.95908],[34.82589,-6.95873],[34.82619,-6.95846],[34.8265,-6.95816],[34.82671,-6.95794],[34.82711,-6.95753],[34.82728,-6.95731],[34.8276,-6.95696],[34.82786,-6.9567],[34.82805,-6.95649],[34.82818,-6.95629],[34.8284,-6.95594],[34.82887,-6.9555],[34.82913,-6.95497],[34.82962,-6.95392],[34.82985,-6.95349],[34.83015,-6.95286],[34.83043,-6.95224],[34.8306,-6.95191],[34.83082,-6.95149],[34.8312,-6.95107],[34.8316,-6.95078],[34.83227,-6.95043],[34.83272,-6.95011],[34.83364,-6.94956],[34.83396,-6.94941],[34.83436,-6.94921],[34.83467,-6.94908],[34.83507,-6.94889],[34.83523,-6.94876],[34.8354,-6.94863],[34.83557,-6.94842],[34.83573,-6.94821],[34.83588,-6.94759],[34.83608,-6.9474],[34.83637,-6.94723],[34.83662,-6.94699],[34.83675,-6.9467],[34.83686,-6.94637],[34.83705,-6.94615],[34.83723,-6.94584],[34.83753,-6.94567],[34.83797,-6.94541],[34.83823,-6.94526],[34.83878,-6.94493],[34.83913,-6.94456],[34.83942,-6.94413],[34.83965,-6.9439],[34.83996,-6.94364],[34.84025,-6.94342],[34.84039,-6.94331],[34.84074,-6.94303],[34.84127,-6.94266],[34.84169,-6.9424],[34.84209,-6.94218],[34.84247,-6.94199],[34.84274,-6.94194],[34.84304,-6.94195],[34.84328,-6.94203],[34.8435,-6.94214],[34.84376,-6.94235],[34.84414,-6.94262],[34.84441,-6.94274],[34.84486,-6.94277],[34.845,-6.94286],[34.84519,-6.9429],[34.84572,-6.94283],[34.84634,-6.94266],[34.84693,-6.94255],[34.84735,-6.9424],[34.84774,-6.94227],[34.84818,-6.94215],[34.84858,-6.94205],[34.84882,-6.94192],[34.84911,-6.94177],[34.84941,-6.94165],[34.84982,-6.94153],[34.8504,-6.94141],[34.851,-6.94123],[34.85162,-6.94109],[34.85212,-6.94105],[34.85239,-6.94088],[34.85734,-6.93951],[34.85845,-6.93883],[34.85852,-6.93871],[34.85871,-6.93837],[34.85883,-6.93815],[34.85914,-6.93762],[34.85936,-6.93734],[34.86031,-6.93639],[34.86061,-6.93592],[34.86102,-6.93527],[34.86139,-6.9346],[34.86164,-6.93426],[34.86192,-6.93384],[34.86217,-6.93338],[34.86242,-6.93264],[34.86256,-6.93239],[34.86266,-6.93196],[34.86269,-6.9318],[34.86278,-6.93142],[34.86282,-6.9312],[34.86285,-6.93103],[34.863,-6.9308],[34.863,-6.93058],[34.86324,-6.93005],[34.86338,-6.92969],[34.86349,-6.92948],[34.86367,-6.92919],[34.86395,-6.92886],[34.86429,-6.9286],[34.86478,-6.92824],[34.86527,-6.92785],[34.86573,-6.92755],[34.86632,-6.92731],[34.86663,-6.92727],[34.86699,-6.92726],[34.86724,-6.9273],[34.86747,-6.92729],[34.86787,-6.92719],[34.86818,-6.92717],[34.86848,-6.92715],[34.86895,-6.927],[34.86939,-6.92673],[34.87,-6.92627],[34.87028,-6.92597],[34.87065,-6.92593],[34.87127,-6.92595],[34.8718,-6.92584],[34.87215,-6.92572],[34.87251,-6.92539],[34.87267,-6.92502],[34.87285,-6.92462],[34.87297,-6.92439],[34.87327,-6.92386],[34.87351,-6.9234],[34.87358,-6.92309],[34.87365,-6.92271],[34.87378,-6.92226],[34.87382,-6.922],[34.87405,-6.92169],[34.87455,-6.92118],[34.87491,-6.92093],[34.87526,-6.92073],[34.87596,-6.92056],[34.87635,-6.92061],[34.8767,-6.92074],[34.8772,-6.92102],[34.87758,-6.9213],[34.87796,-6.92158],[34.87831,-6.92173],[34.87872,-6.92189],[34.87909,-6.92193],[34.87939,-6.9219],[34.87983,-6.92192],[34.88012,-6.92191],[34.88044,-6.922],[34.88078,-6.9219],[34.88118,-6.92195],[34.88152,-6.92199],[34.88183,-6.92201],[34.88223,-6.92196],[34.88287,-6.92183],[34.88313,-6.92171],[34.88353,-6.92154],[34.88387,-6.92138],[34.88423,-6.92123],[34.88469,-6.92103],[34.88511,-6.92084],[34.8856,-6.92063],[34.8869,-6.92005],[34.88765,-6.92007],[34.88803,-6.92011],[34.88846,-6.9201],[34.88887,-6.92009],[34.88917,-6.92012],[34.88954,-6.92016],[34.88997,-6.92028],[34.8902,-6.92019],[34.89045,-6.9201],[34.89061,-6.92006],[34.89089,-6.91986],[34.8911,-6.91983],[34.89133,-6.91979],[34.89178,-6.91974],[34.89217,-6.91972],[34.89233,-6.91968],[34.89256,-6.91963],[34.89293,-6.91954],[34.89323,-6.91944],[34.89363,-6.91929],[34.89385,-6.91925],[34.89418,-6.91909],[34.89442,-6.91892],[34.89458,-6.91875],[34.89489,-6.91834],[34.89496,-6.91815],[34.89502,-6.91793],[34.89509,-6.9178],[34.89525,-6.91757],[34.89549,-6.91737],[34.89632,-6.91708],[34.89689,-6.91672],[34.89715,-6.9165],[34.89755,-6.91613],[34.89779,-6.9158],[34.89802,-6.91548],[34.89817,-6.91517],[34.89846,-6.91493],[34.89853,-6.91456],[34.89863,-6.91437],[34.89876,-6.91415],[34.89897,-6.91394],[34.89929,-6.91374],[34.89951,-6.91369],[34.9001,-6.91358],[34.90081,-6.91347],[34.90116,-6.9134],[34.90135,-6.91315],[34.90174,-6.91286],[34.90204,-6.9127],[34.90229,-6.91252],[34.90258,-6.9123],[34.9027,-6.91216],[34.90294,-6.91179],[34.90312,-6.91149],[34.90334,-6.91104],[34.90334,-6.91067],[34.90392,-6.91029],[34.90422,-6.91029],[34.90449,-6.91022],[34.90484,-6.91018],[34.90518,-6.91011],[34.90539,-6.90986],[34.90562,-6.90972],[34.90596,-6.90963],[34.90626,-6.90956],[34.90654,-6.90943],[34.90677,-6.90926],[34.90705,-6.90913],[34.9073,-6.90901],[34.90765,-6.90881],[34.90797,-6.90857],[34.90812,-6.90845],[34.90828,-6.90831],[34.90845,-6.90812],[34.90869,-6.90789],[34.90885,-6.90772],[34.90902,-6.90757],[34.90918,-6.90743],[34.90936,-6.90729],[34.90953,-6.90713],[34.90963,-6.90701],[34.90983,-6.90683],[34.91005,-6.90659],[34.91026,-6.90642],[34.91047,-6.90623],[34.91062,-6.90615],[34.91092,-6.90599],[34.91106,-6.90585],[34.91123,-6.90572],[34.91147,-6.90556],[34.91183,-6.90533],[34.91203,-6.90512],[34.9122,-6.90408],[34.91241,-6.90387],[34.91255,-6.90359],[34.91253,-6.90325],[34.91256,-6.90269],[34.91259,-6.90221],[34.91266,-6.90193],[34.91263,-6.9015],[34.9127,-6.9012],[34.9127,-6.90104],[34.91272,-6.90084],[34.91267,-6.9007],[34.91261,-6.90031],[34.91265,-6.90007],[34.9125,-6.90007],[34.91245,-6.89965],[34.91252,-6.89924],[34.91259,-6.899],[34.91277,-6.89864],[34.91295,-6.8984],[34.91314,-6.89818],[34.91333,-6.89785],[34.91348,-6.89751],[34.91356,-6.89726],[34.91372,-6.89693],[34.91389,-6.8966],[34.91401,-6.89637],[34.91411,-6.8961],[34.91419,-6.89588],[34.91428,-6.8956],[34.91437,-6.89543],[34.91447,-6.89524],[34.91449,-6.89504],[34.91449,-6.89478],[34.9146,-6.89451],[34.91467,-6.89426],[35.08026,-7.08092],[35.45176,-7.27867],[35.40997,-7.31202],[35.40935,-7.31218],[35.40889,-7.31227],[35.4085,-7.31235],[35.40821,-7.31247],[35.40763,-7.31271],[35.40719,-7.31304],[35.40683,-7.31344],[35.40634,-7.31387],[35.40608,-7.31416],[35.40577,-7.31451],[35.40542,-7.3152],[35.40519,-7.31573],[35.40487,-7.31617],[35.40473,-7.3163],[35.40466,-7.31663],[35.40443,-7.31719],[35.40426,-7.31782],[35.40437,-7.31815],[35.40442,-7.31881],[35.40482,-7.31929],[35.40517,-7.31959],[35.40558,-7.31982],[35.40584,-7.31986],[35.40643,-7.3203],[35.40646,-7.32061],[35.40645,-7.32104],[35.40636,-7.3214],[35.40592,-7.3219],[35.4055,-7.32223],[35.40485,-7.32249],[35.40428,-7.32265],[35.40392,-7.32288],[35.40342,-7.32295],[35.40286,-7.32289],[35.40219,-7.32276],[35.40185,-7.32274],[35.40171,-7.32279],[35.40135,-7.32283],[35.40116,-7.32288],[35.40081,-7.32292],[35.40015,-7.32298],[35.3997,-7.32311],[35.3992,-7.32327],[35.39904,-7.32323],[35.39824,-7.32395],[35.39769,-7.32441],[35.3974,-7.32459],[35.39695,-7.32467],[35.39623,-7.32462],[35.39549,-7.32453],[35.39491,-7.3246],[35.39463,-7.32488],[35.39444,-7.3251],[35.3942,-7.32552],[35.39415,-7.32583],[35.39407,-7.32628],[35.39404,-7.32692],[35.39398,-7.3274],[35.39394,-7.32787],[35.39385,-7.32811],[35.39347,-7.32848],[35.39315,-7.3287],[35.39272,-7.32891],[35.39228,-7.32917],[35.3918,-7.32936],[35.39118,-7.32962],[35.39086,-7.32975],[35.39064,-7.32989],[35.39047,-7.33],[35.39008,-7.33002],[35.38985,-7.32983],[35.38956,-7.32969],[35.38921,-7.3295],[35.38888,-7.32926],[35.38863,-7.32901],[35.38852,-7.32888],[35.38839,-7.32871],[35.38812,-7.32837],[35.38793,-7.32817],[35.38769,-7.32786],[35.38752,-7.32754],[35.38729,-7.32719],[35.38701,-7.32684],[35.38657,-7.32657],[35.38619,-7.32648],[35.38571,-7.32635],[35.38545,-7.32634],[35.38509,-7.32635],[35.3846,-7.32639],[35.38421,-7.32637],[35.38376,-7.32624],[35.38339,-7.32608],[35.38306,-7.32598],[35.38263,-7.32579],[35.38239,-7.32567],[35.38189,-7.32556],[35.38156,-7.32562],[35.38104,-7.32587],[35.38075,-7.32622],[35.38048,-7.32662],[35.38042,-7.3269],[35.38054,-7.32737],[35.38071,-7.32784],[35.38083,-7.3281],[35.3807,-7.32907],[35.38049,-7.32939],[35.38012,-7.32989],[35.37994,-7.32991],[35.37956,-7.33024],[35.37925,-7.3306],[35.37901,-7.33098],[35.37904,-7.33137],[35.37913,-7.33173],[35.37916,-7.33212],[35.37929,-7.33249],[35.37917,-7.33289],[35.37898,-7.33304],[35.37853,-7.33307],[35.37787,-7.33302],[35.37755,-7.33298],[35.37703,-7.33302],[35.37661,-7.33328],[35.3764,-7.33347],[35.37614,-7.33381],[35.37606,-7.33418],[35.37609,-7.33435],[35.37611,-7.33459],[35.37598,-7.33507],[35.37577,-7.33539],[35.37547,-7.33569],[35.37512,-7.3361],[35.37475,-7.33631],[35.37454,-7.3364],[35.37409,-7.33645],[35.37377,-7.33657],[35.37358,-7.33675],[35.37347,-7.33693],[35.3734,-7.33709],[35.37324,-7.3375],[35.3732,-7.33785],[35.3732,-7.33816],[35.37318,-7.33856],[35.37318,-7.3389],[35.37309,-7.33911],[35.37312,-7.33929],[35.37318,-7.33948],[35.37319,-7.33978],[35.37323,-7.3403],[35.37311,-7.34066],[35.373,-7.34084],[35.37272,-7.34122],[35.37208,-7.34188],[35.37173,-7.34245],[35.37149,-7.343],[35.37128,-7.34348],[35.37108,-7.34405],[35.37069,-7.34467],[35.37024,-7.3453],[35.36965,-7.34576],[35.36945,-7.34576],[35.36901,-7.34571],[35.36871,-7.34557],[35.36827,-7.34562],[35.36793,-7.34577],[35.36721,-7.34603],[35.36638,-7.34613],[35.36585,-7.34608],[35.36551,-7.3459],[35.36532,-7.34577],[35.3651,-7.34553],[35.36494,-7.34532],[35.36464,-7.34503],[35.36423,-7.34473],[35.36402,-7.34454],[35.36376,-7.3444],[35.36338,-7.34423],[35.36303,-7.34419],[35.36212,-7.34397],[35.36153,-7.34409],[35.36105,-7.34417],[35.36065,-7.34416],[35.36006,-7.34415],[35.35946,-7.34417],[35.35895,-7.34429],[35.35838,-7.3446],[35.35789,-7.34472],[35.35745,-7.34479],[35.35683,-7.34494],[35.35635,-7.34512],[35.35592,-7.3454],[35.3554,-7.34602],[35.35475,-7.34659],[35.35437,-7.3468],[35.35388,-7.34701],[35.35344,-7.34725],[35.35308,-7.34768],[35.35278,-7.34821],[35.35261,-7.34861],[35.35257,-7.34878],[35.35247,-7.3491],[35.35221,-7.34961],[35.35213,-7.3498],[35.35175,-7.35031],[35.35141,-7.35066],[35.35055,-7.3514],[35.35009,-7.35169],[35.34969,-7.352],[35.34931,-7.35238],[35.34906,-7.35271],[35.34897,-7.35285],[35.34882,-7.35308],[35.34868,-7.35353],[35.34862,-7.35402],[35.34862,-7.35434],[35.34869,-7.35461],[35.34885,-7.355],[35.34909,-7.35532],[35.34935,-7.35573],[35.34958,-7.35609],[35.34985,-7.35617],[35.34977,-7.35651],[35.3496,-7.35695],[35.34933,-7.35749],[35.34895,-7.3579],[35.34859,-7.35802],[35.34808,-7.35805],[35.34783,-7.35802],[35.34747,-7.35819],[35.34714,-7.35837],[35.34682,-7.35859],[35.34652,-7.35876],[35.34617,-7.35899],[35.346,-7.35925],[35.34573,-7.35963],[35.34541,-7.35988],[35.34516,-7.36023],[35.34493,-7.36055],[35.34456,-7.36116],[35.34432,-7.36155],[35.34395,-7.36196],[35.34355,-7.36216],[35.34316,-7.36229],[35.34221,-7.36245],[35.34165,-7.36243],[35.34117,-7.36233],[35.34085,-7.36236],[35.34045,-7.3623],[35.34021,-7.36224],[35.33986,-7.36206],[35.33964,-7.36188],[35.33942,-7.36174],[35.33903,-7.36156],[35.33869,-7.36146],[35.33836,-7.36142],[35.33794,-7.36146],[35.33759,-7.36158],[35.33712,-7.36176],[35.33625,-7.36198],[35.33602,-7.36213],[35.33552,-7.36218],[35.3351,-7.36212],[35.33472,-7.36207],[35.33438,-7.36214],[35.33393,-7.36227],[35.33356,-7.36243],[35.33322,-7.36252],[35.33286,-7.36268],[35.33263,-7.3628],[35.33241,-7.36302],[35.33228,-7.36335],[35.33222,-7.36361],[35.33203,-7.36403],[35.33194,-7.36435],[35.33188,-7.3647],[35.33182,-7.36503],[35.33191,-7.36544],[35.33196,-7.36582],[35.33206,-7.36613],[35.33213,-7.36663],[35.33224,-7.36684],[35.3323,-7.36701],[35.33251,-7.36736],[35.33285,-7.36783],[35.33308,-7.36832],[35.33334,-7.36868],[35.33345,-7.36897],[35.33369,-7.36927],[35.33396,-7.36967],[35.33428,-7.37026],[35.33435,-7.37071],[35.33436,-7.37095],[35.33443,-7.3714],[35.33453,-7.37182],[35.33458,-7.37208],[35.33462,-7.37273],[35.33471,-7.37315],[35.33475,-7.37355],[35.33459,-7.37418],[35.33434,-7.37472],[35.33406,-7.37525],[35.33376,-7.3758],[35.33324,-7.37649],[35.33288,-7.37687],[35.33193,-7.37749],[35.33118,-7.37761],[35.33048,-7.37777],[35.32984,-7.37785],[35.32946,-7.37793],[35.32883,-7.37796],[35.32867,-7.37795],[35.32821,-7.37792],[35.32745,-7.37797],[35.32699,-7.37804],[35.32638,-7.37817],[35.32571,-7.37844],[35.32478,-7.37863],[35.32404,-7.37884],[35.32361,-7.37898],[35.32331,-7.37922],[35.32309,-7.37948],[35.32298,-7.37982],[35.32289,-7.38005],[35.32284,-7.38048],[35.32277,-7.38069],[35.32277,-7.38105],[35.32251,-7.3812],[35.32225,-7.38097],[35.32208,-7.38084],[35.32183,-7.38064],[35.32155,-7.38054],[35.32114,-7.38061],[35.32071,-7.38101],[35.32038,-7.3814],[35.31996,-7.3818],[35.31946,-7.38238],[35.31916,-7.38269],[35.31876,-7.38306],[35.31808,-7.38346],[35.31766,-7.38371],[35.31729,-7.38408],[35.31712,-7.38432],[35.31682,-7.3846],[35.31638,-7.38475],[35.31608,-7.38502],[35.31569,-7.38532],[35.31534,-7.38552],[35.31494,-7.38575],[35.31462,-7.38597],[35.31419,-7.38638],[35.31381,-7.38668],[35.31348,-7.38697],[35.31306,-7.38735],[35.3128,-7.38758],[35.31257,-7.38775],[35.31213,-7.38804],[35.31173,-7.38855],[35.31175,-7.38871],[35.31142,-7.38914],[35.31134,-7.38944],[35.31131,-7.3898],[35.31133,-7.39016],[35.31127,-7.39047],[35.3112,-7.39103],[35.31105,-7.39148],[35.31078,-7.39196],[35.31043,-7.39232],[35.31019,-7.39268],[35.31002,-7.39316],[35.30985,-7.39363],[35.30974,-7.39388],[35.30958,-7.39429],[35.30939,-7.39478],[35.30921,-7.3953],[35.30908,-7.3957],[35.30874,-7.39612],[35.30838,-7.39633],[35.30814,-7.39641],[35.30774,-7.39646],[35.30744,-7.39666],[35.30704,-7.39713],[35.30687,-7.39736],[35.30662,-7.39771],[35.30646,-7.39794],[35.30623,-7.39834],[35.30611,-7.39853],[35.30599,-7.39894],[35.30597,-7.39938],[35.30598,-7.39976],[35.30603,-7.40035],[35.30605,-7.40087],[35.30598,-7.40165],[35.30571,-7.40197],[35.30553,-7.40225],[35.30532,-7.40261],[35.30515,-7.40291],[35.30501,-7.40314],[35.3046,-7.40349],[35.30425,-7.40371],[35.30352,-7.40415],[35.30279,-7.40446],[35.30204,-7.40455],[35.30169,-7.40447],[35.3015,-7.4045],[35.30129,-7.40451],[35.30084,-7.40453],[35.30048,-7.40443],[35.29989,-7.40427],[35.29953,-7.40425],[35.29911,-7.40425],[35.29859,-7.40431],[35.29781,-7.40445],[35.29741,-7.40469],[35.29703,-7.40495],[35.2965,-7.40528],[35.2961,-7.40557],[35.29584,-7.40579],[35.29584,-7.40594],[35.29572,-7.40624],[35.29554,-7.40673],[35.29539,-7.40702],[35.29528,-7.40736],[35.2951,-7.40786],[35.29499,-7.40844],[35.29474,-7.40904],[35.29453,-7.40945],[35.29428,-7.41004],[35.29415,-7.41067],[35.29412,-7.41129],[35.2942,-7.41198],[35.29423,-7.41247],[35.29432,-7.41319],[35.29446,-7.41371],[35.29471,-7.41418],[35.29506,-7.41468],[35.29524,-7.41504],[35.29476,-7.41565],[35.29436,-7.41611],[35.29393,-7.41653],[35.29326,-7.41676],[35.29272,-7.41669],[35.29224,-7.41655],[35.29163,-7.41635],[35.29133,-7.41604],[35.29096,-7.41584],[35.29039,-7.41564],[35.28988,-7.41595],[35.2895,-7.41654],[35.28929,-7.41749],[35.28912,-7.4184],[35.28897,-7.41911],[35.28888,-7.41989],[35.28874,-7.42038],[35.28861,-7.42108],[35.28838,-7.42145],[35.2882,-7.42207],[35.28799,-7.42271],[35.28789,-7.42342],[35.28792,-7.4239],[35.28798,-7.42449],[35.28798,-7.42464],[35.28822,-7.42505],[35.28845,-7.42541],[35.28883,-7.42609],[35.28897,-7.42689],[35.28919,-7.42786],[35.28927,-7.42838],[35.28947,-7.4289],[35.28942,-7.42914],[35.28937,-7.42928],[35.28924,-7.42972],[35.2891,-7.4301],[35.28889,-7.43068],[35.2887,-7.43124],[35.28852,-7.43169],[35.28846,-7.43211],[35.28837,-7.43241],[35.28824,-7.43272],[35.28817,-7.4331],[35.28806,-7.43367],[35.28786,-7.43431],[35.28756,-7.43468],[35.28748,-7.43485],[35.28737,-7.43499],[35.28749,-7.43527],[35.28757,-7.43543],[35.28776,-7.43593],[35.28777,-7.43642],[35.28755,-7.43699],[35.28743,-7.43745],[35.28744,-7.43795],[35.28719,-7.43875],[35.287,-7.43915],[35.28684,-7.43975],[35.28665,-7.4403],[35.28648,-7.44052],[35.28621,-7.44077],[35.2858,-7.44123],[35.28545,-7.44193],[35.28517,-7.44231],[35.28499,-7.44239],[35.28503,-7.44264],[35.28503,-7.44277],[35.28502,-7.44302],[35.285,-7.44325],[35.28489,-7.44358],[35.28468,-7.44394],[35.28418,-7.44454],[35.28399,-7.44487],[35.28331,-7.44572],[35.2828,-7.4463],[35.28224,-7.44698],[35.28174,-7.44765],[35.28144,-7.44815],[35.28092,-7.44881],[35.28047,-7.44933],[35.2803,-7.4495],[35.28001,-7.44979],[35.27963,-7.44995],[35.27937,-7.44993],[35.27893,-7.44995],[35.27864,-7.44981],[35.27851,-7.44975],[35.27835,-7.44967],[35.27818,-7.44954],[35.278,-7.44934],[35.27785,-7.44909],[35.27764,-7.44894],[35.27732,-7.44887],[35.277,-7.44886],[35.2768,-7.44882],[35.2765,-7.44889],[35.27614,-7.44892],[35.27583,-7.44906],[35.27565,-7.44916],[35.27548,-7.44925],[35.27489,-7.44958],[35.2745,-7.44987],[35.27418,-7.45012],[35.274,-7.45032],[35.27369,-7.45065],[35.27333,-7.45097],[35.27301,-7.45128],[35.27269,-7.45158],[35.27228,-7.45186],[35.27188,-7.45197],[35.27157,-7.45195],[35.27126,-7.45186],[35.27095,-7.45181],[35.2705,-7.45202],[35.27027,-7.45209],[35.27012,-7.45224],[35.26997,-7.45235],[35.26986,-7.45247],[35.26954,-7.45272],[35.26931,-7.4529],[35.26907,-7.45311],[35.26868,-7.45344],[35.26837,-7.4536],[35.26811,-7.45373],[35.2678,-7.45391],[35.26743,-7.45414],[35.26709,-7.45414],[35.26682,-7.45412],[35.2665,-7.45419],[35.26635,-7.4543],[35.26616,-7.45439],[35.26599,-7.45454],[35.26588,-7.45467],[35.26566,-7.4549],[35.26544,-7.45508],[35.26518,-7.4554],[35.26494,-7.45568],[35.26469,-7.456],[35.26441,-7.45629],[35.26408,-7.45664],[35.26366,-7.45692],[35.26338,-7.45696],[35.26308,-7.45695],[35.26293,-7.4569],[35.26278,-7.45686],[35.26256,-7.45691],[35.26244,-7.4568],[35.26195,-7.45632],[35.26166,-7.45622],[35.26137,-7.45605],[35.26103,-7.45587],[35.26089,-7.45576],[35.26063,-7.45556],[35.26035,-7.45544],[35.26014,-7.45539],[35.25981,-7.45544],[35.25962,-7.45545],[35.25945,-7.45555],[35.25923,-7.45563],[35.25899,-7.45571],[35.2588,-7.45579],[35.25854,-7.45593],[35.25801,-7.45618],[35.25764,-7.45629],[35.25743,-7.45632],[35.25732,-7.4565],[35.25719,-7.45657],[35.25693,-7.45665],[35.25671,-7.45668],[35.25655,-7.4567],[35.2564,-7.45673],[35.25624,-7.45673],[35.25579,-7.45678],[35.25525,-7.45685],[35.25496,-7.45687],[35.25469,-7.45688],[35.25435,-7.45688],[35.25402,-7.45697],[35.25344,-7.45711],[35.2532,-7.45718],[35.25297,-7.45723],[35.25258,-7.45744],[35.25204,-7.45771],[35.25178,-7.45759],[35.25154,-7.45766],[35.25139,-7.45772],[35.25119,-7.45783],[35.25096,-7.458],[35.25083,-7.4581],[35.25075,-7.45822],[35.25049,-7.45848],[35.25027,-7.45879],[35.25005,-7.45913],[35.24987,-7.45941],[35.24939,-7.45997],[35.24913,-7.46024],[35.24885,-7.46051],[35.24859,-7.46073],[35.24815,-7.46113],[35.2478,-7.46143],[35.2474,-7.4617],[35.24727,-7.46196],[35.2469,-7.46216],[35.24666,-7.46228],[35.24612,-7.46258],[35.24546,-7.46294],[35.24504,-7.46294],[35.24481,-7.46295],[35.24451,-7.46291],[35.24406,-7.46286],[35.24363,-7.46261],[35.24323,-7.46215],[35.24313,-7.46167],[35.24314,-7.46142],[35.24305,-7.46117],[35.24297,-7.46087],[35.2429,-7.46049],[35.24279,-7.4602],[35.24277,-7.45957],[35.24254,-7.45899],[35.24243,-7.45861],[35.24238,-7.45836],[35.24226,-7.45786],[35.24226,-7.45761],[35.24218,-7.45741],[35.24212,-7.45719],[35.24199,-7.45695],[35.24199,-7.45674],[35.24198,-7.45649],[35.24195,-7.45613],[35.24197,-7.45579],[35.24196,-7.4555],[35.24192,-7.45519],[35.24187,-7.45496],[35.24183,-7.45462],[35.24167,-7.45424],[35.24153,-7.45402],[35.24129,-7.45394],[35.241,-7.45382],[35.24065,-7.45368],[35.24017,-7.45356],[35.2398,-7.45341],[35.23961,-7.45332],[35.2393,-7.45327],[35.23887,-7.45327],[35.23854,-7.45326],[35.2381,-7.45331],[35.23774,-7.45343],[35.23736,-7.45364],[35.23694,-7.4539],[35.23675,-7.45402],[35.23646,-7.45418],[35.23609,-7.45447],[35.23573,-7.45476],[35.23524,-7.45507],[35.23491,-7.45527],[35.23449,-7.45553],[35.23432,-7.45562],[35.23422,-7.45574],[35.23391,-7.45603],[35.23361,-7.45629],[35.23338,-7.45652],[35.23299,-7.45678],[35.2326,-7.45685],[35.23216,-7.45702],[35.23178,-7.45723],[35.2313,-7.45741],[35.23122,-7.45758],[35.23114,-7.45776],[35.23096,-7.45802],[35.23062,-7.45853],[35.2303,-7.45875],[35.23,-7.45885],[35.2296,-7.45894],[35.22924,-7.45901],[35.22888,-7.45916],[35.22856,-7.4594],[35.22817,-7.45965],[35.2279,-7.45987],[35.2275,-7.46012],[35.22711,-7.46041],[35.22649,-7.4605],[35.22621,-7.46057],[35.2259,-7.46075],[35.22555,-7.46098],[35.22517,-7.46124],[35.22475,-7.46145],[35.22427,-7.46176],[35.22381,-7.46214],[35.22332,-7.4625],[35.22313,-7.46266],[35.2227,-7.46296],[35.22218,-7.46328],[35.2216,-7.46357],[35.22103,-7.46366],[35.22058,-7.46364],[35.22041,-7.46364],[35.22026,-7.46366],[35.22004,-7.4637],[35.21979,-7.46378],[35.21958,-7.46387],[35.2194,-7.46396],[35.21927,-7.46405],[35.21907,-7.46415],[35.2188,-7.46431],[35.2187,-7.46446],[35.21854,-7.46475],[35.21844,-7.46498],[35.21832,-7.46519],[35.21804,-7.46571],[35.21783,-7.46596],[35.21743,-7.46647],[35.21727,-7.46676],[35.21717,-7.46699],[35.21704,-7.46737],[35.21688,-7.46805],[35.21663,-7.46855],[35.21643,-7.46893],[35.21595,-7.46949],[35.21565,-7.4699],[35.21545,-7.47031],[35.21529,-7.47067],[35.21497,-7.47118],[35.21468,-7.47157],[35.21462,-7.47197],[35.21462,-7.47248],[35.21467,-7.47271],[35.21459,-7.47308],[35.21436,-7.47351],[35.21385,-7.4737],[35.21354,-7.47369],[35.21316,-7.47379],[35.2127,-7.47385],[35.21225,-7.47414],[35.21184,-7.47455],[35.21152,-7.4749],[35.21119,-7.47527],[35.2107,-7.4758],[35.2105,-7.47621],[35.21032,-7.47659],[35.20996,-7.47708],[35.20942,-7.47764],[35.20909,-7.47807],[35.20869,-7.47852],[35.20853,-7.47867],[35.20832,-7.47896],[35.20816,-7.47919],[35.20808,-7.4794],[35.20795,-7.4797],[35.20765,-7.48006],[35.2075,-7.48019],[35.20729,-7.48049],[35.20684,-7.48067],[35.20653,-7.48095],[35.20644,-7.48123],[35.20616,-7.48151],[35.20598,-7.48157],[35.20555,-7.48185],[35.20539,-7.48203],[35.20532,-7.48229],[35.20521,-7.48263],[35.20507,-7.48299],[35.20499,-7.48338],[35.20486,-7.48367],[35.20466,-7.48405],[35.20455,-7.48423],[35.20427,-7.48459],[35.20394,-7.48494],[35.20367,-7.48513],[35.20321,-7.4853],[35.20289,-7.48538],[35.20251,-7.48555],[35.20206,-7.48571],[35.20162,-7.4858],[35.20123,-7.4858],[35.20085,-7.4859],[35.20054,-7.48602],[35.20003,-7.48613],[35.19986,-7.48617],[35.19952,-7.48612],[35.19936,-7.4861],[35.19911,-7.4861],[35.19865,-7.48633],[35.19837,-7.48652],[35.19808,-7.48677],[35.1978,-7.48722],[35.19762,-7.48748],[35.19738,-7.48784],[35.19715,-7.48814],[35.19682,-7.48848],[35.1965,-7.48875],[35.19628,-7.48888],[35.19587,-7.4891],[35.19567,-7.48923],[35.19544,-7.48935],[35.19505,-7.48953],[35.19468,-7.48955],[35.19433,-7.48952],[35.194,-7.48944],[35.1937,-7.48947],[35.1935,-7.48953],[35.19331,-7.48962],[35.19301,-7.48974],[35.1927,-7.48992],[35.1924,-7.49014],[35.19224,-7.49035],[35.19188,-7.49059],[35.1917,-7.49069],[35.19147,-7.4907],[35.19124,-7.49067],[35.19096,-7.49063],[35.19066,-7.49063],[35.19037,-7.49072],[35.19014,-7.49078],[35.18983,-7.49096],[35.18974,-7.49108],[35.18953,-7.49129],[35.18927,-7.49161],[35.18916,-7.49181],[35.18908,-7.49194],[35.18895,-7.49215],[35.18889,-7.49228],[35.18893,-7.49244],[35.1892,-7.49237],[35.18933,-7.49257],[35.18935,-7.49277],[35.18936,-7.49308],[35.18935,-7.4933],[35.18936,-7.49347],[35.18936,-7.49391],[35.18935,-7.49409],[35.18932,-7.49425],[35.18932,-7.49441],[35.18931,-7.49465],[35.18921,-7.49498],[35.18913,-7.49519],[35.18907,-7.4954],[35.1889,-7.49566],[35.18879,-7.49576],[35.1886,-7.49592],[35.18838,-7.49613],[35.18816,-7.49635],[35.188,-7.4965],[35.18775,-7.49661],[35.18749,-7.49679],[35.1873,-7.49697],[35.18716,-7.49714],[35.18694,-7.49732],[35.18648,-7.49762],[35.18625,-7.49779],[35.18609,-7.49781],[35.18574,-7.49784],[35.1854,-7.49783],[35.18518,-7.49779],[35.18504,-7.49776],[35.18477,-7.4977],[35.18455,-7.49761],[35.18425,-7.49738],[35.18409,-7.49729],[35.18389,-7.49717],[35.18369,-7.49709],[35.18346,-7.49702],[35.18322,-7.49701],[35.18307,-7.49701],[35.1829,-7.49699],[35.18251,-7.49691],[35.18229,-7.49678],[35.18205,-7.49662],[35.18178,-7.49645],[35.18153,-7.4963],[35.1813,-7.49598],[35.18113,-7.49566],[35.1811,-7.49549],[35.18099,-7.49506],[35.18086,-7.49463],[35.18083,-7.49442],[35.1807,-7.49394],[35.18059,-7.49357],[35.18058,-7.4933],[35.18056,-7.49302],[35.18054,-7.49263],[35.18046,-7.49224],[35.18041,-7.4918],[35.1804,-7.49142],[35.18032,-7.49117],[35.1802,-7.49081],[35.18012,-7.49046],[35.18014,-7.49009],[35.17974,-7.48957],[35.17961,-7.48938],[35.1795,-7.48914],[35.17929,-7.4888],[35.17919,-7.48864],[35.17897,-7.48833],[35.17888,-7.48818],[35.17872,-7.48802],[35.17842,-7.48775],[35.1783,-7.48765],[35.17804,-7.48744],[35.17784,-7.48729],[35.17771,-7.48712],[35.17749,-7.48695],[35.17711,-7.48662],[35.17684,-7.48625],[35.17667,-7.48608],[35.17639,-7.48586],[35.17618,-7.48572],[35.17592,-7.48562],[35.17573,-7.48551],[35.17561,-7.48544],[35.17541,-7.48539],[35.1751,-7.4853],[35.17489,-7.4852],[35.17464,-7.48514],[35.1744,-7.48508],[35.17407,-7.48503],[35.17374,-7.48492],[35.17355,-7.4848],[35.17326,-7.48454],[35.17306,-7.48439],[35.17292,-7.48427],[35.17267,-7.4841],[35.17245,-7.48393],[35.17231,-7.48385],[35.17208,-7.48373],[35.17176,-7.48367],[35.17131,-7.48346],[35.17114,-7.48341],[35.17095,-7.48334],[35.17077,-7.4833],[35.17037,-7.48323],[35.17016,-7.48318],[35.16977,-7.48317],[35.16952,-7.4832],[35.16923,-7.48323],[35.16904,-7.4832],[35.16881,-7.48311],[35.16866,-7.48301],[35.16854,-7.48291],[35.16838,-7.48281],[35.16819,-7.48274],[35.16791,-7.48267],[35.16761,-7.48269],[35.16733,-7.48272],[35.16715,-7.48283],[35.16699,-7.48304],[35.16689,-7.48317],[35.16674,-7.48322],[35.16661,-7.48341],[35.16641,-7.48354],[35.16589,-7.48377],[35.16562,-7.4839],[35.16541,-7.48411],[35.16504,-7.48443],[35.16485,-7.48464],[35.16453,-7.48491],[35.16444,-7.48504],[35.16425,-7.48513],[35.16404,-7.48525],[35.1638,-7.48536],[35.16375,-7.48551],[35.16364,-7.48569],[35.16355,-7.4859],[35.16336,-7.48626],[35.16324,-7.48637],[35.16297,-7.48661],[35.1627,-7.48691],[35.16232,-7.48729],[35.1621,-7.48746],[35.16188,-7.48763],[35.16157,-7.48786],[35.16124,-7.48811],[35.16105,-7.48825],[35.16074,-7.48847],[35.16023,-7.48862],[35.15968,-7.4887],[35.15936,-7.4887],[35.15903,-7.48863],[35.15859,-7.48855],[35.15823,-7.4885],[35.158,-7.48848],[35.1574,-7.4884],[35.15716,-7.48828],[35.15691,-7.48811],[35.15675,-7.48792],[35.15664,-7.48771],[35.15656,-7.48745],[35.1565,-7.48709],[35.15637,-7.48684],[35.1563,-7.48653],[35.1561,-7.48625],[35.15594,-7.48602],[35.15584,-7.48588],[35.15564,-7.48566],[35.1555,-7.48549],[35.1553,-7.48536],[35.15501,-7.48516],[35.15465,-7.48505],[35.15427,-7.48503],[35.15396,-7.48504],[35.15332,-7.48516],[35.15307,-7.4852],[35.15259,-7.48526],[35.1523,-7.48532],[35.15214,-7.48532],[35.15158,-7.48532],[35.15125,-7.48537],[35.1508,-7.48544],[35.15032,-7.48553],[35.15009,-7.48553],[35.14991,-7.48556],[35.14969,-7.48565],[35.14932,-7.48576],[35.14906,-7.48584],[35.1489,-7.48586],[35.1487,-7.48591],[35.14839,-7.48602],[35.14817,-7.48615],[35.14786,-7.4863],[35.1475,-7.48643],[35.14732,-7.48654],[35.14695,-7.48666],[35.1467,-7.48671],[35.1465,-7.48675],[35.14632,-7.48682],[35.14614,-7.48702],[35.1459,-7.48719],[35.14569,-7.48743],[35.14547,-7.48758],[35.14532,-7.48766],[35.14514,-7.4878],[35.14491,-7.48794],[35.14459,-7.48813],[35.1444,-7.48819],[35.14405,-7.48829],[35.14375,-7.4885],[35.14359,-7.48866],[35.14335,-7.48886],[35.14296,-7.48911],[35.14255,-7.4893],[35.14205,-7.48963],[35.14177,-7.48982],[35.14161,-7.49002],[35.14143,-7.49014],[35.1413,-7.49026],[35.14109,-7.49038],[35.14089,-7.49048],[35.14068,-7.49061],[35.14048,-7.49071],[35.14025,-7.4909],[35.13982,-7.49106],[35.13963,-7.49123],[35.13947,-7.49153],[35.13917,-7.49196],[35.13901,-7.49209],[35.13881,-7.49227],[35.13871,-7.4924],[35.13824,-7.49284],[35.13784,-7.49327],[35.13768,-7.49365],[35.13727,-7.49386],[35.13707,-7.49396],[35.13689,-7.49405],[35.13671,-7.49414],[35.13654,-7.49422],[35.13638,-7.49483],[35.13625,-7.49525],[35.13592,-7.49577],[35.13585,-7.49592],[35.13562,-7.49618],[35.13547,-7.49649],[35.13534,-7.49665],[35.1349,-7.49705],[35.13473,-7.49714],[35.1344,-7.49726],[35.134,-7.49736],[35.13365,-7.49738],[35.13328,-7.4974],[35.13277,-7.49742],[35.13229,-7.49731],[35.13199,-7.49699],[35.13171,-7.49669],[35.13155,-7.49677],[35.1312,-7.49656],[35.13097,-7.49631],[35.13077,-7.49598],[35.13068,-7.49583],[35.13064,-7.49565],[35.13054,-7.4955],[35.13032,-7.4952],[35.13002,-7.49476],[35.12979,-7.49445],[35.12946,-7.49409],[35.1293,-7.49392],[35.12901,-7.4937],[35.1288,-7.49361],[35.12851,-7.4935],[35.12833,-7.49341],[35.12813,-7.49334],[35.12789,-7.49324],[35.12777,-7.49316],[35.12765,-7.49307],[35.12751,-7.49288],[35.12731,-7.49292],[35.12685,-7.4926],[35.12658,-7.49251],[35.12635,-7.49247],[35.12616,-7.49247],[35.12601,-7.49247],[35.12563,-7.49246],[35.12537,-7.49237],[35.1252,-7.49237],[35.125,-7.49239],[35.12471,-7.49245],[35.12453,-7.49247],[35.12418,-7.49255],[35.12398,-7.49259],[35.12372,-7.49271],[35.12355,-7.4928],[35.12326,-7.49293],[35.12312,-7.49301],[35.12279,-7.49316],[35.12263,-7.49323],[35.12218,-7.49345],[35.12203,-7.49353],[35.1218,-7.49364],[35.1216,-7.49373],[35.12137,-7.49384],[35.12123,-7.4939],[35.12074,-7.49414],[35.12003,-7.49448],[35.11978,-7.4946],[35.11965,-7.49467],[35.11942,-7.49478],[35.11918,-7.4949],[35.11904,-7.49496],[35.11884,-7.49506],[35.11842,-7.49526],[35.11824,-7.49534],[35.1181,-7.49541],[35.11766,-7.49562],[35.11747,-7.49571],[35.11727,-7.4958],[35.11702,-7.49593],[35.11692,-7.4961],[35.11671,-7.49624],[35.11651,-7.49635],[35.11631,-7.49642],[35.11616,-7.49648],[35.11595,-7.49656],[35.1158,-7.4966],[35.11561,-7.49668],[35.11519,-7.49687],[35.11505,-7.49694],[35.11476,-7.49712],[35.11455,-7.49721],[35.11435,-7.49731],[35.11412,-7.49742],[35.11389,-7.49762],[35.11377,-7.49772],[35.1136,-7.49794],[35.11345,-7.49814],[35.11331,-7.49833],[35.11322,-7.49846],[35.11308,-7.49856],[35.11291,-7.49872],[35.11277,-7.49889],[35.11267,-7.49901],[35.11253,-7.49919],[35.11233,-7.49952],[35.1122,-7.49966],[35.11211,-7.49978],[35.1119,-7.49988],[35.11173,-7.49993],[35.11158,-7.49999],[35.11134,-7.50001],[35.11107,-7.50002],[35.11091,-7.50008],[35.11063,-7.50018],[35.11044,-7.50029],[35.11028,-7.50035],[35.11005,-7.5005],[35.10977,-7.50066],[35.10962,-7.50079],[35.10947,-7.50095],[35.10935,-7.50111],[35.10927,-7.50123],[35.10915,-7.50139],[35.10908,-7.50157],[35.10897,-7.50185],[35.10889,-7.50204],[35.10881,-7.50239],[35.10889,-7.50264],[35.1089,-7.50294],[35.1089,-7.50311],[35.10893,-7.50352],[35.10898,-7.50373],[35.1091,-7.50395],[35.10919,-7.50415],[35.10932,-7.5044],[35.10942,-7.50461],[35.10955,-7.50487],[35.10969,-7.50525],[35.10977,-7.50558],[35.10979,-7.50584],[35.10992,-7.5061],[35.11006,-7.50624],[35.11024,-7.50651],[35.11049,-7.50664],[35.11065,-7.50682],[35.11076,-7.5071],[35.11093,-7.50737],[35.11094,-7.50754],[35.11097,-7.50779],[35.11123,-7.50771],[35.11122,-7.50796],[35.11111,-7.50817],[35.11094,-7.50834],[35.11069,-7.50863],[35.11036,-7.50903],[35.10982,-7.50952],[35.1094,-7.51005],[35.10904,-7.51047],[35.10876,-7.51073],[35.10821,-7.51106],[35.10782,-7.51126],[35.10723,-7.51153],[35.10701,-7.51171],[35.10652,-7.51207],[35.10611,-7.51245],[35.10567,-7.51301],[35.10524,-7.51339],[35.1047,-7.51383],[35.10423,-7.51401],[35.10398,-7.51394],[35.10369,-7.51389],[35.10355,-7.51376],[35.10322,-7.51391],[35.10286,-7.51411],[35.10265,-7.51429],[35.10238,-7.51462],[35.10218,-7.51496],[35.10185,-7.51531],[35.10159,-7.51565],[35.10136,-7.51608],[35.10102,-7.51648],[35.10072,-7.51691],[35.10034,-7.51731],[35.10027,-7.51752],[35.10009,-7.51777],[35.09995,-7.5181],[35.09983,-7.51833],[35.09973,-7.51862],[35.09959,-7.51892],[35.09938,-7.51942],[35.0993,-7.51972],[35.09914,-7.52023],[35.09895,-7.52051],[35.09871,-7.52106],[35.0985,-7.52136],[35.09814,-7.52176],[35.09799,-7.522],[35.09795,-7.5223],[35.09783,-7.52255],[35.09756,-7.52295],[35.09723,-7.5234],[35.09703,-7.52357],[35.09678,-7.52387],[35.09646,-7.52413],[35.09614,-7.52446],[35.09577,-7.52472],[35.09551,-7.52492],[35.09516,-7.52513],[35.09505,-7.52551],[35.09488,-7.52575],[35.09459,-7.52607],[35.09435,-7.52633],[35.094,-7.52655],[35.09356,-7.52688],[35.09329,-7.52714],[35.09286,-7.52731],[35.09262,-7.52736],[35.09227,-7.52733],[35.09407,-7.52958],[35.10835,-7.54014],[35.14167,-7.60281],[35.14177,-7.603],[35.14274,-7.60328],[35.14284,-7.60346],[35.14283,-7.60379],[35.14278,-7.60404],[35.14297,-7.60426],[35.14307,-7.60439],[35.14325,-7.60467],[35.14327,-7.60493],[35.14326,-7.60509],[35.1431,-7.60527],[35.14285,-7.60549],[35.14257,-7.60562],[35.14234,-7.60582],[35.14215,-7.60595],[35.14185,-7.60606],[35.14164,-7.60612],[35.14146,-7.60624],[35.1413,-7.6063],[35.14117,-7.60642],[35.14096,-7.60662],[35.14095,-7.6068],[35.14092,-7.60709],[35.14097,-7.60725],[35.14104,-7.60748],[35.14111,-7.60772],[35.14128,-7.60791],[35.14152,-7.60815],[35.14178,-7.6084],[35.14202,-7.60861],[35.14222,-7.60874],[35.14245,-7.60887],[35.14279,-7.60895],[35.14318,-7.60906],[35.14347,-7.60906],[35.14363,-7.60882],[35.14375,-7.60855],[35.14383,-7.6084],[35.14397,-7.60822],[35.14412,-7.6081],[35.14431,-7.60788],[35.14442,-7.60777],[35.14464,-7.60768],[35.14487,-7.60763],[35.14499,-7.60758],[35.14529,-7.60757],[35.14556,-7.60765],[35.14573,-7.60775],[35.14577,-7.60808],[35.14573,-7.60826],[35.14567,-7.60851],[35.14557,-7.60874],[35.14548,-7.60891],[35.14541,-7.60904],[35.14534,-7.60924],[35.14523,-7.60941],[35.14515,-7.60977],[35.14509,-7.61003],[35.14518,-7.61055],[35.14525,-7.61096],[35.14515,-7.61138],[35.14539,-7.61191],[35.14551,-7.61217],[35.14554,-7.61231],[35.14564,-7.61244],[35.14586,-7.61279],[35.14601,-7.61312],[35.14617,-7.61336],[35.14624,-7.61371],[35.1462,-7.61407],[35.14614,-7.61423],[35.14595,-7.6143],[35.14578,-7.61431],[35.14561,-7.61434],[35.14526,-7.61424],[35.14512,-7.61418],[35.14491,-7.61419],[35.14465,-7.61431],[35.14442,-7.61445],[35.14407,-7.61464],[35.14382,-7.61489],[35.14394,-7.61524],[35.14406,-7.61563],[35.14415,-7.61584],[35.14432,-7.61612],[35.14441,-7.61653],[35.1445,-7.61678],[35.14462,-7.61708],[35.14481,-7.6177],[35.14476,-7.61813],[35.14488,-7.61855],[35.14492,-7.61891],[35.14502,-7.6191],[35.14519,-7.61944],[35.14527,-7.6196],[35.14539,-7.6198],[35.14537,-7.61999],[35.1453,-7.62022],[35.1452,-7.6204],[35.14515,-7.62056],[35.14508,-7.62076],[35.145,-7.62103],[35.14504,-7.62124],[35.14514,-7.62146],[35.14512,-7.62177],[35.14511,-7.62218],[35.14509,-7.62247],[35.14491,-7.62283],[35.1447,-7.6231],[35.14446,-7.62328],[35.14407,-7.62342],[35.14379,-7.62372],[35.14383,-7.62418],[35.14399,-7.62438],[35.14408,-7.62455],[35.1443,-7.62469],[35.14448,-7.62485],[35.14456,-7.62514],[35.14456,-7.62537],[35.14453,-7.62557],[35.14443,-7.62574],[35.14431,-7.62591],[35.14419,-7.62607],[35.14403,-7.62618],[35.14388,-7.62636],[35.1437,-7.62646],[35.14351,-7.62658],[35.14315,-7.62661],[35.14284,-7.62662],[35.14254,-7.62671],[35.14237,-7.62672],[35.14201,-7.62683],[35.14176,-7.62694],[35.14159,-7.62703],[35.14143,-7.62716],[35.14125,-7.62734],[35.14118,-7.62814],[35.14138,-7.62815],[35.14157,-7.62832],[35.14175,-7.62846],[35.14189,-7.62865],[35.1421,-7.62882],[35.14225,-7.62894],[35.1427,-7.62917],[35.14295,-7.62945],[35.14309,-7.62975],[35.14317,-7.63013],[35.14326,-7.63051],[35.14335,-7.63085],[35.14343,-7.6311],[35.14349,-7.63125],[35.14355,-7.63145],[35.1436,-7.63186],[35.14367,-7.63213],[35.14345,-7.63231],[35.14333,-7.63253],[35.14314,-7.63272],[35.14302,-7.63279],[35.14293,-7.6329],[35.14291,-7.63326],[35.14284,-7.63354],[35.14287,-7.63397],[35.14281,-7.6342],[35.14289,-7.63435],[35.14279,-7.63465],[35.14259,-7.63518],[35.1423,-7.63577],[35.14201,-7.63618],[35.14169,-7.63679],[35.14157,-7.63723],[35.14152,-7.63748],[35.14143,-7.63761],[35.14129,-7.6378],[35.1412,-7.63804],[35.14139,-7.63836],[35.14158,-7.63865],[35.14169,-7.63901],[35.14158,-7.63927],[35.14149,-7.63958],[35.14141,-7.63983],[35.14128,-7.64003],[35.1411,-7.64026],[35.1409,-7.64041],[35.14064,-7.64036],[35.14047,-7.64031],[35.14021,-7.64024],[35.14001,-7.64027],[35.1397,-7.64051],[35.13935,-7.64077],[35.13916,-7.64097],[35.13891,-7.64119],[35.13857,-7.64145],[35.13831,-7.64163],[35.13818,-7.64175],[35.1381,-7.64195],[35.13808,-7.64217],[35.13812,-7.64249],[35.13802,-7.64295],[35.13798,-7.64318],[35.13793,-7.6434],[35.13778,-7.64366],[35.13768,-7.64387],[35.13761,-7.64403],[35.13745,-7.64425],[35.13737,-7.64449],[35.13728,-7.64461],[35.13715,-7.64472],[35.13703,-7.64485],[35.13702,-7.64505],[35.1371,-7.64522],[35.13722,-7.64535],[35.13751,-7.64555],[35.13772,-7.64568],[35.13809,-7.64593],[35.13838,-7.64614],[35.13872,-7.64617],[35.13925,-7.64606],[35.13956,-7.64599],[35.13989,-7.64584],[35.14013,-7.64575],[35.14038,-7.6455],[35.14066,-7.64545],[35.14112,-7.64572],[35.14139,-7.64588],[35.14163,-7.64622],[35.14177,-7.64651],[35.14193,-7.64671],[35.14209,-7.64689],[35.1422,-7.64709],[35.14236,-7.64723],[35.14243,-7.64744],[35.14278,-7.64778],[35.14303,-7.64817],[35.14322,-7.64836],[35.14336,-7.64844],[35.14377,-7.64846],[35.14401,-7.64845],[35.14417,-7.64838],[35.14441,-7.64823],[35.14457,-7.64819],[35.14473,-7.6482],[35.14479,-7.64837],[35.14469,-7.64861],[35.1446,-7.64891],[35.14457,-7.64912],[35.14453,-7.64926],[35.14447,-7.64946],[35.1446,-7.64965],[35.14481,-7.64989],[35.14495,-7.6502],[35.14507,-7.65036],[35.1451,-7.65058],[35.14509,-7.6508],[35.14509,-7.651],[35.14508,-7.65116],[35.14511,-7.65137],[35.14511,-7.65158],[35.14512,-7.65174],[35.14515,-7.652],[35.14516,-7.65219],[35.1453,-7.65228],[35.14547,-7.65229],[35.1457,-7.65228],[35.14587,-7.65228],[35.14612,-7.6525],[35.14596,-7.65277],[35.14573,-7.65283],[35.14557,-7.65289],[35.14543,-7.65294],[35.1452,-7.65309],[35.14501,-7.65315],[35.14475,-7.65317],[35.1445,-7.65338],[35.14435,-7.65354],[35.14419,-7.65378],[35.14411,-7.654],[35.14401,-7.65423],[35.1439,-7.65447],[35.14364,-7.65462],[35.14348,-7.65466],[35.14328,-7.65475],[35.14316,-7.65489],[35.1429,-7.65505],[35.14281,-7.6554],[35.14261,-7.65555],[35.14247,-7.65556],[35.14233,-7.65578],[35.14215,-7.6559],[35.14197,-7.65606],[35.14184,-7.6562],[35.14159,-7.65637],[35.14135,-7.65645],[35.14109,-7.65651],[35.14089,-7.65665],[35.14074,-7.65676],[35.14061,-7.65689],[35.14053,-7.65714],[35.14045,-7.65733],[35.1404,-7.65756],[35.14041,-7.65771],[35.14051,-7.65809],[35.14054,-7.65824],[35.14062,-7.65839],[35.14074,-7.65847],[35.14072,-7.65862],[35.14077,-7.65882],[35.14092,-7.65883],[35.14106,-7.65882],[35.14118,-7.65889],[35.14119,-7.6592],[35.14113,-7.65935],[35.14106,-7.65946],[35.14094,-7.65966],[35.14086,-7.65979],[35.14079,-7.65991],[35.14066,-7.6601],[35.14046,-7.66028],[35.14014,-7.66007],[35.13989,-7.65994],[35.13958,-7.65986],[35.13918,-7.65982],[35.13848,-7.65986],[35.13784,-7.65994],[35.13729,-7.66014],[35.13639,-7.66046],[35.13574,-7.66062],[35.13477,-7.66113],[35.13338,-7.66195],[35.13227,-7.66261],[35.13183,-7.66342],[35.13157,-7.66403],[35.13101,-7.66491],[35.13055,-7.66546],[35.12954,-7.66608],[35.1281,-7.66696],[35.12725,-7.66772],[35.12677,-7.66821],[35.12587,-7.6692],[35.1251,-7.67042],[35.12458,-7.6713],[35.12419,-7.67219],[35.1239,-7.67305],[35.12362,-7.67389],[35.12311,-7.67792],[35.1219,-7.68395],[35.121,-7.69009],[35.12083,-7.69128],[35.12095,-7.69157],[35.12103,-7.69198],[35.12123,-7.69242],[35.12138,-7.69317],[35.12107,-7.69352],[35.1209,-7.69371],[35.12033,-7.69421],[35.11854,-7.69582],[35.11673,-7.69768],[35.11442,-7.69948],[35.11191,-7.70106],[35.10916,-7.70283],[35.10658,-7.70444],[35.10396,-7.70617],[35.10054,-7.70819],[35.0989,-7.70921],[35.09694,-7.71023],[35.096,-7.71073],[35.08711,-7.71467],[35.07247,-7.72131],[35.04364,-7.73508],[35.03883,-7.73717],[35.0373,-7.73762],[35.03393,-7.73825],[35.01817,-7.74171],[35.01751,-7.74186],[35.01672,-7.74215],[35.0157,-7.7422],[35.0151,-7.74226],[35.01432,-7.74204],[35.01283,-7.74173],[35.00525,-7.74007],[35.00078,-7.73915],[35.00057,-7.73899],[35.00017,-7.73894],[34.99967,-7.73887],[34.99897,-7.73875],[34.9978,-7.73861],[34.99725,-7.73849],[34.99599,-7.7383],[34.995,-7.73818],[34.99311,-7.73798],[34.99183,-7.7379],[34.99048,-7.73787],[34.98947,-7.7381],[34.98852,-7.73833],[34.9876,-7.73863],[34.9866,-7.73906],[34.9855,-7.73948],[34.98399,-7.74008],[34.98191,-7.74097],[34.97902,-7.74212],[34.97617,-7.7432],[34.9743,-7.74381],[34.97322,-7.7443],[34.97223,-7.74475],[34.97156,-7.74503],[34.97067,-7.74541],[34.96998,-7.7457],[34.96914,-7.74617],[34.96836,-7.7468],[34.96744,-7.74957],[34.92389,-7.75141],[34.8703,-7.83063],[34.89776,-7.93638],[34.90148,-7.99703],[34.82061,-8.14391],[34.71502,-8.16554],[34.65945,-8.20183],[34.71913,-8.18785],[34.72665,-8.19926],[34.72647,-8.27193],[34.71864,-8.2909],[34.70287,-8.30833],[34.67771,-8.35262],[34.67155,-8.39525],[34.6131,-8.4381],[34.59904,-8.48708],[34.55162,-8.52041],[34.46678,-8.53596],[34.42217,-8.54192],[34.39501,-8.54434],[34.34219,-8.53486],[34.28483,-8.55978],[34.27518,-8.57488],[34.25124,-8.61244],[34.24277,-8.63604],[34.21337,-8.66665],[34.09738,-8.70332],[34.09849,-8.68477],[34.10037,-8.66545],[34.08964,-8.60196],[34.05167,-8.60874],[34.03618,-8.66661],[33.98487,-8.70233],[33.85289,-8.65816],[33.77695,-8.68502],[33.70988,-8.67847],[33.68069,-8.60958],[33.73854,-8.47601],[33.76304,-8.43593],[33.7629,-8.36475],[33.59485,-8.00025],[33.60805,-7.86899],[33.62362,-7.8445],[33.82847,-7.80705],[33.82588,-7.82228]]]]}},{"type":"Feature","properties":{"name":"Mikumi National Park","area_type":"National Park","iucn_cat":"II"},"geometry":{"type":"MultiPolygon","coordinates":[[[[37.4875,-7.48127],[37.50409,-7.6157],[37.5372,-7.6434],[37.5343,-7.64485],[37.53296,-7.64617],[37.53309,-7.6475],[37.53123,-7.64855],[37.52724,-7.65119],[37.52325,-7.65237],[37.52032,-7.65434],[37.51418,-7.65893],[37.49237,-7.67774],[37.48808,-7.68205],[37.48571,-7.68871],[37.48195,-7.68972],[37.47449,-7.69446],[37.47156,-7.69789],[37.46756,-7.70238],[37.46489,-7.70608],[37.45505,-7.7157],[37.42909,-7.73051],[37.42076,-7.73752],[37.40663,-7.74392],[37.3953,-7.75249],[37.38115,-7.76337],[37.37498,-7.7698],[37.36317,-7.77555],[37.36,-7.77852],[37.35699,-7.78513],[37.35017,-7.78875],[37.33576,-7.77926],[37.33075,-7.77447],[37.31935,-7.77058],[37.30861,-7.75977],[37.2988,-7.76288],[37.28815,-7.76747],[37.28401,-7.77137],[37.28017,-7.76943],[37.2737,-7.7694],[37.2694,-7.76458],[37.26013,-7.75875],[37.2514,-7.76309],[37.24308,-7.75259],[37.23139,-7.75267],[37.22926,-7.75266],[37.22414,-7.74999],[37.21098,-7.7602],[37.19572,-7.75567],[37.18076,-7.76107],[37.16911,-7.7683],[37.15995,-7.77244],[37.15571,-7.77136],[37.15226,-7.77002],[37.14632,-7.77006],[37.14055,-7.775],[37.12953,-7.78283],[37.12162,-7.78929],[37.11449,-7.78886],[37.11065,-7.78752],[37.11326,-7.78161],[37.11061,-7.77609],[37.10295,-7.77963],[37.09847,-7.77923],[37.09545,-7.77762],[37.09314,-7.77459],[37.08978,-7.77013],[37.08801,-7.76745],[37.08748,-7.76531],[37.09303,-7.75983],[37.09444,-7.75594],[37.09329,-7.75243],[37.09242,-7.75087],[37.09077,-7.74794],[37.08951,-7.74589],[37.08143,-7.74167],[37.07938,-7.74098],[37.07838,-7.74049],[37.07799,-7.74029],[37.07811,-7.73984],[37.12252,-7.60484],[37.02505,-7.44978],[37.01988,-7.38304],[36.97473,-7.37895],[36.97275,-7.37722],[36.97077,-7.37589],[36.97024,-7.37482],[36.97041,-7.37251],[36.96964,-7.3703],[36.96877,-7.36853],[36.96822,-7.36654],[36.96724,-7.36389],[36.96703,-7.36091],[36.9665,-7.35672],[36.96653,-7.3512],[36.96654,-7.34745],[36.9656,-7.33575],[36.96089,-7.32975],[36.96101,-7.32447],[36.96125,-7.31995],[36.9605,-7.31531],[36.95951,-7.31332],[36.95975,-7.31023],[36.96241,-7.30814],[36.96374,-7.30716],[36.96287,-7.30539],[36.96133,-7.30373],[36.9577,-7.29852],[36.95727,-7.29631],[36.95827,-7.29455],[36.95861,-7.29268],[36.95851,-7.29102],[36.95774,-7.28914],[36.95688,-7.28594],[36.95402,-7.28118],[36.95216,-7.27731],[36.95206,-7.2751],[36.95185,-7.27201],[36.95332,-7.26606],[36.95544,-7.26166],[36.95557,-7.25724],[36.9536,-7.25326],[36.95129,-7.25093],[36.94975,-7.24894],[36.94711,-7.24617],[36.94336,-7.24417],[36.94083,-7.24272],[36.93732,-7.23719],[36.93799,-7.23498],[36.93811,-7.233],[36.93911,-7.23046],[36.9386,-7.22724],[36.93895,-7.22522],[36.95966,-7.20671],[36.9644,-7.20131],[36.97046,-7.19991],[36.97644,-7.19603],[36.98927,-7.19466],[36.99607,-7.18651],[37.00427,-7.18352],[37.01036,-7.17715],[37.01268,-7.17396],[37.01413,-7.16952],[37.01307,-7.16756],[37.01183,-7.16577],[37.01006,-7.16416],[37.00715,-7.15882],[37.00263,-7.15275],[37.00443,-7.14411],[37.01056,-7.13712],[37.00832,-7.13406],[37.00842,-7.1309],[37.01164,-7.12763],[37.01191,-7.12629],[37.01245,-7.12479],[37.01201,-7.12389],[37.01273,-7.12221],[37.01274,-7.12016],[37.01337,-7.11848],[37.01524,-7.11813],[37.01524,-7.11697],[37.01632,-7.11564],[37.0181,-7.11458],[37.01953,-7.11406],[37.02122,-7.11335],[37.02327,-7.11309],[37.02576,-7.11399],[37.02931,-7.11623],[37.03065,-7.11668],[37.03429,-7.11794],[37.04004,-7.11663],[37.04117,-7.10345],[37.08079,-7.10159],[37.08126,-7.10131],[37.08126,-7.10066],[37.08145,-7.09969],[37.08169,-7.09839],[37.08209,-7.0973],[37.08238,-7.09549],[37.0826,-7.09437],[37.08263,-7.09336],[37.08247,-7.09289],[37.08229,-7.09252],[37.08229,-7.09156],[37.08253,-7.09041],[37.08446,-7.08508],[37.08451,-7.08476],[37.08465,-7.08404],[37.08509,-7.08357],[37.08515,-7.0825],[37.10757,-7.05487],[37.10847,-7.02843],[37.11419,-7.02847],[37.11624,-7.02723],[37.11696,-7.0259],[37.11679,-7.02492],[37.11857,-7.02404],[37.11982,-7.02306],[37.12045,-7.02218],[37.12116,-7.02111],[37.12161,-7.01996],[37.12162,-7.01889],[37.12233,-7.01925],[37.12375,-7.01881],[37.12501,-7.01722],[37.12741,-7.01634],[37.12786,-7.01483],[37.12787,-7.01376],[37.12876,-7.0127],[37.12903,-7.01225],[37.12975,-7.01145],[37.12957,-7.01074],[37.13055,-7.0103],[37.13198,-7.01031],[37.13162,-7.01004],[37.13376,-7.0096],[37.13323,-7.00756],[37.13477,-7.00462],[37.12233,-6.97867],[37.10493,-6.9565],[37.12955,-6.95012],[37.13706,-6.94808],[37.15489,-6.94094],[37.16536,-6.93941],[37.18125,-6.94292],[37.20455,-6.94518],[37.20679,-6.952],[37.20815,-6.95355],[37.20883,-6.9575],[37.18479,-6.96856],[37.18761,-6.97943],[37.18271,-6.98104],[37.17739,-6.98473],[37.1787,-6.98765],[37.18159,-6.98965],[37.1832,-6.99138],[37.18532,-6.99139],[37.18716,-6.99457],[37.19007,-6.99591],[37.19378,-6.99857],[37.19456,-7.00228],[37.19719,-7.00786],[37.19718,-7.01104],[37.19717,-7.01316],[37.19689,-7.0166],[37.19714,-7.02005],[37.19723,-7.02402],[37.20186,-7.03358],[37.20314,-7.04511],[37.20272,-7.08604],[37.21333,-7.08555],[37.23496,-7.11676],[37.2348,-7.1241],[37.23433,-7.13271],[37.23387,-7.13712],[37.23253,-7.14087],[37.23207,-7.14572],[37.23394,-7.15816],[37.23367,-7.15988],[37.23365,-7.15996],[37.23288,-7.16294],[37.23404,-7.16507],[37.23675,-7.16691],[37.23887,-7.16779],[37.24138,-7.16877],[37.2435,-7.17013],[37.24717,-7.17217],[37.25181,-7.17286],[37.25377,-7.17625],[37.2589,-7.17827],[37.26309,-7.18131],[37.26647,-7.18451],[37.27109,-7.18849],[37.27256,-7.19046],[37.27344,-7.19311],[37.27586,-7.19555],[37.27784,-7.19799],[37.28203,-7.19933],[37.28353,-7.19783],[37.28883,-7.19957],[37.29303,-7.1977],[37.29419,-7.1978],[37.29565,-7.19742],[37.29767,-7.19965],[37.30201,-7.20343],[37.30197,-7.21461],[37.30564,-7.218],[37.30774,-7.22371],[37.31063,-7.22729],[37.31566,-7.2276],[37.31857,-7.22665],[37.32128,-7.2267],[37.32416,-7.23135],[37.32898,-7.23591],[37.32926,-7.23765],[37.33089,-7.24364],[37.33279,-7.25186],[37.33441,-7.25795],[37.33518,-7.26066],[37.33423,-7.26593],[37.33582,-7.2709],[37.34083,-7.2742],[37.347,-7.2806],[37.35366,-7.28575],[37.3584,-7.28615],[37.36323,-7.28675],[37.36536,-7.28589],[37.37011,-7.28474],[37.37321,-7.28398],[37.3766,-7.28321],[37.3788,-7.28524],[37.38012,-7.28664],[37.38173,-7.28841],[37.38356,-7.29018],[37.38634,-7.29239],[37.38957,-7.29394],[37.39229,-7.29417],[37.39464,-7.29337],[37.39696,-7.29423],[37.39778,-7.29726],[37.40004,-7.30005],[37.404,-7.30462],[37.40744,-7.30808],[37.41154,-7.31081],[37.41352,-7.31404],[37.41645,-7.31691],[37.42318,-7.31937],[37.42517,-7.3217],[37.42805,-7.31994],[37.43362,-7.31803],[37.43579,-7.31975],[37.43621,-7.32394],[37.4351,-7.32725],[37.46585,-7.33471],[37.46821,-7.33646],[37.47106,-7.33737],[37.47175,-7.33863],[37.47315,-7.33863],[37.47426,-7.33898],[37.47586,-7.33989],[37.47607,-7.3392],[37.47586,-7.33808],[37.47538,-7.33669],[37.47441,-7.33599],[37.47379,-7.33529],[37.47393,-7.33425],[37.47532,-7.33419],[37.47636,-7.33503],[37.47713,-7.33579],[37.47845,-7.33608],[37.47977,-7.33705],[37.48053,-7.33879],[37.48031,-7.34032],[37.47941,-7.34081],[37.4776,-7.34115],[37.47662,-7.34212],[37.47605,-7.34372],[37.47528,-7.34504],[37.47542,-7.34594],[37.47563,-7.34712],[37.47548,-7.34858],[37.47526,-7.35108],[37.47463,-7.35219],[37.47366,-7.35289],[37.47295,-7.35421],[37.47372,-7.35504],[37.47476,-7.35484],[37.47727,-7.35394],[37.48006,-7.35416],[37.48264,-7.3541],[37.48542,-7.35369],[37.48577,-7.35439],[37.48486,-7.35668],[37.48283,-7.35776],[37.48192,-7.35852],[37.48095,-7.35984],[37.4799,-7.3599],[37.47906,-7.3606],[37.47794,-7.36275],[37.4769,-7.36254],[37.47613,-7.36135],[37.47474,-7.36051],[37.47418,-7.36155],[37.47557,-7.36246],[37.47609,-7.36434],[37.47758,-7.36562],[37.48042,-7.36592],[37.48242,-7.36589],[37.48506,-7.36496],[37.48718,-7.3648],[37.48777,-7.36591],[37.48887,-7.36909],[37.48836,-7.37007],[37.48674,-7.36874],[37.48581,-7.36815],[37.48454,-7.36831],[37.48449,-7.3692],[37.48546,-7.371],[37.4851,-7.37323],[37.48555,-7.37732],[37.48789,-7.37768],[37.49025,-7.3757],[37.49259,-7.37524],[37.49399,-7.37735],[37.49457,-7.38028],[37.49246,-7.38086],[37.49034,-7.3812],[37.48811,-7.38272],[37.48764,-7.38482],[37.48857,-7.38611],[37.49092,-7.38577],[37.49431,-7.38707],[37.49665,-7.38977],[37.49687,-7.39152],[37.49816,-7.39246],[37.49922,-7.39071],[37.499,-7.38837],[37.50017,-7.38685],[37.50403,-7.38885],[37.50965,-7.39238],[37.51093,-7.3959],[37.51103,-7.39883],[37.51173,-7.40187],[37.5129,-7.40164],[37.51548,-7.40188],[37.51372,-7.40293],[37.51395,-7.40445],[37.51641,-7.40493],[37.50091,-7.4254],[37.4875,-7.48127]]]]}},{"type":"Feature","properties":{"name":"Tarangire National Park","area_type":"National Park","iucn_cat":"II"},"geometry":{"type":"MultiPolygon","coordinates":[[[[36.11104,-3.82185],[36.14675,-3.86834],[36.15771,-3.89036],[36.16922,-3.91348],[36.18072,-3.93772],[36.19241,-3.96233],[36.2041,-3.98675],[36.21616,-4.01136],[36.22766,-4.0356],[36.23954,-4.06003],[36.25123,-4.08427],[36.26292,-4.10869],[36.28593,-4.15809],[36.29945,-4.18696],[36.29946,-4.18734],[36.3001,-4.21375],[36.30092,-4.24109],[36.30175,-4.26807],[36.30239,-4.29541],[36.30321,-4.32239],[36.30422,-4.34918],[36.30468,-4.37671],[36.30568,-4.40368],[36.30632,-4.43066],[36.30733,-4.45782],[36.30815,-4.48553],[36.29691,-4.48863],[36.29679,-4.48872],[36.27863,-4.50297],[36.27433,-4.52124],[36.27095,-4.53896],[36.26993,-4.5663],[36.2698,-4.5663],[36.24287,-4.56601],[36.21581,-4.56572],[36.18893,-4.5658],[36.16206,-4.56551],[36.13482,-4.5654],[36.10794,-4.56567],[36.0796,-4.56555],[36.07953,-4.5653],[36.07271,-4.53911],[36.06785,-4.52009],[36.06601,-4.51286],[36.05949,-4.4866],[36.05683,-4.47646],[36.0526,-4.46035],[36.04571,-4.43409],[36.03919,-4.40802],[36.01889,-4.32889],[36.00965,-4.29229],[35.91386,-4.13789],[35.89886,-4.11548],[35.88369,-4.09289],[35.86888,-4.07049],[35.85589,-4.05216],[35.86082,-3.96557],[35.8656,-3.95935],[35.87653,-3.94513],[35.88539,-3.93829],[35.90345,-3.92436],[35.9216,-3.88916],[35.93055,-3.8541],[35.92176,-3.84483],[35.91275,-3.84498],[35.92678,-3.82749],[35.94782,-3.80467],[35.95974,-3.79386],[35.96188,-3.78145],[35.96956,-3.73918],[35.97052,-3.72773],[35.9727,-3.72438],[35.9853,-3.70507],[35.99034,-3.67531],[35.99093,-3.67184],[35.99179,-3.6728],[36.00097,-3.68301],[36.0065,-3.68918],[36.0109,-3.69407],[36.02774,-3.71537],[36.04421,-3.73666],[36.06087,-3.75815],[36.07772,-3.77944],[36.08654,-3.79074],[36.0942,-3.80056],[36.11104,-3.82185]]]]}},{"type":"Feature","properties":{"name":"Katavi National Park","area_type":"National Park","iucn_cat":"II"},"geometry":{"type":"MultiPolygon","coordinates":[[[[31.59727,-7.22551],[31.59819,-7.223],[31.59917,-7.2209],[31.59708,-7.21912],[31.5957,-7.21723],[31.59539,-7.215],[31.59552,-7.21219],[31.59622,-7.20994],[31.59565,-7.2067],[31.5969,-7.20444],[31.59494,-7.20195],[31.59204,-7.20214],[31.59033,-7.2001],[31.58951,-7.19792],[31.58754,-7.19641],[31.58805,-7.19407],[31.58675,-7.19224],[31.58539,-7.1903],[31.58296,-7.18841],[31.58067,-7.18695],[31.57732,-7.18693],[31.57405,-7.1869],[31.57211,-7.18754],[31.56986,-7.18756],[31.56823,-7.18984],[31.5656,-7.19027],[31.5635,-7.18845],[31.56215,-7.18624],[31.56003,-7.18603],[31.55739,-7.18652],[31.55511,-7.18828],[31.55277,-7.18883],[31.55219,-7.19143],[31.54954,-7.19086],[31.54912,-7.19318],[31.54727,-7.19497],[31.54521,-7.19585],[31.54246,-7.19472],[31.54031,-7.19425],[31.53907,-7.19201],[31.53708,-7.19002],[31.53532,-7.1885],[31.534,-7.18681],[31.53285,-7.18466],[31.53027,-7.18395],[31.52817,-7.1835],[31.52695,-7.18168],[31.52513,-7.1804],[31.52369,-7.17844],[31.52128,-7.1789],[31.51923,-7.17915],[31.51779,-7.17677],[31.51661,-7.17463],[31.51439,-7.17301],[31.51139,-7.17242],[31.50963,-7.17377],[31.50656,-7.17245],[31.50429,-7.17073],[31.50303,-7.16814],[31.5019,-7.16536],[31.49379,-7.15986],[31.49243,-7.15748],[31.49355,-7.15554],[31.49235,-7.15357],[31.49123,-7.15125],[31.49064,-7.14929],[31.48998,-7.14698],[31.48846,-7.14521],[31.48663,-7.14351],[31.48596,-7.14039],[31.48569,-7.1382],[31.4835,-7.13734],[31.48345,-7.13523],[31.48197,-7.13385],[31.48248,-7.13161],[31.47969,-7.12951],[31.47876,-7.12733],[31.47816,-7.12498],[31.48041,-7.12527],[31.48191,-7.12387],[31.48113,-7.12188],[31.48051,-7.11954],[31.47946,-7.11756],[31.47975,-7.11539],[31.47935,-7.11257],[31.47828,-7.11038],[31.47653,-7.10856],[31.47439,-7.10697],[31.47223,-7.10728],[31.47083,-7.10583],[31.46822,-7.10552],[31.46562,-7.10257],[31.46583,-7.10006],[31.46423,-7.09791],[31.46224,-7.0963],[31.45959,-7.09453],[31.45695,-7.09287],[31.45499,-7.09447],[31.4537,-7.09652],[31.45027,-7.0962],[31.44797,-7.09536],[31.44513,-7.09551],[31.44478,-7.09287],[31.44158,-7.09216],[31.43966,-7.09318],[31.43826,-7.09505],[31.43587,-7.09466],[31.43328,-7.09385],[31.43123,-7.09308],[31.42899,-7.09397],[31.42614,-7.09554],[31.42405,-7.09581],[31.42203,-7.09755],[31.41979,-7.10018],[31.41716,-7.10196],[31.41464,-7.10476],[31.41282,-7.10595],[31.41112,-7.10711],[31.40909,-7.1073],[31.40724,-7.10871],[31.40511,-7.10857],[31.40275,-7.10904],[31.40097,-7.10727],[31.3986,-7.10615],[31.39714,-7.10441],[31.39595,-7.10234],[31.39434,-7.10013],[31.39255,-7.09858],[31.39064,-7.09704],[31.38887,-7.09591],[31.38698,-7.09358],[31.38397,-7.09108],[31.38079,-7.09037],[31.37848,-7.09086],[31.37718,-7.09304],[31.37385,-7.0939],[31.37096,-7.09321],[31.36757,-7.09484],[31.36415,-7.09379],[31.36167,-7.09218],[31.35948,-7.09256],[31.35676,-7.09496],[31.35361,-7.09513],[31.35129,-7.09431],[31.34938,-7.09326],[31.34737,-7.09219],[31.34746,-7.09017],[31.34615,-7.08769],[31.34572,-7.08469],[31.34354,-7.08185],[31.34531,-7.07931],[31.34292,-7.078],[31.34194,-7.07573],[31.34058,-7.07375],[31.34134,-7.07134],[31.34332,-7.06951],[31.34498,-7.06676],[31.34392,-7.065],[31.3413,-7.064],[31.33943,-7.0624],[31.33956,-7.06036],[31.33764,-7.05813],[31.33722,-7.05528],[31.33684,-7.05304],[31.33543,-7.05023],[31.33221,-7.04976],[31.33034,-7.04833],[31.32899,-7.04626],[31.32706,-7.0442],[31.32417,-7.04221],[31.32263,-7.04085],[31.32065,-7.03868],[31.31827,-7.03873],[31.31487,-7.03743],[31.31185,-7.03601],[31.30972,-7.03555],[31.3069,-7.03424],[31.30367,-7.03407],[31.30146,-7.03325],[31.29865,-7.03324],[31.29724,-7.03484],[31.29472,-7.0356],[31.29319,-7.03699],[31.29122,-7.03752],[31.28912,-7.03804],[31.28687,-7.03878],[31.28438,-7.03801],[31.28215,-7.03627],[31.28291,-7.03424],[31.28024,-7.0334],[31.27954,-7.03085],[31.27639,-7.03118],[31.27414,-7.02952],[31.27177,-7.0298],[31.26903,-7.03058],[31.267,-7.02835],[31.26463,-7.02796],[31.26083,-7.02839],[31.25936,-7.03069],[31.25912,-7.03298],[31.25737,-7.03549],[31.25504,-7.03588],[31.25468,-7.03839],[31.25318,-7.03982],[31.2502,-7.04407],[31.24921,-7.04626],[31.24716,-7.04547],[31.24449,-7.045],[31.24237,-7.04467],[31.23994,-7.04223],[31.23891,-7.04011],[31.23927,-7.03769],[31.24096,-7.03549],[31.24109,-7.03317],[31.24279,-7.0309],[31.24307,-7.02869],[31.24519,-7.0265],[31.24667,-7.02364],[31.24937,-7.02233],[31.2488,-7.01483],[31.16836,-7.00191],[31.10527,-7.00196],[30.99926,-6.9859],[30.87732,-6.93495],[30.86366,-6.92494],[30.85602,-6.91916],[30.84885,-6.91386],[30.84312,-6.9088],[30.83931,-6.90328],[30.83336,-6.89463],[30.82835,-6.88838],[30.82336,-6.87997],[30.81836,-6.87276],[30.8136,-6.86556],[30.80811,-6.86002],[30.80311,-6.85305],[30.79787,-6.84608],[30.79239,-6.83792],[30.78643,-6.83214],[30.786,-6.82208],[30.78603,-6.81394],[30.7856,-6.80435],[30.78516,-6.79573],[30.78472,-6.78591],[30.78476,-6.778],[30.78432,-6.76914],[30.78436,-6.76052],[30.77624,-6.75521],[30.76932,-6.74943],[30.76215,-6.74389],[30.75427,-6.73859],[30.75021,-6.73522],[30.75025,-6.72659],[30.75005,-6.71893],[30.74914,-6.70887],[30.74918,-6.69929],[30.74826,-6.69042],[30.74806,-6.68204],[30.74763,-6.67198],[30.74719,-6.66383],[30.74723,-6.65449],[30.74703,-6.64491],[30.74588,-6.63556],[30.74581,-6.63325],[30.76506,-6.6318],[31.14174,-6.6124],[31.14703,-6.61637],[31.15307,-6.62007],[31.14702,-6.62532],[31.1442,-6.62777],[31.14308,-6.63338],[31.14289,-6.6355],[31.14275,-6.63888],[31.14274,-6.64089],[31.14232,-6.64369],[31.14179,-6.64564],[31.14085,-6.64861],[31.1406,-6.65073],[31.14058,-6.65382],[31.14079,-6.65681],[31.14088,-6.65985],[31.14058,-6.66208],[31.1401,-6.66506],[31.1386,-6.66688],[31.13681,-6.66779],[31.13287,-6.67389],[31.13284,-6.67855],[31.13504,-6.68067],[31.137,-6.68793],[31.14792,-6.6877],[31.15669,-6.68746],[31.16595,-6.68722],[31.17522,-6.68698],[31.18399,-6.68649],[31.19374,-6.68673],[31.25661,-6.68528],[31.26563,-6.68504],[31.26608,-6.68713],[31.26797,-6.69028],[31.26889,-6.69351],[31.26942,-6.69545],[31.26916,-6.69947],[31.27857,-6.705],[31.28461,-6.71016],[31.28616,-6.71341],[31.28909,-6.71517],[31.29112,-6.71617],[31.29412,-6.71684],[31.29854,-6.71944],[31.30077,-6.72113],[31.3026,-6.72199],[31.30486,-6.72351],[31.30741,-6.72505],[31.31355,-6.72914],[31.31701,-6.73266],[31.31965,-6.73658],[31.32149,-6.73987],[31.32345,-6.74299],[31.32529,-6.74576],[31.32799,-6.74767],[31.32933,-6.74941],[31.3307,-6.75106],[31.33339,-6.75237],[31.33546,-6.75293],[31.33695,-6.75598],[31.33876,-6.75769],[31.34375,-6.76312],[31.34648,-6.76587],[31.34812,-6.76771],[31.34954,-6.76921],[31.35266,-6.77252],[31.35463,-6.77426],[31.35669,-6.77306],[31.35858,-6.77173],[31.36066,-6.77125],[31.36455,-6.77256],[31.36661,-6.77374],[31.369,-6.77488],[31.37111,-6.77728],[31.37321,-6.77831],[31.37659,-6.78037],[31.37853,-6.78181],[31.38099,-6.78164],[31.38112,-6.78544],[31.3822,-6.78805],[31.38216,-6.79069],[31.38058,-6.79404],[31.37786,-6.79514],[31.37551,-6.79876],[31.37815,-6.80123],[31.37911,-6.80299],[31.38113,-6.80393],[31.38346,-6.8058],[31.38546,-6.807],[31.38798,-6.80803],[31.39265,-6.81146],[31.39506,-6.81316],[31.40084,-6.81526],[31.40414,-6.81543],[31.40795,-6.81672],[31.41244,-6.81739],[31.41585,-6.81685],[31.42005,-6.81668],[31.4238,-6.82007],[31.42532,-6.82217],[31.42911,-6.8226],[31.43112,-6.82176],[31.43453,-6.82067],[31.43727,-6.81919],[31.44029,-6.81728],[31.44312,-6.81621],[31.44553,-6.81406],[31.44697,-6.81142],[31.47834,-6.79664],[31.4802,-6.79567],[31.5019,-6.78576],[31.52064,-6.77718],[31.52275,-6.77434],[31.52405,-6.77185],[31.52649,-6.77007],[31.52909,-6.76887],[31.53251,-6.76967],[31.53531,-6.76964],[31.53789,-6.76784],[31.53988,-6.76666],[31.54173,-6.76512],[31.54375,-6.76319],[31.56029,-6.7604],[31.56258,-6.76058],[31.57165,-6.7584],[31.57962,-6.75735],[31.58213,-6.75636],[31.58747,-6.7561],[31.58952,-6.75559],[31.58948,-6.75173],[31.58967,-6.74947],[31.59194,-6.7501],[31.59356,-6.75149],[31.60097,-6.75089],[31.60357,-6.75085],[31.60595,-6.7508],[31.60835,-6.74969],[31.61093,-6.75128],[31.61315,-6.75129],[31.61583,-6.75258],[31.63269,-6.78542],[31.62392,-6.78847],[31.6195,-6.78773],[31.61548,-6.78247],[31.61094,-6.7768],[31.60841,-6.77687],[31.60658,-6.77929],[31.60275,-6.78383],[31.59884,-6.7835],[31.60023,-6.78894],[31.60219,-6.79467],[31.59985,-6.79933],[31.59211,-6.79993],[31.58717,-6.79645],[31.58097,-6.79446],[31.58047,-6.80151],[31.57877,-6.81196],[31.57522,-6.81897],[31.57448,-6.82173],[31.57587,-6.82579],[31.57657,-6.83211],[31.57412,-6.84543],[31.57178,-6.84962],[31.56743,-6.85692],[31.56658,-6.86072],[31.57004,-6.86776],[31.56879,-6.87413],[31.5708,-6.87946],[31.57667,-6.88833],[31.58632,-6.89519],[31.59098,-6.90023],[31.59811,-6.90715],[31.59772,-6.91312],[31.599,-6.92224],[31.60228,-6.93077],[31.60752,-6.9396],[31.61213,-6.9502],[31.61771,-6.95695],[31.62403,-6.96078],[31.63609,-6.96613],[31.64442,-6.96915],[31.6504,-6.97498],[31.658,-6.98649],[31.66093,-6.99262],[31.66158,-6.99836],[31.66354,-7.00174],[31.67249,-7.0059],[31.67699,-7.00803],[31.69102,-7.01858],[31.69536,-7.02643],[31.69725,-7.02986],[31.71077,-7.0364],[31.79561,-7.10241],[31.83283,-7.20011],[31.83696,-7.2439],[31.83836,-7.27728],[31.83735,-7.28078],[31.836,-7.28413],[31.83305,-7.287],[31.83006,-7.28813],[31.82552,-7.28778],[31.82193,-7.28886],[31.81872,-7.28762],[31.81484,-7.28739],[31.81325,-7.29029],[31.81342,-7.29363],[31.81161,-7.29684],[31.81001,-7.29807],[31.80639,-7.29906],[31.80316,-7.29915],[31.80018,-7.29921],[31.79534,-7.29587],[31.79323,-7.29814],[31.7916,-7.30082],[31.7887,-7.30118],[31.78444,-7.30045],[31.78115,-7.30077],[31.77835,-7.30085],[31.77788,-7.29869],[31.78005,-7.29612],[31.77879,-7.29379],[31.77563,-7.29603],[31.77328,-7.29899],[31.77105,-7.30159],[31.76808,-7.30172],[31.76779,-7.29798],[31.7676,-7.29439],[31.76575,-7.29349],[31.76264,-7.29547],[31.76049,-7.29641],[31.75685,-7.29758],[31.75493,-7.29908],[31.75208,-7.30032],[31.74913,-7.29958],[31.74591,-7.29897],[31.74373,-7.29824],[31.74101,-7.29946],[31.73782,-7.30008],[31.73503,-7.30199],[31.73506,-7.30491],[31.734,-7.30787],[31.73275,-7.31015],[31.731,-7.3112],[31.72822,-7.31154],[31.72466,-7.31234],[31.72368,-7.31472],[31.72331,-7.31726],[31.72035,-7.31889],[31.71744,-7.31949],[31.7139,-7.32001],[31.71099,-7.32011],[31.70953,-7.31872],[31.70768,-7.31685],[31.70569,-7.31508],[31.70345,-7.31458],[31.70172,-7.31622],[31.70194,-7.31848],[31.70263,-7.32055],[31.70302,-7.32406],[31.70392,-7.32665],[31.7065,-7.32831],[31.70683,-7.3306],[31.70643,-7.33266],[31.67423,-7.33335],[31.674,-7.33569],[31.67319,-7.33884],[31.67145,-7.3404],[31.6673,-7.34068],[31.66479,-7.34103],[31.66194,-7.34118],[31.65951,-7.34089],[31.65626,-7.34192],[31.65376,-7.34201],[31.65044,-7.34169],[31.64642,-7.34146],[31.64308,-7.34161],[31.64046,-7.34215],[31.63757,-7.34253],[31.63518,-7.34276],[31.63193,-7.34216],[31.57845,-7.31966],[31.57662,-7.31834],[31.56701,-7.3139],[31.55697,-7.3076],[31.54399,-7.3052],[31.54176,-7.301],[31.54117,-7.29812],[31.54021,-7.29507],[31.53905,-7.29193],[31.53874,-7.28881],[31.53962,-7.28532],[31.53791,-7.28302],[31.53587,-7.28014],[31.53752,-7.277],[31.53816,-7.27421],[31.53866,-7.27225],[31.5401,-7.26897],[31.54141,-7.26721],[31.5428,-7.2655],[31.54524,-7.26546],[31.54659,-7.26743],[31.54965,-7.26844],[31.55035,-7.26639],[31.55093,-7.2639],[31.55435,-7.26226],[31.55377,-7.25816],[31.55561,-7.25655],[31.55842,-7.25582],[31.56692,-7.25016],[31.56971,-7.25108],[31.57182,-7.24881],[31.57466,-7.24702],[31.57723,-7.24652],[31.57924,-7.24554],[31.58278,-7.24417],[31.58427,-7.24164],[31.586,-7.23829],[31.5866,-7.23584],[31.58871,-7.23386],[31.59015,-7.23143],[31.58901,-7.22957],[31.59164,-7.22848],[31.59368,-7.22771],[31.59519,-7.22587],[31.59727,-7.22551]]]]}},{"type":"Feature","properties":{"name":"Kilimanjaro National Park","area_type":"National Park","iucn_cat":"II"},"geometry":{"type":"MultiPolygon","coordinates":[[[[37.25279,-2.8526],[37.25785,-2.85388],[37.27851,-2.85877],[37.28504,-2.86034],[37.29137,-2.86187],[37.30135,-2.86425],[37.30671,-2.86572],[37.33605,-2.87275],[37.34685,-2.87505],[37.34975,-2.87591],[37.35513,-2.88353],[37.35165,-2.88603],[37.35386,-2.89725],[37.35286,-2.89844],[37.36164,-2.90736],[37.36461,-2.91045],[37.36807,-2.90687],[37.37369,-2.90788],[37.37675,-2.9087],[37.3824,-2.90856],[37.39003,-2.90904],[37.39899,-2.91092],[37.40263,-2.90632],[37.40485,-2.90776],[37.40586,-2.91638],[37.4151,-2.92264],[37.41688,-2.92129],[37.42256,-2.92126],[37.43292,-2.92113],[37.43303,-2.92494],[37.4385,-2.92991],[37.44157,-2.9276],[37.4469,-2.93118],[37.44913,-2.92951],[37.45897,-2.93374],[37.45701,-2.94073],[37.45019,-2.95376],[37.45418,-2.95708],[37.46401,-2.96296],[37.47067,-2.96661],[37.47332,-2.97181],[37.4724,-2.97338],[37.47831,-2.98131],[37.48169,-2.9827],[37.48426,-2.98343],[37.48712,-2.98711],[37.5004,-3.00283],[37.51074,-2.99604],[37.51276,-2.99328],[37.51404,-2.99309],[37.51805,-2.99028],[37.5246,-3.00162],[37.5171,-3.00695],[37.51657,-3.01389],[37.51786,-3.02165],[37.52132,-3.02916],[37.52392,-3.03358],[37.52289,-3.0359],[37.52593,-3.04321],[37.52656,-3.04513],[37.52315,-3.04833],[37.53043,-3.0571],[37.53869,-3.05349],[37.54327,-3.05812],[37.54685,-3.06074],[37.55922,-3.06357],[37.56142,-3.06473],[37.56342,-3.06351],[37.56565,-3.06561],[37.56829,-3.07106],[37.56709,-3.07378],[37.56705,-3.07738],[37.56926,-3.0826],[37.57003,-3.08381],[37.57175,-3.0843],[37.57158,-3.09186],[37.56829,-3.09597],[37.56363,-3.09886],[37.56379,-3.10085],[37.56771,-3.1027],[37.5713,-3.10421],[37.57103,-3.10585],[37.57102,-3.10756],[37.57093,-3.10968],[37.57033,-3.11146],[37.56992,-3.11524],[37.56969,-3.11893],[37.56995,-3.12117],[37.57062,-3.12563],[37.57125,-3.12926],[37.57172,-3.13286],[37.57071,-3.13845],[37.56997,-3.14298],[37.5693,-3.1475],[37.56875,-3.1513],[37.57188,-3.15672],[37.57182,-3.15788],[37.57088,-3.16002],[37.56996,-3.16272],[37.57062,-3.1647],[37.57346,-3.1687],[37.57641,-3.17349],[37.57869,-3.17665],[37.57789,-3.18139],[37.57825,-3.18386],[37.57874,-3.18709],[37.57958,-3.19235],[37.58043,-3.19762],[37.5812,-3.20095],[37.58205,-3.20472],[37.58264,-3.20742],[37.58207,-3.2097],[37.58131,-3.21263],[37.57997,-3.21843],[37.57943,-3.22065],[37.58047,-3.22443],[37.58213,-3.22485],[37.58218,-3.22817],[37.58131,-3.23238],[37.57867,-3.2407],[37.57775,-3.24301],[37.57712,-3.24466],[37.57344,-3.24974],[37.56683,-3.25029],[37.56276,-3.24797],[37.56005,-3.246],[37.55804,-3.24109],[37.5553,-3.23991],[37.55438,-3.24075],[37.55164,-3.24486],[37.55059,-3.24501],[37.54953,-3.24365],[37.54788,-3.24353],[37.54585,-3.24378],[37.54475,-3.24271],[37.5421,-3.2421],[37.54109,-3.24099],[37.53779,-3.24175],[37.53318,-3.24168],[37.53294,-3.24938],[37.52597,-3.24821],[37.52427,-3.2406],[37.52011,-3.23745],[37.51918,-3.24036],[37.51735,-3.2409],[37.51593,-3.23995],[37.5133,-3.23995],[37.51193,-3.23983],[37.51056,-3.23779],[37.50989,-3.23561],[37.50834,-3.23546],[37.50593,-3.23526],[37.50562,-3.2337],[37.50474,-3.23407],[37.50213,-3.23674],[37.50124,-3.23819],[37.49968,-3.24014],[37.49799,-3.24143],[37.49456,-3.24128],[37.49206,-3.24112],[37.48859,-3.24204],[37.48596,-3.24152],[37.4837,-3.23983],[37.484,-3.23763],[37.47992,-3.23806],[37.48093,-3.24099],[37.48001,-3.24174],[37.47734,-3.24315],[37.47538,-3.24505],[37.47265,-3.2465],[37.4711,-3.24783],[37.46933,-3.24888],[37.46569,-3.24973],[37.46335,-3.25116],[37.4611,-3.24973],[37.45966,-3.25059],[37.45836,-3.25369],[37.46154,-3.25971],[37.46334,-3.27102],[37.46142,-3.27128],[37.46013,-3.27405],[37.4639,-3.27677],[37.46614,-3.27758],[37.46496,-3.27908],[37.46349,-3.27992],[37.46596,-3.28812],[37.46873,-3.29511],[37.46701,-3.2983],[37.46573,-3.29746],[37.46374,-3.29768],[37.46114,-3.29407],[37.45985,-3.29268],[37.45751,-3.28577],[37.45977,-3.28045],[37.4512,-3.27531],[37.4484,-3.27678],[37.44858,-3.27884],[37.4465,-3.28127],[37.44704,-3.28228],[37.44635,-3.28604],[37.44875,-3.2884],[37.44637,-3.28977],[37.44694,-3.29086],[37.43926,-3.29047],[37.43904,-3.28762],[37.43067,-3.28421],[37.42232,-3.2771],[37.42158,-3.26968],[37.41864,-3.2662],[37.40951,-3.25411],[37.40595,-3.2517],[37.39707,-3.2436],[37.39235,-3.23488],[37.38228,-3.23256],[37.37565,-3.23669],[37.37148,-3.23243],[37.37228,-3.23074],[37.3698,-3.22936],[37.36387,-3.23397],[37.36211,-3.23142],[37.36004,-3.22989],[37.3552,-3.22945],[37.34914,-3.22906],[37.34602,-3.22647],[37.34215,-3.22211],[37.34135,-3.21899],[37.34037,-3.21835],[37.33856,-3.2171],[37.33537,-3.21466],[37.32937,-3.21507],[37.32746,-3.21394],[37.32579,-3.21185],[37.32375,-3.20988],[37.32266,-3.20935],[37.32017,-3.20656],[37.31888,-3.20441],[37.31998,-3.20283],[37.32041,-3.20031],[37.32057,-3.19711],[37.32079,-3.19445],[37.32047,-3.19299],[37.31901,-3.19146],[37.31645,-3.18588],[37.31447,-3.188],[37.31207,-3.18934],[37.30961,-3.19018],[37.30772,-3.18992],[37.30508,-3.18947],[37.29811,-3.19285],[37.29539,-3.18652],[37.29348,-3.1841],[37.29052,-3.1827],[37.28733,-3.17996],[37.28621,-3.18256],[37.28658,-3.18754],[37.28255,-3.18843],[37.27997,-3.18847],[37.27729,-3.18876],[37.27602,-3.18926],[37.27393,-3.18907],[37.27032,-3.18876],[37.27238,-3.18154],[37.26953,-3.18202],[37.26639,-3.18246],[37.26322,-3.18224],[37.25798,-3.17963],[37.25568,-3.17875],[37.25226,-3.17758],[37.24865,-3.176],[37.2457,-3.17477],[37.24087,-3.17249],[37.23696,-3.1707],[37.23318,-3.16798],[37.2291,-3.16707],[37.22558,-3.16617],[37.22532,-3.16609],[37.22517,-3.16605],[37.22004,-3.16452],[37.21746,-3.16376],[37.211,-3.16196],[37.20908,-3.1615],[37.20698,-3.1611],[37.19389,-3.15811],[37.19236,-3.15897],[37.18977,-3.16172],[37.17933,-3.18095],[37.1739,-3.183],[37.16952,-3.18146],[37.16481,-3.18329],[37.16051,-3.17777],[37.15808,-3.17333],[37.15422,-3.17096],[37.1515,-3.16962],[37.14615,-3.17171],[37.14245,-3.16902],[37.14186,-3.16809],[37.14094,-3.16663],[37.1399,-3.16498],[37.13854,-3.16414],[37.13601,-3.16446],[37.1343,-3.16346],[37.12953,-3.1616],[37.12808,-3.1614],[37.12393,-3.15812],[37.12469,-3.154],[37.13245,-3.14781],[37.13188,-3.14603],[37.13188,-3.14291],[37.13195,-3.14089],[37.12868,-3.14197],[37.12727,-3.13978],[37.12311,-3.13434],[37.11805,-3.13907],[37.11044,-3.14684],[37.1026,-3.1508],[37.10212,-3.15287],[37.10029,-3.14818],[37.09711,-3.14957],[37.09367,-3.15059],[37.08877,-3.15264],[37.08487,-3.15367],[37.08174,-3.15059],[37.07927,-3.15255],[37.07642,-3.15108],[37.07412,-3.149],[37.07407,-3.14905],[37.07058,-3.15293],[37.06878,-3.15523],[37.06535,-3.15669],[37.06388,-3.1605],[37.06135,-3.15837],[37.05997,-3.15568],[37.05785,-3.15353],[37.05521,-3.15103],[37.05242,-3.14732],[37.05349,-3.14564],[37.05614,-3.1474],[37.05919,-3.14377],[37.06155,-3.13942],[37.06143,-3.13675],[37.06164,-3.13293],[37.06061,-3.13012],[37.0599,-3.1252],[37.06174,-3.11953],[37.06201,-3.1139],[37.06287,-3.11155],[37.06508,-3.10769],[37.06537,-3.10719],[37.06847,-3.10118],[37.07036,-3.09742],[37.07002,-3.09308],[37.07084,-3.09013],[37.07171,-3.08776],[37.07343,-3.08389],[37.0742,-3.08179],[37.07508,-3.07938],[37.07433,-3.07228],[37.07422,-3.07122],[37.07373,-3.06664],[37.07422,-3.06664],[37.07762,-3.06665],[37.0802,-3.06375],[37.07998,-3.05894],[37.07319,-3.06197],[37.07265,-3.05752],[37.07384,-3.04973],[37.07954,-3.04595],[37.07997,-3.04286],[37.07955,-3.04154],[37.07745,-3.04042],[37.08254,-3.03661],[37.08996,-3.03188],[37.09471,-3.02892],[37.09805,-3.02893],[37.10203,-3.03005],[37.10724,-3.02617],[37.11292,-3.0217],[37.12694,-3.01777],[37.12742,-3.00952],[37.13084,-3.00048],[37.13645,-3.00105],[37.1376,-2.99699],[37.14036,-2.99427],[37.14042,-2.991],[37.14036,-2.98673],[37.13716,-2.98688],[37.13267,-2.98641],[37.12787,-2.98571],[37.12379,-2.98569],[37.11989,-2.98487],[37.11749,-2.98416],[37.11189,-2.98215],[37.11381,-2.9792],[37.119,-2.97908],[37.11872,-2.97682],[37.11847,-2.97106],[37.11879,-2.96826],[37.1232,-2.96482],[37.12434,-2.96902],[37.12932,-2.96895],[37.12914,-2.975],[37.1323,-2.97964],[37.13717,-2.97992],[37.13898,-2.97996],[37.1395,-2.97793],[37.13781,-2.97224],[37.14054,-2.9696],[37.14119,-2.97271],[37.14306,-2.97405],[37.14537,-2.97413],[37.14736,-2.97351],[37.14694,-2.97271],[37.14694,-2.96865],[37.14947,-2.96537],[37.14834,-2.96083],[37.14667,-2.95707],[37.14982,-2.956],[37.15293,-2.95432],[37.15252,-2.95184],[37.15183,-2.94731],[37.15282,-2.94418],[37.15234,-2.94041],[37.14779,-2.94003],[37.14619,-2.93059],[37.13911,-2.93248],[37.12926,-2.93151],[37.12966,-2.93483],[37.12759,-2.93898],[37.12578,-2.9409],[37.12398,-2.93963],[37.12363,-2.9406],[37.12253,-2.93938],[37.12214,-2.93704],[37.11633,-2.93413],[37.11568,-2.92865],[37.11864,-2.92303],[37.1188,-2.91646],[37.11768,-2.9107],[37.11589,-2.90621],[37.11788,-2.90154],[37.11967,-2.90068],[37.12279,-2.89822],[37.1271,-2.89624],[37.13134,-2.8937],[37.13492,-2.88939],[37.13913,-2.88249],[37.14373,-2.8803],[37.148,-2.87876],[37.15067,-2.87626],[37.1555,-2.88019],[37.1615,-2.88478],[37.16302,-2.87983],[37.16553,-2.87659],[37.17149,-2.87068],[37.17899,-2.86745],[37.18181,-2.86936],[37.18495,-2.87175],[37.18919,-2.87391],[37.19333,-2.87032],[37.19653,-2.86777],[37.19964,-2.86553],[37.2002,-2.86375],[37.19963,-2.86311],[37.20016,-2.85745],[37.20236,-2.85985],[37.20711,-2.85825],[37.20751,-2.85275],[37.22031,-2.85296],[37.22847,-2.85301],[37.23945,-2.85253],[37.24785,-2.85232],[37.25279,-2.8526]]]]}},{"type":"Feature","properties":{"name":"Rubondo Island National Park","area_type":"National Park","iucn_cat":"II"},"geometry":{"type":"MultiPolygon","coordinates":[[[[31.82179,-2.1706],[31.82179,-2.17066],[31.92812,-2.292],[31.93895,-2.37753],[31.93408,-2.41177],[31.91428,-2.44666],[31.84857,-2.49478],[31.73636,-2.28932],[31.77051,-2.20534],[31.82179,-2.1706]]]]}},{"type":"Feature","properties":{"name":"Lake Manyara National Park","area_type":"National Park","iucn_cat":"II"},"geometry":{"type":"MultiPolygon","coordinates":[[[[35.82162,-3.38718],[35.82234,-3.38561],[35.82609,-3.38156],[35.83156,-3.37672],[35.83687,-3.37283],[35.8414,-3.37077],[35.84956,-3.37283],[35.85081,-3.38006],[35.8507,-3.38305],[35.84865,-3.38663],[35.85086,-3.39198],[35.85361,-3.39734],[35.85335,-3.40311],[35.84223,-3.41602],[35.86009,-3.42624],[35.86885,-3.43104],[35.86997,-3.63866],[35.79024,-3.64027],[35.78223,-3.71253],[35.74577,-3.71217],[35.72937,-3.70306],[35.71843,-3.72393],[35.71017,-3.73991],[35.69225,-3.74036],[35.68301,-3.73722],[35.65373,-3.7711],[35.65374,-3.7756],[35.63369,-3.79294],[35.62754,-3.78369],[35.61168,-3.79393],[35.60574,-3.7915],[35.5987,-3.79397],[35.58099,-3.79045],[35.58567,-3.75127],[35.56851,-3.71537],[35.54755,-3.69258],[35.55601,-3.68853],[35.57039,-3.69339],[35.57089,-3.68368],[35.58383,-3.67686],[35.59457,-3.67876],[35.60355,-3.68631],[35.62049,-3.6699],[35.6202,-3.6707],[35.62152,-3.6705],[35.62259,-3.67192],[35.62606,-3.67058],[35.62544,-3.67215],[35.62648,-3.673],[35.65974,-3.6547],[35.67481,-3.60546],[35.70151,-3.59767],[35.69214,-3.58164],[35.70061,-3.57063],[35.71841,-3.55519],[35.70989,-3.55567],[35.75479,-3.52198],[35.76353,-3.47025],[35.76409,-3.46024],[35.77935,-3.4464],[35.79393,-3.43716],[35.7964,-3.42382],[35.80394,-3.41383],[35.80274,-3.40556],[35.81443,-3.39444],[35.81261,-3.39276],[35.81674,-3.39283],[35.81813,-3.39187],[35.82338,-3.39275],[35.82162,-3.38718]]]]}},{"type":"Feature","properties":{"name":"Arusha National Park","area_type":"National Park","iucn_cat":"II"},"geometry":{"type":"MultiPolygon","coordinates":[[[[36.74703,-3.17041],[36.74818,-3.17111],[36.74962,-3.17082],[36.75228,-3.17013],[36.7547,-3.17049],[36.75775,-3.17194],[36.76029,-3.17357],[36.76231,-3.17439],[36.76392,-3.17572],[36.76496,-3.17567],[36.76726,-3.17718],[36.76911,-3.17823],[36.77043,-3.1791],[36.77225,-3.17978],[36.77262,-3.17992],[36.7734,-3.18024],[36.77544,-3.18108],[36.77834,-3.18179],[36.77821,-3.18369],[36.77785,-3.1844],[36.77896,-3.18603],[36.78007,-3.18728],[36.78144,-3.18681],[36.7826,-3.18589],[36.78427,-3.1854],[36.78501,-3.18553],[36.78527,-3.18654],[36.78636,-3.18669],[36.78752,-3.18642],[36.78932,-3.1858],[36.79552,-3.18768],[36.79954,-3.18954],[36.80069,-3.19082],[36.80328,-3.19402],[36.80628,-3.19594],[36.80818,-3.19658],[36.81078,-3.19624],[36.81528,-3.19462],[36.81689,-3.19393],[36.81764,-3.19445],[36.81793,-3.19527],[36.81856,-3.19637],[36.81775,-3.19706],[36.81717,-3.19811],[36.81735,-3.19845],[36.81804,-3.19915],[36.81879,-3.19991],[36.82,-3.20084],[36.82115,-3.20136],[36.82178,-3.202],[36.82276,-3.2031],[36.82339,-3.20299],[36.82392,-3.20212],[36.82501,-3.20131],[36.82611,-3.20131],[36.82703,-3.20085],[36.82767,-3.2001],[36.82819,-3.2001],[36.82894,-3.2001],[36.82975,-3.20057],[36.83067,-3.20156],[36.8313,-3.20243],[36.83268,-3.20313],[36.83395,-3.20365],[36.83574,-3.20394],[36.83701,-3.20447],[36.8377,-3.20586],[36.84213,-3.20854],[36.84617,-3.21034],[36.85519,-3.21386],[36.85521,-3.21703],[36.85295,-3.22091],[36.85317,-3.2252],[36.85276,-3.22851],[36.85034,-3.23036],[36.87035,-3.23556],[36.86966,-3.23063],[36.87804,-3.22375],[36.87424,-3.22148],[36.89349,-3.20488],[36.90369,-3.20722],[36.91635,-3.21925],[36.91813,-3.23486],[36.90108,-3.24708],[36.89985,-3.24862],[36.89968,-3.25082],[36.89866,-3.26551],[36.89855,-3.2676],[36.9012,-3.26712],[36.91355,-3.26352],[36.91487,-3.26341],[36.91612,-3.26352],[36.91723,-3.26396],[36.91812,-3.26419],[36.91924,-3.26443],[36.92052,-3.26478],[36.92134,-3.26519],[36.92253,-3.2659],[36.92509,-3.26583],[36.92636,-3.26589],[36.92752,-3.26595],[36.93098,-3.26619],[36.93248,-3.26625],[36.93444,-3.26631],[36.93629,-3.26632],[36.93658,-3.2658],[36.93871,-3.26354],[36.93999,-3.26001],[36.94097,-3.25902],[36.9427,-3.25955],[36.94495,-3.26019],[36.94714,-3.26043],[36.9506,-3.26136],[36.95389,-3.26177],[36.95609,-3.26149],[36.95753,-3.26259],[36.9581,-3.26393],[36.95937,-3.26468],[36.96104,-3.26585],[36.9626,-3.26666],[36.96421,-3.26725],[36.96628,-3.26911],[36.96651,-3.27073],[36.96697,-3.27264],[36.96708,-3.27514],[36.96742,-3.27665],[36.96742,-3.27914],[36.96793,-3.28117],[36.96694,-3.28703],[36.96693,-3.28975],[36.96705,-3.29167],[36.96727,-3.29364],[36.96721,-3.29538],[36.96726,-3.29723],[36.9668,-3.29891],[36.96709,-3.30002],[36.96749,-3.30106],[36.96714,-3.30263],[36.96673,-3.30367],[36.96719,-3.30483],[36.96719,-3.30616],[36.96707,-3.30732],[36.96701,-3.30831],[36.96678,-3.30912],[36.96649,-3.31132],[36.96642,-3.31306],[36.96602,-3.31405],[36.96544,-3.31544],[36.96521,-3.31689],[36.9652,-3.3184],[36.96583,-3.31979],[36.96676,-3.32078],[36.96716,-3.32229],[36.96738,-3.3235],[36.96692,-3.32455],[36.96651,-3.32617],[36.96651,-3.32768],[36.96662,-3.32895],[36.96712,-3.3315],[36.96506,-3.33127],[36.94781,-3.32973],[36.94712,-3.32926],[36.94608,-3.32926],[36.94562,-3.32879],[36.9451,-3.32763],[36.94395,-3.32549],[36.94269,-3.32357],[36.94113,-3.32177],[36.94079,-3.3209],[36.93918,-3.31944],[36.93877,-3.31922],[36.93743,-3.32017],[36.93634,-3.32128],[36.9347,-3.32235],[36.93418,-3.32296],[36.93446,-3.32471],[36.93315,-3.3246],[36.93236,-3.32473],[36.9314,-3.32508],[36.93084,-3.32467],[36.93018,-3.32379],[36.92924,-3.32299],[36.92813,-3.32251],[36.92725,-3.32218],[36.92522,-3.32147],[36.92441,-3.32141],[36.92323,-3.32159],[36.92308,-3.32129],[36.92287,-3.32051],[36.92293,-3.31986],[36.92582,-3.3174],[36.92635,-3.31666],[36.92652,-3.31559],[36.92613,-3.31537],[36.92406,-3.31737],[36.92294,-3.31757],[36.92138,-3.31763],[36.9207,-3.31688],[36.91985,-3.31565],[36.91948,-3.315],[36.91852,-3.31382],[36.91755,-3.31313],[36.91588,-3.31266],[36.91336,-3.31293],[36.89552,-3.31836],[36.8918,-3.31793],[36.88621,-3.31672],[36.87924,-3.31427],[36.87356,-3.31226],[36.87376,-3.31159],[36.87319,-3.31101],[36.87272,-3.31089],[36.87197,-3.31089],[36.87053,-3.31089],[36.87001,-3.31089],[36.8684,-3.31135],[36.8669,-3.31277],[36.86408,-3.31336],[36.86406,-3.31339],[36.86346,-3.31412],[36.86227,-3.31459],[36.86061,-3.31465],[36.85935,-3.31605],[36.85775,-3.31784],[36.85894,-3.32051],[36.85987,-3.32144],[36.86112,-3.32231],[36.86232,-3.32299],[36.86661,-3.32479],[36.86735,-3.32485],[36.86841,-3.32486],[36.86914,-3.32539],[36.86903,-3.3258],[36.8688,-3.32672],[36.86767,-3.32799],[36.86621,-3.32945],[36.86475,-3.32971],[36.86402,-3.33097],[36.86355,-3.33204],[36.86415,-3.33317],[36.86368,-3.33484],[36.86229,-3.33557],[36.8609,-3.33423],[36.85964,-3.3327],[36.85965,-3.33176],[36.86024,-3.33103],[36.86058,-3.33017],[36.85912,-3.32956],[36.85773,-3.32963],[36.85647,-3.33082],[36.85467,-3.33342],[36.85261,-3.33528],[36.85016,-3.33601],[36.84804,-3.33514],[36.84606,-3.3332],[36.84368,-3.3312],[36.84196,-3.32833],[36.8413,-3.3254],[36.84124,-3.32287],[36.84158,-3.32054],[36.84251,-3.31907],[36.84357,-3.31801],[36.84503,-3.31715],[36.84715,-3.31609],[36.84948,-3.31522],[36.85014,-3.31409],[36.85014,-3.31296],[36.84962,-3.31176],[36.84909,-3.31043],[36.84677,-3.30843],[36.84545,-3.30697],[36.84279,-3.30726],[36.841,-3.307],[36.84014,-3.30589],[36.83824,-3.3038],[36.83778,-3.3027],[36.83732,-3.302],[36.83611,-3.30113],[36.83542,-3.29985],[36.83444,-3.29997],[36.83299,-3.30054],[36.83144,-3.30048],[36.83023,-3.29967],[36.82844,-3.29926],[36.82688,-3.30007],[36.82682,-3.30094],[36.82682,-3.30163],[36.82647,-3.30268],[36.82474,-3.30273],[36.82232,-3.30284],[36.82128,-3.30226],[36.82163,-3.30145],[36.82221,-3.3004],[36.8225,-3.2982],[36.82204,-3.29739],[36.82057,-3.29677],[36.81979,-3.29692],[36.81852,-3.29721],[36.81719,-3.29744],[36.81494,-3.29795],[36.81275,-3.29876],[36.81124,-3.29951],[36.80917,-3.30049],[36.80674,-3.30182],[36.80541,-3.30275],[36.80483,-3.30344],[36.80414,-3.30292],[36.80339,-3.30257],[36.80166,-3.30279],[36.80166,-3.30366],[36.80062,-3.30476],[36.79871,-3.30563],[36.79819,-3.30661],[36.796,-3.30713],[36.79317,-3.30707],[36.78948,-3.3063],[36.78677,-3.3056],[36.78671,-3.30612],[36.78648,-3.30717],[36.78647,-3.30815],[36.78595,-3.30844],[36.7848,-3.30885],[36.78341,-3.30913],[36.78312,-3.31163],[36.78271,-3.31296],[36.78191,-3.31319],[36.77965,-3.31353],[36.77717,-3.31353],[36.77469,-3.31277],[36.77152,-3.31247],[36.7706,-3.31287],[36.76875,-3.31287],[36.76563,-3.31472],[36.76419,-3.31674],[36.76332,-3.31825],[36.76129,-3.31969],[36.75927,-3.32062],[36.75743,-3.32096],[36.7567,-3.32173],[36.75627,-3.3226],[36.75534,-3.3244],[36.7544,-3.32418],[36.75333,-3.32286],[36.7531,-3.32182],[36.75339,-3.32072],[36.75368,-3.3191],[36.75351,-3.3177],[36.7527,-3.31678],[36.75161,-3.31625],[36.75045,-3.31584],[36.74882,-3.31543],[36.74409,-3.31355],[36.74228,-3.31228],[36.74137,-3.31129],[36.74135,-3.3113],[36.74082,-3.31015],[36.74035,-3.30956],[36.73996,-3.30878],[36.74009,-3.30776],[36.74015,-3.30585],[36.73975,-3.30439],[36.73877,-3.3037],[36.73733,-3.30369],[36.736,-3.30375],[36.73543,-3.30294],[36.73472,-3.30321],[36.73435,-3.30295],[36.73358,-3.30238],[36.73276,-3.30188],[36.73174,-3.30177],[36.73041,-3.30136],[36.73013,-3.30031],[36.72948,-3.29975],[36.72814,-3.29998],[36.72747,-3.30041],[36.72725,-3.30048],[36.72701,-3.3006],[36.72624,-3.30115],[36.72574,-3.30187],[36.72423,-3.30212],[36.72283,-3.30198],[36.7216,-3.30129],[36.72038,-3.30076],[36.71893,-3.3004],[36.71715,-3.3004],[36.71594,-3.29959],[36.71495,-3.29958],[36.71409,-3.30045],[36.71236,-3.30033],[36.71109,-3.3001],[36.7108,-3.29917],[36.7108,-3.29836],[36.71075,-3.29737],[36.70859,-3.29525],[36.7073,-3.29323],[36.70765,-3.29223],[36.71111,-3.2903],[36.7133,-3.28955],[36.71538,-3.28874],[36.71717,-3.28828],[36.71777,-3.28727],[36.7177,-3.2865],[36.71663,-3.28502],[36.71361,-3.28201],[36.71269,-3.28079],[36.71137,-3.27946],[36.71016,-3.27858],[36.70906,-3.27742],[36.70883,-3.27649],[36.70895,-3.27487],[36.70919,-3.27342],[36.70931,-3.27243],[36.70867,-3.27162],[36.70764,-3.27092],[36.70471,-3.27005],[36.69956,-3.26905],[36.69766,-3.2691],[36.69596,-3.2697],[36.69449,-3.26944],[36.69391,-3.26828],[36.69374,-3.26735],[36.69202,-3.26335],[36.69139,-3.26283],[36.6885,-3.2627],[36.68815,-3.26311],[36.68596,-3.26241],[36.68458,-3.26107],[36.68493,-3.25881],[36.68517,-3.25626],[36.68489,-3.25139],[36.68363,-3.25052],[36.68011,-3.24952],[36.67706,-3.24824],[36.67601,-3.25201],[36.67329,-3.25386],[36.67087,-3.2535],[36.66926,-3.25298],[36.66811,-3.25152],[36.66852,-3.24903],[36.66949,-3.24661],[36.67039,-3.24578],[36.66932,-3.24453],[36.66851,-3.24501],[36.66343,-3.2514],[36.66174,-3.26241],[36.65865,-3.2729],[36.65524,-3.28068],[36.65479,-3.28363],[36.65297,-3.28674],[36.64864,-3.28546],[36.64405,-3.28404],[36.6435,-3.28497],[36.64172,-3.28676],[36.64054,-3.28731],[36.63953,-3.28736],[36.63869,-3.28726],[36.63637,-3.28505],[36.63786,-3.28328],[36.63995,-3.28027],[36.64412,-3.27327],[36.64915,-3.26644],[36.65245,-3.26036],[36.66102,-3.2482],[36.66168,-3.2458],[36.66297,-3.24218],[36.659,-3.2381],[36.66131,-3.23119],[36.6613,-3.22477],[36.66084,-3.22139],[36.65918,-3.22008],[36.65843,-3.21869],[36.65745,-3.21752],[36.65665,-3.21538],[36.65793,-3.21312],[36.65908,-3.21237],[36.66214,-3.21284],[36.6645,-3.21383],[36.66537,-3.21395],[36.66767,-3.21389],[36.66889,-3.21239],[36.66791,-3.20943],[36.66705,-3.20856],[36.66601,-3.20769],[36.66527,-3.20629],[36.66516,-3.20461],[36.66585,-3.20305],[36.66666,-3.20166],[36.66793,-3.20137],[36.6692,-3.20137],[36.67099,-3.20231],[36.67237,-3.20335],[36.67421,-3.20521],[36.67513,-3.20574],[36.67524,-3.20719],[36.67559,-3.20782],[36.67611,-3.20765],[36.67738,-3.20731],[36.67842,-3.20713],[36.67986,-3.20778],[36.68084,-3.20871],[36.68147,-3.21045],[36.68152,-3.21271],[36.68226,-3.21613],[36.68335,-3.21845],[36.68358,-3.21938],[36.68358,-3.22118],[36.68404,-3.22176],[36.68571,-3.22234],[36.68807,-3.22264],[36.68853,-3.22403],[36.68859,-3.2249],[36.68835,-3.22768],[36.68766,-3.22774],[36.68645,-3.22727],[36.68512,-3.22733],[36.68414,-3.22831],[36.68316,-3.22924],[36.68292,-3.23034],[36.68321,-3.23173],[36.68384,-3.23266],[36.68465,-3.23266],[36.68523,-3.23243],[36.68615,-3.2315],[36.68719,-3.23104],[36.688,-3.23139],[36.68805,-3.23209],[36.68805,-3.2329],[36.68805,-3.23365],[36.6892,-3.23441],[36.68995,-3.2343],[36.69064,-3.23465],[36.69047,-3.23557],[36.69075,-3.23633],[36.6915,-3.23633],[36.69225,-3.23633],[36.69295,-3.23598],[36.69307,-3.23459],[36.69278,-3.23297],[36.69313,-3.23164],[36.69487,-3.22909],[36.69487,-3.22764],[36.69389,-3.22567],[36.6932,-3.2245],[36.69142,-3.22149],[36.6901,-3.21748],[36.68896,-3.21342],[36.68931,-3.21151],[36.68978,-3.20936],[36.69013,-3.20693],[36.69111,-3.20542],[36.69221,-3.20554],[36.69243,-3.20833],[36.69329,-3.2096],[36.69416,-3.21053],[36.69514,-3.21088],[36.69652,-3.21106],[36.69883,-3.21136],[36.7001,-3.21229],[36.69992,-3.2149],[36.69939,-3.21692],[36.70002,-3.21971],[36.70141,-3.21954],[36.70215,-3.22035],[36.70313,-3.22192],[36.70371,-3.22163],[36.70411,-3.22122],[36.70486,-3.22065],[36.70458,-3.21995],[36.70447,-3.21833],[36.70481,-3.21769],[36.70493,-3.21734],[36.70534,-3.21612],[36.70632,-3.21485],[36.70753,-3.21358],[36.70852,-3.2119],[36.70956,-3.20981],[36.71118,-3.20779],[36.7132,-3.20745],[36.71643,-3.20722],[36.71961,-3.20671],[36.72347,-3.20498],[36.72688,-3.20434],[36.73063,-3.20325],[36.7319,-3.20209],[36.73346,-3.20158],[36.73467,-3.20129],[36.73571,-3.20129],[36.73739,-3.2013],[36.74056,-3.20043],[36.74252,-3.19893],[36.74431,-3.19812],[36.74524,-3.19598],[36.7464,-3.19598],[36.74732,-3.19558],[36.74807,-3.1943],[36.74842,-3.1932],[36.7479,-3.19204],[36.74635,-3.18995],[36.74612,-3.18879],[36.74607,-3.18792],[36.74659,-3.1863],[36.74694,-3.18496],[36.74689,-3.18328],[36.7451,-3.18183],[36.74268,-3.17991],[36.74205,-3.17817],[36.7424,-3.17498],[36.7435,-3.17266],[36.74431,-3.17145],[36.74461,-3.1693],[36.74524,-3.16965],[36.74703,-3.17041]]]]}},{"type":"Feature","properties":{"name":"Gombe National Park","area_type":"National Park","iucn_cat":"II"},"geometry":{"type":"MultiPolygon","coordinates":[[[[29.62685,-4.74027],[29.62373,-4.74932],[29.62052,-4.75349],[29.60946,-4.74986],[29.60423,-4.74703],[29.60146,-4.74705],[29.58795,-4.74711],[29.62268,-4.62545],[29.63619,-4.6254],[29.63692,-4.62709],[29.66328,-4.64338],[29.65804,-4.65294],[29.65672,-4.66153],[29.64875,-4.67694],[29.63838,-4.69504],[29.63482,-4.70454],[29.62916,-4.72385],[29.62685,-4.74027]]]]}},{"type":"Feature","properties":{"name":"Mahale Mountains National Park","area_type":"National Park","iucn_cat":"II"},"geometry":{"type":"MultiPolygon","coordinates":[[[[29.71733,-6.25224],[29.71336,-6.25197],[29.71331,-6.25141],[29.71297,-6.25055],[29.712,-6.24916],[29.71087,-6.24707],[29.71008,-6.24474],[29.70921,-6.24251],[29.7082,-6.24024],[29.7079,-6.23841],[29.70759,-6.23618],[29.70796,-6.23479],[29.7085,-6.23396],[29.70943,-6.23295],[29.71005,-6.23218],[29.71047,-6.23146],[29.71066,-6.23061],[29.71036,-6.22937],[29.70993,-6.22895],[29.70943,-6.22827],[29.70923,-6.2274],[29.70946,-6.22608],[29.70999,-6.22507],[29.71091,-6.2243],[29.71163,-6.22362],[29.7119,-6.22307],[29.71218,-6.22247],[29.71267,-6.22222],[29.71301,-6.22174],[29.71317,-6.22132],[29.71357,-6.22025],[29.71408,-6.21954],[29.71543,-6.21353],[29.71589,-6.21241],[29.71693,-6.21146],[29.7171,-6.21021],[29.71729,-6.20851],[29.71797,-6.20768],[29.71908,-6.20692],[29.72041,-6.20625],[29.72192,-6.20601],[29.72265,-6.20581],[29.72294,-6.20538],[29.72271,-6.20439],[29.72289,-6.20341],[29.72333,-6.203],[29.72368,-6.2019],[29.72434,-6.20094],[29.72534,-6.20036],[29.72643,-6.20012],[29.72718,-6.20005],[29.72743,-6.19963],[29.72749,-6.19932],[29.72749,-6.19871],[29.72755,-6.19707],[29.72796,-6.19594],[29.72851,-6.19529],[29.72899,-6.19454],[29.72912,-6.19332],[29.7289,-6.19277],[29.72827,-6.19251],[29.72733,-6.19214],[29.7268,-6.19164],[29.7266,-6.19069],[29.72642,-6.18868],[29.72631,-6.18706],[29.72577,-6.18602],[29.72553,-6.18505],[29.7252,-6.18426],[29.72466,-6.18303],[29.72445,-6.18127],[29.72472,-6.17987],[29.72494,-6.17944],[29.72597,-6.17524],[29.72634,-6.17292],[29.72624,-6.17156],[29.72567,-6.17119],[29.72468,-6.17085],[29.72362,-6.17043],[29.72222,-6.16974],[29.72156,-6.16912],[29.72082,-6.16786],[29.71976,-6.16667],[29.71927,-6.16494],[29.71847,-6.16314],[29.7175,-6.16172],[29.71678,-6.15971],[29.71661,-6.15811],[29.71668,-6.15616],[29.71719,-6.15469],[29.71755,-6.15282],[29.71806,-6.15116],[29.72022,-6.14725],[29.72051,-6.14567],[29.72011,-6.14484],[29.71958,-6.14454],[29.7184,-6.14427],[29.71743,-6.14407],[29.71703,-6.14349],[29.71701,-6.14287],[29.71732,-6.14241],[29.71777,-6.14189],[29.71811,-6.14111],[29.71803,-6.1402],[29.71766,-6.1395],[29.71738,-6.13877],[29.71744,-6.13787],[29.71745,-6.13668],[29.71695,-6.13577],[29.71672,-6.13451],[29.71674,-6.13314],[29.71712,-6.13164],[29.71706,-6.13086],[29.71681,-6.13062],[29.71624,-6.13034],[29.71583,-6.13004],[29.7152,-6.12914],[29.71483,-6.12777],[29.71461,-6.12699],[29.71402,-6.12583],[29.71406,-6.12467],[29.714,-6.12356],[29.71383,-6.1217],[29.71403,-6.12061],[29.71429,-6.11952],[29.71467,-6.11727],[29.71497,-6.11578],[29.71543,-6.1146],[29.71742,-6.1114],[29.71742,-6.11066],[29.71717,-6.1104],[29.7167,-6.11027],[29.71644,-6.10993],[29.71632,-6.1095],[29.71634,-6.10888],[29.71638,-6.10738],[29.71606,-6.10648],[29.71513,-6.10547],[29.7143,-6.10477],[29.71351,-6.10424],[29.7133,-6.10342],[29.7133,-6.10283],[29.71393,-6.10195],[29.71471,-6.10116],[29.71591,-6.09982],[29.71659,-6.09829],[29.717,-6.09655],[29.71707,-6.09506],[29.71624,-6.09412],[29.71459,-6.09294],[29.71375,-6.09221],[29.71314,-6.09119],[29.71307,-6.0906],[29.71344,-6.08982],[29.71409,-6.08898],[29.71451,-6.08803],[29.71442,-6.0872],[29.71448,-6.08645],[29.71472,-6.08565],[29.71475,-6.08435],[29.71476,-6.08347],[29.71498,-6.08233],[29.71515,-6.08086],[29.71543,-6.07952],[29.71574,-6.07779],[29.71589,-6.07707],[29.71676,-6.07497],[29.71755,-6.0745],[29.71804,-6.07392],[29.71831,-6.0729],[29.71822,-6.07178],[29.71728,-6.07131],[29.7166,-6.07058],[29.71657,-6.06981],[29.71667,-6.0688],[29.71717,-6.06812],[29.71744,-6.06769],[29.71712,-6.06727],[29.7171,-6.06653],[29.71707,-6.06564],[29.71696,-6.06423],[29.71713,-6.06367],[29.71737,-6.06309],[29.7174,-6.06258],[29.71713,-6.06234],[29.71691,-6.06159],[29.71699,-6.06093],[29.71729,-6.0607],[29.71766,-6.06048],[29.71766,-6.06021],[29.71733,-6.05999],[29.71709,-6.05957],[29.71725,-6.05908],[29.71759,-6.05884],[29.71785,-6.05868],[29.71782,-6.05813],[29.718,-6.0572],[29.7184,-6.05675],[29.71872,-6.05601],[29.71898,-6.05497],[29.71905,-6.05405],[29.71895,-6.05271],[29.71874,-6.05143],[29.71902,-6.04967],[29.71887,-6.04812],[29.71827,-6.04678],[29.71821,-6.04532],[29.71868,-6.04398],[29.71866,-6.04324],[29.7183,-6.04282],[29.71858,-6.04221],[29.71869,-6.04162],[29.71826,-6.04122],[29.71788,-6.04081],[29.71811,-6.04031],[29.71804,-6.03984],[29.71777,-6.03914],[29.71792,-6.03833],[29.7184,-6.03793],[29.71879,-6.03768],[29.71916,-6.03768],[29.71939,-6.03759],[29.71982,-6.03747],[29.72012,-6.03739],[29.72043,-6.03721],[29.72075,-6.0369],[29.72345,-6.03552],[29.7507,-6.03562],[29.75106,-6.01856],[29.76741,-6.01868],[29.80629,-6.03531],[29.83394,-6.03501],[29.88385,-6.01653],[29.90106,-6.00616],[29.91814,-6.01848],[29.91825,-6.02524],[29.95622,-6.01743],[29.97512,-6.01111],[30.00062,-6.00235],[30.00091,-6.00231],[30.00215,-6.00292],[30.00261,-6.00309],[30.00323,-6.00381],[30.00346,-6.00494],[30.00324,-6.00586],[30.00294,-6.00643],[30.00287,-6.00719],[30.00334,-6.00795],[30.00369,-6.00845],[30.00439,-6.00878],[30.00469,-6.00895],[30.00558,-6.00943],[30.00629,-6.01022],[30.00673,-6.01115],[30.00727,-6.01182],[30.00753,-6.01277],[30.00748,-6.01371],[30.00732,-6.01426],[30.00749,-6.01515],[30.00817,-6.01587],[30.00852,-6.01683],[30.00826,-6.01777],[30.00827,-6.01891],[30.00911,-6.02003],[30.0096,-6.02038],[30.00973,-6.02073],[30.00973,-6.02136],[30.00956,-6.02182],[30.00942,-6.0221],[30.00961,-6.02436],[30.01052,-6.02516],[30.0108,-6.02558],[30.01047,-6.02612],[30.00973,-6.02656],[30.00888,-6.02709],[30.00792,-6.02777],[30.00746,-6.029],[30.00697,-6.03065],[30.0071,-6.03156],[30.00735,-6.03226],[30.00785,-6.03271],[30.00865,-6.03298],[30.00929,-6.03337],[30.00975,-6.0339],[30.01056,-6.03521],[30.01108,-6.0364],[30.01178,-6.03713],[30.01247,-6.03765],[30.01308,-6.03786],[30.01325,-6.0382],[30.01309,-6.03886],[30.01327,-6.03945],[30.01389,-6.0404],[30.01481,-6.04055],[30.01522,-6.04089],[30.01523,-6.0414],[30.01563,-6.04224],[30.01628,-6.04248],[30.01694,-6.04223],[30.01726,-6.04232],[30.01752,-6.04273],[30.01726,-6.04326],[30.01687,-6.04396],[30.0168,-6.04465],[30.01705,-6.04531],[30.01765,-6.046],[30.0186,-6.04637],[30.01946,-6.04592],[30.02027,-6.04575],[30.02094,-6.04599],[30.02149,-6.04644],[30.02176,-6.04706],[30.02184,-6.0477],[30.02233,-6.04839],[30.02295,-6.04918],[30.0241,-6.04944],[30.02506,-6.04964],[30.02587,-6.05001],[30.02633,-6.05054],[30.02701,-6.05077],[30.02773,-6.05123],[30.02793,-6.05176],[30.02812,-6.05233],[30.02844,-6.05325],[30.02906,-6.05401],[30.02974,-6.05481],[30.03,-6.05604],[30.03003,-6.05745],[30.02994,-6.05867],[30.03004,-6.05983],[30.03029,-6.06067],[30.03057,-6.06158],[30.0311,-6.06219],[30.03192,-6.06237],[30.03284,-6.06322],[30.03396,-6.06407],[30.0348,-6.06488],[30.0353,-6.0662],[30.03549,-6.06731],[30.03586,-6.0689],[30.0357,-6.07013],[30.03473,-6.07326],[30.03428,-6.07446],[30.03436,-6.0749],[30.03474,-6.07523],[30.03492,-6.07531],[30.03592,-6.07555],[30.03697,-6.0759],[30.03794,-6.07672],[30.03856,-6.07779],[30.0391,-6.07927],[30.03912,-6.08031],[30.0389,-6.0815],[30.03911,-6.08275],[30.03977,-6.08381],[30.04026,-6.0845],[30.04017,-6.08485],[30.03981,-6.08523],[30.03942,-6.08544],[30.03908,-6.08575],[30.03863,-6.08634],[30.03844,-6.08704],[30.03852,-6.08798],[30.03859,-6.08871],[30.03838,-6.08933],[30.03795,-6.08986],[30.03765,-6.09007],[30.03742,-6.09025],[30.03724,-6.09064],[30.03701,-6.09096],[30.03656,-6.09127],[30.03609,-6.09185],[30.03528,-6.09245],[30.03421,-6.09312],[30.03354,-6.09359],[30.03258,-6.09447],[30.03117,-6.09533],[30.0304,-6.09576],[30.03001,-6.09624],[30.02988,-6.09681],[30.0299,-6.09746],[30.02996,-6.09786],[30.03042,-6.09864],[30.03059,-6.09884],[30.0309,-6.09934],[30.0367,-6.11855],[30.06215,-6.19874],[30.07317,-6.23423],[30.07903,-6.25227],[30.1091,-6.25227],[30.11646,-6.36965],[30.0006,-6.40839],[29.91998,-6.4357],[29.91949,-6.43583],[29.91921,-6.43609],[29.91903,-6.4373],[29.91832,-6.43827],[29.91708,-6.43974],[29.91586,-6.44111],[29.9151,-6.4423],[29.91451,-6.4432],[29.91367,-6.44375],[29.91295,-6.44429],[29.91216,-6.44486],[29.91144,-6.44566],[29.91113,-6.44641],[29.91082,-6.44691],[29.91049,-6.44739],[29.90975,-6.44765],[29.90889,-6.44777],[29.90771,-6.44812],[29.90665,-6.44864],[29.90552,-6.44935],[29.9043,-6.45064],[29.90293,-6.45214],[29.90138,-6.4535],[29.89989,-6.45479],[29.89902,-6.45577],[29.89832,-6.45632],[29.898,-6.45651],[29.8979,-6.45648],[29.89773,-6.45626],[29.89767,-6.45577],[29.8976,-6.45486],[29.89747,-6.45438],[29.89723,-6.45398],[29.89687,-6.4537],[29.89588,-6.45344],[29.89516,-6.45346],[29.89451,-6.45367],[29.89406,-6.454],[29.89326,-6.45458],[29.89279,-6.45481],[29.89181,-6.45459],[29.88875,-6.45346],[29.88725,-6.45241],[29.88574,-6.45168],[29.88442,-6.45076],[29.88364,-6.45047],[29.88294,-6.4502],[29.88233,-6.44994],[29.88176,-6.44954],[29.88135,-6.44914],[29.88107,-6.44869],[29.88091,-6.44826],[29.88091,-6.44771],[29.88115,-6.44718],[29.88139,-6.44663],[29.88158,-6.44607],[29.88157,-6.44581],[29.88148,-6.44559],[29.88089,-6.44519],[29.87995,-6.44503],[29.87907,-6.44509],[29.87869,-6.44517],[29.87845,-6.44507],[29.87832,-6.44465],[29.87843,-6.44388],[29.87854,-6.44316],[29.87847,-6.44247],[29.87831,-6.44184],[29.87818,-6.44155],[29.87804,-6.44135],[29.87778,-6.44109],[29.87757,-6.44096],[29.87733,-6.4409],[29.877,-6.44102],[29.87664,-6.44178],[29.8763,-6.44271],[29.87603,-6.44314],[29.87567,-6.44318],[29.87461,-6.44279],[29.87385,-6.44259],[29.87294,-6.4428],[29.872,-6.4428],[29.87112,-6.44251],[29.86966,-6.4416],[29.86752,-6.43994],[29.86659,-6.43863],[29.8661,-6.43834],[29.86478,-6.43736],[29.86431,-6.4361],[29.86389,-6.43572],[29.86296,-6.43522],[29.86282,-6.43477],[29.86273,-6.43433],[29.86267,-6.4339],[29.86252,-6.43355],[29.86224,-6.43328],[29.86183,-6.43318],[29.86114,-6.43373],[29.86086,-6.43445],[29.86068,-6.43502],[29.86027,-6.43503],[29.85929,-6.4342],[29.85853,-6.43306],[29.85794,-6.43193],[29.85786,-6.43128],[29.85777,-6.43092],[29.85745,-6.43066],[29.85697,-6.43049],[29.85614,-6.43053],[29.85509,-6.43025],[29.84876,-6.4225],[29.84875,-6.42204],[29.84842,-6.42168],[29.84818,-6.42118],[29.84817,-6.4209],[29.84832,-6.42067],[29.84846,-6.4207],[29.84883,-6.42081],[29.8494,-6.42078],[29.84951,-6.4206],[29.84943,-6.42034],[29.84878,-6.42021],[29.84763,-6.42005],[29.8463,-6.41926],[29.84563,-6.41816],[29.84546,-6.41738],[29.84578,-6.41685],[29.84615,-6.41652],[29.84661,-6.4161],[29.84688,-6.41561],[29.84693,-6.41513],[29.84646,-6.41483],[29.84558,-6.4149],[29.84496,-6.41484],[29.84414,-6.41436],[29.84359,-6.41382],[29.84331,-6.4135],[29.84325,-6.41319],[29.84331,-6.41286],[29.84338,-6.41255],[29.84318,-6.41227],[29.84291,-6.41214],[29.8421,-6.41239],[29.84151,-6.41259],[29.84068,-6.41217],[29.83917,-6.41121],[29.83739,-6.40991],[29.83685,-6.40903],[29.83665,-6.40828],[29.83653,-6.40769],[29.83616,-6.40717],[29.83525,-6.40706],[29.8347,-6.40697],[29.83399,-6.40618],[29.8334,-6.40507],[29.83283,-6.40389],[29.83214,-6.40292],[29.8313,-6.40175],[29.83054,-6.40098],[29.8299,-6.40052],[29.82968,-6.40013],[29.82966,-6.39982],[29.82977,-6.39923],[29.83,-6.39882],[29.83012,-6.39842],[29.82998,-6.39803],[29.82961,-6.3979],[29.82908,-6.3981],[29.82838,-6.39841],[29.82769,-6.39808],[29.82664,-6.39657],[29.82555,-6.39564],[29.82462,-6.39461],[29.82374,-6.39362],[29.82311,-6.39287],[29.82272,-6.39217],[29.82241,-6.39152],[29.82201,-6.3891],[29.82185,-6.3875],[29.82137,-6.38598],[29.82104,-6.38493],[29.82056,-6.38409],[29.82019,-6.38331],[29.81986,-6.38284],[29.81937,-6.38254],[29.81885,-6.38252],[29.81757,-6.38214],[29.81648,-6.38117],[29.81547,-6.37992],[29.81459,-6.37878],[29.81343,-6.3776],[29.81185,-6.37681],[29.81005,-6.37615],[29.80856,-6.37553],[29.80767,-6.37492],[29.80688,-6.37399],[29.806,-6.3729],[29.80543,-6.37185],[29.80478,-6.37077],[29.8039,-6.36936],[29.80321,-6.36845],[29.80281,-6.36719],[29.8027,-6.36593],[29.80223,-6.36487],[29.80122,-6.36334],[29.80071,-6.36226],[29.79897,-6.36066],[29.79846,-6.35944],[29.79832,-6.35836],[29.79816,-6.35774],[29.79796,-6.35722],[29.7974,-6.35672],[29.79656,-6.35647],[29.79598,-6.35608],[29.79569,-6.35503],[29.79569,-6.35422],[29.79538,-6.35339],[29.79473,-6.35276],[29.794,-6.35238],[29.79361,-6.35231],[29.79291,-6.35243],[29.79195,-6.35199],[29.79118,-6.35092],[29.79071,-6.34985],[29.78925,-6.3469],[29.78882,-6.34519],[29.7876,-6.34415],[29.78601,-6.34219],[29.7851,-6.34097],[29.78386,-6.33961],[29.78243,-6.33778],[29.78151,-6.33668],[29.78122,-6.33587],[29.78069,-6.33456],[29.78073,-6.33319],[29.78047,-6.33224],[29.77973,-6.33146],[29.77817,-6.33072],[29.77635,-6.32947],[29.77564,-6.32848],[29.77477,-6.32726],[29.77368,-6.32633],[29.77293,-6.32563],[29.77153,-6.32471],[29.7709,-6.324],[29.77086,-6.32323],[29.77063,-6.32224],[29.77028,-6.32122],[29.76978,-6.32054],[29.76849,-6.32],[29.76657,-6.31673],[29.76575,-6.31522],[29.76515,-6.31419],[29.76426,-6.31284],[29.76283,-6.31124],[29.76253,-6.31066],[29.76228,-6.31037],[29.76206,-6.30974],[29.76174,-6.3087],[29.7612,-6.30817],[29.76058,-6.30789],[29.75913,-6.30723],[29.75849,-6.30691],[29.75807,-6.30673],[29.75745,-6.30608],[29.75703,-6.30537],[29.75667,-6.30418],[29.75605,-6.30271],[29.75525,-6.30153],[29.75479,-6.30101],[29.75437,-6.30084],[29.75374,-6.30058],[29.75298,-6.30019],[29.75249,-6.29949],[29.75208,-6.29853],[29.75102,-6.29695],[29.74959,-6.29561],[29.74836,-6.29457],[29.74759,-6.29309],[29.74698,-6.2917],[29.74685,-6.29097],[29.74654,-6.28996],[29.74538,-6.28878],[29.74423,-6.28785],[29.74299,-6.28746],[29.74209,-6.28709],[29.74106,-6.28646],[29.74039,-6.28613],[29.73975,-6.28556],[29.73938,-6.28492],[29.73934,-6.28431],[29.73951,-6.28391],[29.73969,-6.28362],[29.73981,-6.2832],[29.73983,-6.28261],[29.73937,-6.28226],[29.73847,-6.28237],[29.73761,-6.28254],[29.73675,-6.28263],[29.73498,-6.28213],[29.7343,-6.28132],[29.73299,-6.27993],[29.73268,-6.27935],[29.73254,-6.27866],[29.73204,-6.27789],[29.73126,-6.27745],[29.73061,-6.27665],[29.73,-6.27537],[29.72993,-6.27434],[29.72991,-6.27341],[29.72982,-6.27201],[29.72948,-6.27102],[29.729,-6.27042],[29.72836,-6.27033],[29.72721,-6.27063],[29.72632,-6.2709],[29.72521,-6.27078],[29.72439,-6.26987],[29.72436,-6.26872],[29.72463,-6.26755],[29.72374,-6.26432],[29.72296,-6.26407],[29.72174,-6.2639],[29.7214,-6.26368],[29.72087,-6.2628],[29.72091,-6.26171],[29.72151,-6.26085],[29.72235,-6.25993],[29.72318,-6.25883],[29.72398,-6.25757],[29.72441,-6.25678],[29.72462,-6.2562],[29.72487,-6.25568],[29.72507,-6.25508],[29.72516,-6.2547],[29.72501,-6.25443],[29.72465,-6.25429],[29.72389,-6.25459],[29.72306,-6.25532],[29.72229,-6.25603],[29.72123,-6.25672],[29.72038,-6.257],[29.71938,-6.25729],[29.71844,-6.25727],[29.71742,-6.257],[29.71733,-6.25695],[29.71733,-6.25224]]]]}},{"type":"Feature","properties":{"name":"Maziwe Island","area_type":"National Park","iucn_cat":"II"},"geometry":{"type":"MultiPolygon","coordinates":[[[[39.07813,-5.51094],[39.07633,-5.51174],[39.07232,-5.51154],[39.07142,-5.51084],[39.07061,-5.50944],[39.06981,-5.50824],[39.06971,-5.50613],[39.06971,-5.50393],[39.07011,-5.50062],[39.07081,-5.49891],[39.07152,-5.49661],[39.07222,-5.49471],[39.07402,-5.4921],[39.07663,-5.4915],[39.07893,-5.4916],[39.07943,-5.492],[39.08204,-5.49471],[39.08344,-5.49922],[39.08324,-5.50162],[39.08134,-5.50683],[39.07963,-5.50884],[39.07813,-5.51094]]]]}},{"type":"Feature","properties":{"name":"Udzungwa Mountains National Park","area_type":"National Park","iucn_cat":"II"},"geometry":{"type":"MultiPolygon","coordinates":[[[[36.33769,-8.06294],[36.34904,-8.04344],[36.35897,-8.02673],[36.37313,-8.00585],[36.37604,-7.98909],[36.38596,-7.97238],[36.39719,-7.97105],[36.42244,-7.96981],[36.4295,-7.96286],[36.45482,-7.95044],[36.46606,-7.94631],[36.46332,-7.93651],[36.45637,-7.92668],[36.43955,-7.92518],[36.43681,-7.91397],[36.46497,-7.89597],[36.48048,-7.88208],[36.50297,-7.87243],[36.50864,-7.86268],[36.54517,-7.85031],[36.54117,-7.81393],[36.54266,-7.79856],[36.53857,-7.78036],[36.53729,-7.75798],[36.54297,-7.74683],[36.54308,-7.72725],[36.55156,-7.71472],[36.53897,-7.71045],[36.52362,-7.69918],[36.52926,-7.69222],[36.55312,-7.68816],[36.55876,-7.6812],[36.55886,-7.66442],[36.55476,-7.64622],[36.54651,-7.61821],[36.55501,-7.60148],[36.55085,-7.59446],[36.5467,-7.58465],[36.53696,-7.57201],[36.53564,-7.55802],[36.53429,-7.54963],[36.5343,-7.54683],[36.57521,-7.49812],[36.57799,-7.50093],[36.59327,-7.52479],[36.61149,-7.52489],[36.63535,-7.51803],[36.66188,-7.53355],[36.6702,-7.55037],[36.68553,-7.56724],[36.70511,-7.57433],[36.72054,-7.57162],[36.74714,-7.57735],[36.75835,-7.57601],[36.78212,-7.58732],[36.79057,-7.58037],[36.79475,-7.58458],[36.79047,-7.59855],[36.7748,-7.64741],[36.79442,-7.64891],[36.83647,-7.64912],[36.83788,-7.64773],[36.84914,-7.638],[36.86597,-7.63808],[36.87434,-7.64512],[36.8898,-7.6368],[36.90098,-7.64525],[36.92763,-7.64118],[36.94579,-7.65525],[36.97378,-7.66518],[36.94838,-7.70002],[36.92157,-7.73346],[36.92151,-7.74604],[36.91302,-7.76279],[36.89039,-7.80183],[36.89116,-7.82773],[36.88512,-7.84927],[36.88954,-7.86081],[36.86754,-7.88283],[36.86464,-7.8996],[36.86449,-7.92897],[36.80132,-7.93843],[36.79294,-7.93139],[36.78173,-7.92994],[36.77475,-7.9243],[36.76772,-7.92567],[36.75926,-7.93401],[36.75219,-7.94516],[36.56534,-7.99584],[36.43326,-8.03419],[36.3672,-8.05474],[36.33769,-8.06294]]]]}},{"type":"Feature","properties":{"name":"Chumbe Island Coral Park (CHICOP)","area_type":"National Park","iucn_cat":"II"},"geometry":{"type":"MultiPolygon","coordinates":[[[[39.17637,-6.26872],[39.17641,-6.27147],[39.17638,-6.27143],[39.17542,-6.27198],[39.17514,-6.2724],[39.17486,-6.27337],[39.175,-6.27489],[39.17528,-6.27668],[39.17486,-6.27765],[39.17486,-6.27862],[39.17583,-6.27959],[39.17597,-6.28083],[39.17749,-6.28194],[39.17776,-6.28277],[39.1786,-6.28317],[39.17976,-6.28562],[39.17907,-6.28585],[39.17813,-6.28585],[39.17767,-6.28573],[39.17641,-6.28512],[39.17602,-6.28484],[39.17542,-6.28412],[39.17519,-6.28362],[39.17422,-6.28291],[39.17362,-6.28219],[39.17342,-6.28176],[39.17324,-6.28083],[39.17251,-6.27998],[39.17219,-6.27909],[39.17219,-6.27718],[39.17248,-6.27632],[39.1723,-6.27514],[39.17215,-6.27337],[39.17219,-6.27289],[39.17253,-6.27165],[39.17315,-6.27048],[39.17367,-6.2699],[39.17407,-6.26962],[39.17546,-6.26888],[39.17637,-6.26872]]]]}},{"type":"Feature","properties":{"name":"Kanga","area_type":"Wilderness Area","iucn_cat":"Ib"},"geometry":{"type":"MultiPolygon","coordinates":[[[[37.71436,-5.904],[37.72952,-5.9223],[37.73969,-5.96798],[37.74554,-5.96842],[37.75127,-5.9817],[37.7507,-5.9828],[37.74951,-5.98579],[37.74883,-5.98693],[37.74666,-5.98953],[37.74438,-5.9928],[37.74398,-5.99383],[37.74329,-5.9951],[37.74129,-5.99768],[37.73998,-5.99959],[37.73867,-6.00114],[37.73616,-6.00395],[37.73393,-6.00631],[37.73193,-6.00861],[37.73035,-6.00984],[37.72976,-6.01046],[37.72862,-6.01214],[37.72748,-6.01359],[37.72559,-6.01446],[37.72284,-6.01557],[37.72078,-6.01617],[37.71929,-6.0167],[37.71659,-6.01723],[37.71281,-6.01813],[37.70702,-6.01875],[37.70484,-6.01923],[37.70271,-6.01953],[37.70117,-6.02001],[37.69916,-6.02031],[37.69719,-6.01797],[37.69341,-6.01495],[37.68926,-6.01197],[37.68845,-6.01162],[37.68812,-6.01074],[37.68337,-5.98882],[37.6884,-5.98421],[37.68688,-5.97745],[37.68629,-5.97378],[37.68531,-5.96959],[37.68169,-5.96881],[37.68103,-5.96353],[37.679,-5.95763],[37.67766,-5.95189],[37.67742,-5.95006],[37.67765,-5.94714],[37.67764,-5.94576],[37.677,-5.94433],[37.67625,-5.94215],[37.67624,-5.94014],[37.67641,-5.93808],[37.67646,-5.93641],[37.67586,-5.93194],[37.68325,-5.92773],[37.68612,-5.91453],[37.68756,-5.91424],[37.69395,-5.90653],[37.69418,-5.90636],[37.69687,-5.90486],[37.69876,-5.90479],[37.69991,-5.90485],[37.70066,-5.90553],[37.70193,-5.90645],[37.70365,-5.90718],[37.70503,-5.90822],[37.71436,-5.904]]]]}},{"type":"Feature","properties":{"name":"Mufindi Scarp","area_type":"Wilderness Area","iucn_cat":"Ib"},"geometry":{"type":"MultiPolygon","coordinates":[[[[35.41751,-8.56846],[35.42184,-8.56963],[35.42774,-8.56948],[35.43299,-8.57077],[35.43858,-8.57389],[35.44012,-8.57643],[35.44016,-8.58044],[35.43882,-8.58313],[35.43805,-8.58531],[35.43884,-8.58876],[35.44207,-8.59073],[35.44814,-8.59081],[35.45398,-8.58905],[35.45884,-8.58718],[35.46226,-8.58599],[35.4655,-8.58519],[35.46872,-8.58779],[35.47334,-8.58844],[35.47704,-8.58766],[35.4805,-8.58997],[35.48024,-8.59352],[35.47694,-8.59644],[35.4738,-8.59981],[35.47366,-8.60406],[35.47566,-8.60826],[35.47803,-8.60924],[35.4834,-8.60961],[35.49114,-8.60941],[35.49872,-8.60806],[35.50253,-8.60733],[35.50716,-8.60655],[35.513,-8.6056],[35.5156,-8.60567],[35.51767,-8.60796],[35.52473,-8.60627],[35.52445,-8.60415],[35.52735,-8.60106],[35.5371,-8.60414],[35.54789,-8.60643],[35.55609,-8.60738],[35.56579,-8.6081],[35.57446,-8.60894],[35.57805,-8.60591],[35.58043,-8.60425],[35.5835,-8.60214],[35.5872,-8.60158],[35.58991,-8.60337],[35.59128,-8.60608],[35.59254,-8.60723],[35.59658,-8.60805],[35.59837,-8.60983],[35.60009,-8.6115],[35.60333,-8.61112],[35.60673,-8.61348],[35.60775,-8.61733],[35.60594,-8.62094],[35.60426,-8.62335],[35.60279,-8.62661],[35.60179,-8.63149],[35.60044,-8.63624],[35.60008,-8.63888],[35.59954,-8.64324],[35.59974,-8.64921],[35.59973,-8.65249],[35.60017,-8.65662],[35.59983,-8.65657],[35.59417,-8.65597],[35.59053,-8.65532],[35.58788,-8.65347],[35.58516,-8.65329],[35.58043,-8.65299],[35.57547,-8.65067],[35.5738,-8.64998],[35.56999,-8.64893],[35.56584,-8.6469],[35.56278,-8.64644],[35.55926,-8.64453],[35.55511,-8.64307],[35.55106,-8.64346],[35.54852,-8.64379],[35.54517,-8.64338],[35.54396,-8.64188],[35.54299,-8.6405],[35.54126,-8.6405],[35.53842,-8.64118],[35.53571,-8.64076],[35.53467,-8.63955],[35.53288,-8.6392],[35.52849,-8.63906],[35.52444,-8.63974],[35.51018,-8.63807],[35.48426,-8.63361],[35.46301,-8.6306],[35.46076,-8.6299],[35.46089,-8.62709],[35.45646,-8.62425],[35.44878,-8.62313],[35.44329,-8.62293],[35.43901,-8.62309],[35.43463,-8.62209],[35.43276,-8.62186],[35.43248,-8.62206],[35.43085,-8.62321],[35.42987,-8.62401],[35.42854,-8.62447],[35.42768,-8.62465],[35.42675,-8.62476],[35.42525,-8.625],[35.42439,-8.62494],[35.42352,-8.62459],[35.42294,-8.62454],[35.42191,-8.6242],[35.42122,-8.62402],[35.42035,-8.62368],[35.41993,-8.62357],[35.41931,-8.62339],[35.41856,-8.62376],[35.41727,-8.62394],[35.41648,-8.62449],[35.41533,-8.62477],[35.41417,-8.62506],[35.41307,-8.62519],[35.4118,-8.6257],[35.40816,-8.62593],[35.40571,-8.62629],[35.40392,-8.62672],[35.40234,-8.6271],[35.40089,-8.62726],[35.40002,-8.62737],[35.39881,-8.62754],[35.39736,-8.628],[35.39644,-8.62818],[35.39508,-8.62888],[35.39361,-8.62887],[35.39165,-8.62916],[35.38918,-8.62957],[35.38887,-8.62962],[35.38628,-8.62991],[35.37975,-8.62974],[35.37739,-8.62935],[35.37566,-8.62912],[35.37294,-8.62952],[35.36844,-8.63015],[35.36717,-8.63027],[35.36486,-8.63067],[35.36341,-8.63102],[35.36047,-8.63194],[35.35798,-8.63263],[35.3555,-8.63332],[35.35371,-8.63395],[35.35088,-8.63465],[35.34972,-8.63516],[35.34805,-8.63557],[35.34579,-8.63614],[35.34429,-8.63648],[35.34285,-8.63683],[35.34111,-8.63746],[35.33996,-8.63787],[35.33886,-8.63821],[35.33788,-8.63856],[35.33649,-8.63885],[35.33516,-8.63931],[35.33406,-8.63959],[35.33285,-8.64022],[35.33141,-8.64074],[35.33031,-8.6412],[35.32909,-8.64195],[35.32811,-8.64252],[35.32701,-8.64321],[35.32643,-8.6435],[35.3236,-8.64442],[35.32169,-8.64522],[35.31932,-8.64557],[35.3184,-8.64597],[35.31707,-8.6462],[35.31609,-8.64666],[35.31505,-8.64689],[35.31355,-8.647],[35.31239,-8.64724],[35.31129,-8.64752],[35.31002,-8.64805],[35.30811,-8.64845],[35.30592,-8.64907],[35.30413,-8.64942],[35.30309,-8.64982],[35.3017,-8.65035],[35.29974,-8.65075],[35.29806,-8.65109],[35.29696,-8.65138],[35.29639,-8.65166],[35.29569,-8.65213],[35.29528,-8.65236],[35.29453,-8.65287],[35.29413,-8.65322],[35.29343,-8.65379],[35.29251,-8.65431],[35.29141,-8.655],[35.29054,-8.65568],[35.28979,-8.65632],[35.28875,-8.65735],[35.28793,-8.65816],[35.28608,-8.6597],[35.28504,-8.6608],[35.2844,-8.66125],[35.28388,-8.662],[35.28353,-8.66263],[35.28272,-8.66361],[35.28225,-8.66424],[35.28191,-8.66481],[35.28179,-8.6651],[35.28162,-8.66556],[35.28109,-8.66648],[35.28057,-8.66722],[35.27999,-8.66797],[35.279,-8.66917],[35.27848,-8.66986],[35.27825,-8.67026],[35.27779,-8.67084],[35.27726,-8.67153],[35.27686,-8.67222],[35.27639,-8.67296],[35.27599,-8.67377],[35.27529,-8.67446],[35.27477,-8.67508],[35.27419,-8.67572],[35.27338,-8.67635],[35.27269,-8.67675],[35.27164,-8.6771],[35.27106,-8.67738],[35.27031,-8.67784],[35.26974,-8.67802],[35.26916,-8.67842],[35.26817,-8.67916],[35.26765,-8.67956],[35.26702,-8.67991],[35.26644,-8.68026],[35.26574,-8.68094],[35.26511,-8.68146],[35.26447,-8.68203],[35.2636,-8.68272],[35.26186,-8.68399],[35.26094,-8.68468],[35.25984,-8.68554],[35.25874,-8.68629],[35.2574,-8.68726],[35.25677,-8.68789],[35.25567,-8.68869],[35.25468,-8.68961],[35.25277,-8.69076],[35.25196,-8.69139],[35.25051,-8.69277],[35.24907,-8.69352],[35.24809,-8.69381],[35.24687,-8.69439],[35.24525,-8.69501],[35.24375,-8.69622],[35.24236,-8.69759],[35.24137,-8.6976],[35.23981,-8.69823],[35.23744,-8.69915],[35.23606,-8.69949],[35.23432,-8.70018],[35.23299,-8.70081],[35.23195,-8.70139],[35.23033,-8.70208],[35.22918,-8.70253],[35.22704,-8.70374],[35.22605,-8.70426],[35.22495,-8.70449],[35.22363,-8.70501],[35.22264,-8.70564],[35.2216,-8.70627],[35.22015,-8.70713],[35.21899,-8.70759],[35.2179,-8.708],[35.21663,-8.70846],[35.21454,-8.7092],[35.2124,-8.71023],[35.21067,-8.71092],[35.20934,-8.71144],[35.20795,-8.71196],[35.20668,-8.71254],[35.20575,-8.71293],[35.20448,-8.71345],[35.20327,-8.71397],[35.20228,-8.71454],[35.20159,-8.71494],[35.20084,-8.7154],[35.1995,-8.71581],[35.19783,-8.71621],[35.1965,-8.71644],[35.195,-8.71667],[35.19344,-8.71667],[35.19309,-8.71661],[35.19101,-8.71707],[35.18997,-8.71724],[35.18911,-8.7177],[35.18784,-8.71788],[35.18714,-8.71787],[35.18645,-8.71771],[35.18564,-8.71742],[35.18495,-8.71731],[35.18368,-8.7176],[35.18281,-8.71788],[35.182,-8.71762],[35.18182,-8.71743],[35.18114,-8.71754],[35.18021,-8.71765],[35.17935,-8.71788],[35.17762,-8.71806],[35.17669,-8.71817],[35.17554,-8.71817],[35.1745,-8.71834],[35.17317,-8.71857],[35.17189,-8.71892],[35.1708,-8.71949],[35.16999,-8.71983],[35.16941,-8.72001],[35.16872,-8.71995],[35.16791,-8.71967],[35.16647,-8.71972],[35.16571,-8.71983],[35.16496,-8.71937],[35.16393,-8.71938],[35.16254,-8.71943],[35.16138,-8.71944],[35.16035,-8.71927],[35.15948,-8.71904],[35.15833,-8.71886],[35.1559,-8.71852],[35.1544,-8.71869],[35.15284,-8.71892],[35.15209,-8.71915],[35.15105,-8.7195],[35.14995,-8.71955],[35.1488,-8.71956],[35.14793,-8.71972],[35.14718,-8.72002],[35.14654,-8.72008],[35.14539,-8.72042],[35.14452,-8.72087],[35.14429,-8.72105],[35.14383,-8.72122],[35.14255,-8.72163],[35.14186,-8.72203],[35.14128,-8.72231],[35.14047,-8.72283],[35.13977,-8.72323],[35.13896,-8.72381],[35.1381,-8.72444],[35.13705,-8.72501],[35.13601,-8.72542],[35.13497,-8.72587],[35.13387,-8.72616],[35.13295,-8.7265],[35.13191,-8.7269],[35.13092,-8.72713],[35.13034,-8.72725],[35.13,-8.72754],[35.12971,-8.72765],[35.12925,-8.72771],[35.12803,-8.728],[35.12717,-8.72817],[35.12671,-8.72822],[35.12613,-8.72852],[35.12561,-8.72857],[35.12497,-8.72863],[35.12428,-8.72874],[35.12358,-8.72868],[35.123,-8.7288],[35.12249,-8.72914],[35.1212,-8.72842],[35.11632,-8.73023],[35.11149,-8.71912],[35.10948,-8.71487],[35.11084,-8.71017],[35.11075,-8.70609],[35.1099,-8.70247],[35.11033,-8.6988],[35.11311,-8.69755],[35.11727,-8.69808],[35.12061,-8.69971],[35.12309,-8.70236],[35.12329,-8.70604],[35.12372,-8.71155],[35.12418,-8.71242],[35.12504,-8.71306],[35.12614,-8.71311],[35.12782,-8.71255],[35.13033,-8.70947],[35.13189,-8.70878],[35.13339,-8.70862],[35.13559,-8.70863],[35.13889,-8.70778],[35.13988,-8.70653],[35.14001,-8.70446],[35.13927,-8.70124],[35.13859,-8.70026],[35.13825,-8.69854],[35.14035,-8.69475],[35.14227,-8.69304],[35.14257,-8.69109],[35.14252,-8.68937],[35.14288,-8.68811],[35.14375,-8.68708],[35.14508,-8.68646],[35.1474,-8.68663],[35.149,-8.68854],[35.15043,-8.69107],[35.15157,-8.69366],[35.15364,-8.69614],[35.15549,-8.69644],[35.15804,-8.69576],[35.15942,-8.69594],[35.16195,-8.69779],[35.16351,-8.69819],[35.16669,-8.69792],[35.16792,-8.69672],[35.17184,-8.69669],[35.1749,-8.69808],[35.18048,-8.70207],[35.18302,-8.70334],[35.18591,-8.70451],[35.18943,-8.70464],[35.1925,-8.70305],[35.19361,-8.7011],[35.19519,-8.69835],[35.20097,-8.69769],[35.20629,-8.69714],[35.20901,-8.69641],[35.21208,-8.69521],[35.21457,-8.69425],[35.21631,-8.69345],[35.21904,-8.69226],[35.2178,-8.69656],[35.21941,-8.69738],[35.22191,-8.69578],[35.2298,-8.69059],[35.23288,-8.68814],[35.23508,-8.68654],[35.23676,-8.68517],[35.2377,-8.68334],[35.23887,-8.6807],[35.23969,-8.6795],[35.24119,-8.67922],[35.24292,-8.67951],[35.24384,-8.68084],[35.24406,-8.68251],[35.2448,-8.68378],[35.24729,-8.68373],[35.24961,-8.68225],[35.25084,-8.67984],[35.2516,-8.67835],[35.25386,-8.67761],[35.25728,-8.67499],[35.25896,-8.67322],[35.26147,-8.6703],[35.2631,-8.66847],[35.26612,-8.66562],[35.26885,-8.66282],[35.27065,-8.66173],[35.27262,-8.66019],[35.27367,-8.65853],[35.27432,-8.6552],[35.2788,-8.65092],[35.28102,-8.64605],[35.28271,-8.64318],[35.28666,-8.64108],[35.29279,-8.63944],[35.29713,-8.63745],[35.30161,-8.63328],[35.30416,-8.63129],[35.31348,-8.62868],[35.32487,-8.62759],[35.33429,-8.62642],[35.34014,-8.62525],[35.34441,-8.62538],[35.3476,-8.62419],[35.3487,-8.62293],[35.34697,-8.62183],[35.34641,-8.62017],[35.34745,-8.61897],[35.35277,-8.6187],[35.35689,-8.61574],[35.35778,-8.61149],[35.35994,-8.6069],[35.3614,-8.6045],[35.36355,-8.60118],[35.3638,-8.59717],[35.36337,-8.59147],[35.36241,-8.58854],[35.3601,-8.58727],[35.3578,-8.58628],[35.35428,-8.58478],[35.35475,-8.58381],[35.35816,-8.58364],[35.36289,-8.58406],[35.36924,-8.5849],[35.37566,-8.58384],[35.38202,-8.58318],[35.38701,-8.57964],[35.3917,-8.57788],[35.40038,-8.57614],[35.40703,-8.5733],[35.41149,-8.57176],[35.41508,-8.56914],[35.41751,-8.56846]]]]}},{"type":"Feature","properties":{"name":"Kileo East","area_type":"Natural Monument","iucn_cat":"III"},"geometry":{"type":"MultiPolygon","coordinates":[[[[37.6016,-3.48039],[37.6013,-3.48262],[37.60113,-3.48492],[37.59752,-3.48675],[37.59466,-3.48801],[37.59426,-3.4883],[37.59408,-3.49134],[37.59385,-3.49209],[37.59316,-3.49306],[37.59224,-3.49398],[37.59156,-3.49432],[37.59087,-3.49277],[37.59064,-3.49185],[37.59019,-3.49099],[37.58471,-3.48713],[37.58478,-3.48317],[37.58936,-3.47996],[37.59164,-3.48026],[37.5925,-3.48026],[37.59348,-3.48066],[37.59702,-3.48073],[37.60115,-3.47751],[37.6016,-3.48039]]]]}},{"type":"Feature","properties":{"name":"Koko Hill","area_type":"Wilderness Area","iucn_cat":"Ib"},"geometry":{"type":"MultiPolygon","coordinates":[[[[37.7264,-4.07968],[37.7247,-4.08611],[37.72172,-4.08525],[37.72026,-4.08448],[37.71994,-4.08339],[37.71889,-4.08169],[37.71845,-4.08149],[37.71791,-4.08139],[37.71665,-4.08137],[37.71752,-4.0763],[37.71869,-4.07589],[37.71979,-4.07516],[37.72061,-4.07396],[37.72126,-4.07271],[37.72178,-4.07206],[37.72316,-4.07257],[37.72332,-4.07274],[37.72311,-4.0751],[37.72458,-4.07632],[37.72654,-4.07917],[37.7264,-4.07968]]]]}},{"type":"Feature","properties":{"name":"Mamboya","area_type":"Wilderness Area","iucn_cat":"Ib"},"geometry":{"type":"MultiPolygon","coordinates":[[[[37.1084,-6.24116],[37.10823,-6.24346],[37.10727,-6.24579],[37.10763,-6.24653],[37.11069,-6.24891],[37.10946,-6.2501],[37.10799,-6.25105],[37.1051,-6.25258],[37.10414,-6.25323],[37.10282,-6.25557],[37.10186,-6.25623],[37.10112,-6.25619],[37.10023,-6.25564],[37.09958,-6.25468],[37.09861,-6.25287],[37.09813,-6.25231],[37.0968,-6.25218],[37.09559,-6.25192],[37.09556,-6.25094],[37.09644,-6.24759],[37.0905,-6.24086],[37.09286,-6.24073],[37.09667,-6.24143],[37.09853,-6.24207],[37.09963,-6.24227],[37.10763,-6.23492],[37.10768,-6.23802],[37.10802,-6.23978],[37.1084,-6.24116]]]]}},{"type":"Feature","properties":{"name":"Ikwamba","area_type":"Wilderness Area","iucn_cat":"Ib"},"geometry":{"type":"MultiPolygon","coordinates":[[[[36.95866,-6.32813],[36.95938,-6.32896],[36.96195,-6.32838],[36.97396,-6.33201],[36.97604,-6.3385],[36.98088,-6.33888],[36.97654,-6.34429],[36.97103,-6.34675],[36.96141,-6.3527],[36.95959,-6.35333],[36.95205,-6.35648],[36.95101,-6.35719],[36.94649,-6.36226],[36.94613,-6.36158],[36.94543,-6.36148],[36.94473,-6.36093],[36.94194,-6.36003],[36.94269,-6.35788],[36.94368,-6.3563],[36.94367,-6.3517],[36.94275,-6.34984],[36.94223,-6.34778],[36.9417,-6.3471],[36.94019,-6.34674],[36.94575,-6.34176],[36.94643,-6.34134],[36.94672,-6.33937],[36.94679,-6.33788],[36.94887,-6.33794],[36.95052,-6.33525],[36.95215,-6.33187],[36.95396,-6.32872],[36.95433,-6.32773],[36.95828,-6.32692],[36.95866,-6.32813]]]]}},{"type":"Feature","properties":{"name":"Mlinga","area_type":"Wilderness Area","iucn_cat":"Ib"},"geometry":{"type":"MultiPolygon","coordinates":[[[[38.76053,-5.05262],[38.76082,-5.05659],[38.76117,-5.05746],[38.76116,-5.05905],[38.76105,-5.05971],[38.76177,-5.06072],[38.76327,-5.06203],[38.76481,-5.06595],[38.76147,-5.06431],[38.76131,-5.06542],[38.7609,-5.06626],[38.76081,-5.06766],[38.76023,-5.06752],[38.75988,-5.06771],[38.75776,-5.0711],[38.75813,-5.07111],[38.75452,-5.07574],[38.75249,-5.07678],[38.74954,-5.08078],[38.74807,-5.08142],[38.74631,-5.0825],[38.74594,-5.08235],[38.74406,-5.08267],[38.74344,-5.08286],[38.74123,-5.08016],[38.74221,-5.07872],[38.74224,-5.07823],[38.74213,-5.07669],[38.73852,-5.07253],[38.73721,-5.07311],[38.73132,-5.07113],[38.73212,-5.07111],[38.73061,-5.0676],[38.7302,-5.06744],[38.73024,-5.06709],[38.7261,-5.05706],[38.74235,-5.05639],[38.74278,-5.05586],[38.74354,-5.05549],[38.74461,-5.05435],[38.74576,-5.05434],[38.74628,-5.05452],[38.74594,-5.05614],[38.74958,-5.05582],[38.75003,-5.05304],[38.7541,-5.04969],[38.7562,-5.04914],[38.75673,-5.04933],[38.75802,-5.05043],[38.76062,-5.05055],[38.75967,-5.05184],[38.76044,-5.05191],[38.76053,-5.05262]]]]}}]}